repeat_idx,seed,signal_idx,true_gamma,true_wr,true_fr,true_zeta,estimated_gamma,estimated_wr,estimated_fr,estimated_zeta,relerr_gamma,relerr_wr,relerr_zeta,signal_loss,elapsed_seconds_repeat
19,19,0,0.40519992589887405,1295.585863081623,206.19889430941984,0.35477399757965644,0.4056793396855644,1300.4594206503928,206.97454508693244,0.3542558762714029,0.0011831536879649163,0.0037616631268094078,0.0014604263891611277,0.04437256154475861,1286.6288719177246
19,19,1,0.3291702554698531,966.9583046990601,153.89619395661452,0.44363705157441546,0.32950438772791135,969.2393712647595,154.25923697606723,0.44310296959852535,0.0010150742738929816,0.0023590123323975884,0.0012038714394902697,0.020622911409259783,1286.6288719177246
19,19,2,0.48128373775308664,1088.809952743402,173.2894860667654,0.3623330835647641,0.4806829055866098,1092.4310746843073,173.865805523199,0.36297355508844903,0.0012483949058446544,0.0033257612421538473,0.001767631918630542,0.32205710518351127,1286.6288719177246
19,19,3,0.5098497929011105,1296.764112189744,206.3864184791709,0.3873041951412322,0.4988692559380715,1036.3339785781102,164.93767538479662,0.4226904291693737,0.021536807734212,0.20083076880641454,0.0913654808599162,7.248988239446174,1286.6288719177246
19,19,4,0.4029451391096638,1128.6224650380918,179.62584419537214,0.44272261308145117,0.40394378841397455,1131.6788783745212,180.1122874859969,0.44078527030370085,0.0024783753602719933,0.002708091882901011,0.004375974301981021,0.13031782838837502,1286.6288719177246
19,19,5,0.4473448656255074,1032.338504440949,164.3017759258716,0.3883796174890434,0.4418710935650362,1011.7451291160484,161.02423844796698,0.4066778471755496,0.012236134761080658,0.01994827785296331,0.047114289376996965,1.908022010651224,1286.6288719177246
19,19,6,0.4528049689360259,1291.310329802683,205.51842205372265,0.30959136440617585,0.4518984774411651,1297.4587609491439,206.49697526294204,0.31198445959888144,0.002001946880112187,0.004761389268372292,0.007729851242122847,0.2082639815708222,1286.6288719177246
19,19,7,0.3354148161778755,1207.8240265058237,192.23116420355825,0.3919394706919911,0.3357414059668904,1209.9297620411296,192.56630242284646,0.392198758636132,0.0009736892148547837,0.001743412524585829,0.0006615509881746323,0.11180477836794313,1286.6288719177246
19,19,8,0.4804793332369278,1089.180168579688,173.3484077471212,0.392372402947115,0.4809592180903293,1092.6233420527915,173.89640582528853,0.3912273095093694,0.000998762735888304,0.003161252446960667,0.0029183842419721402,0.2720768689380884,1286.6288719177246
19,19,9,0.5178308767260454,997.8458074550695,158.81209269999795,0.4294029103296135,0.5218057931177653,999.3459760423892,159.05085194614105,0.4230924944091006,0.00767608995595443,0.0015034072159363279,0.014695792153967869,0.28543153594429965,1286.6288719177246
