sample_idx,segment_start_s,segment_end_s,window_start_s,window_end_s,audio_rms,audio_max_abs,estimated_gamma,signal_loss
0,4.65,10.07,7.334959063916476,7.3850409360835245,0.027500755592508787,0.11195981124946974,0.3262429957310425,48.24231259688838
1,18.31,24.07,21.164959063916474,21.215040936083522,0.042983632446238096,0.16718740592714887,0.35041751380019737,46.93615806157895
2,32.21,38.07,35.11495906391648,35.16504093608352,0.06380462749159561,0.24681128463054675,0.37429993240656223,45.17174051574305
3,46.19,52.09,49.11495906391648,49.16504093608352,0.08670844639342348,0.33194702496895423,0.3983538732927534,45.41065228608654
4,60.19,66.09,63.11495906391648,63.16504093608352,0.10390666945476722,0.3884983310872074,0.42274066839689667,44.0851673712289
5,74.15,80.09,77.09495906391648,77.14504093608353,0.11773666183589436,0.4550448135013494,0.44693623834012547,45.565136973630764
6,116.11,122.09,119.07495906391647,119.12504093608352,0.13641599509165328,0.5397189709395844,0.47121925073837306,44.83828864756801
7,88.15,94.09,91.09495906391648,91.14504093608353,0.13732057471865633,0.5194620689655322,0.4964453691757648,44.72846957789563
8,102.13,108.09,105.08495906391647,105.13504093608353,0.13950693052964097,0.52803311952099,0.52135082688931,44.599629585287644
