geometry,Nx,dt,nsteps,N_snapshot,setup_time_s,first_call_time_s,execution_mean_s,execution_median_s,execution_std_s,execution_min_s,execution_max_s,time_per_step_mean_s,time_per_step_median_s,time_per_step_min_s,time_per_step_max_s
const,50,5.814160143371198e-06,34399,10000,1.1397953620034968,1.704942491996917,1.4457540551957209,1.4287069069978315,0.025340599583612154,1.4248459270020248,1.4895325169927673,4.202895593464115e-05,4.15333848948467e-05,4.1421143841449604e-05,4.330162263416865e-05
const,100,2.907080071685599e-06,68798,10000,0.6139090899960138,3.0120342479931423,2.973871943197446,2.9500350389862433,0.06993936215568469,2.8967131469980814,3.072683965001488,4.322613946913349e-05,4.287966276615953e-05,4.2104612735807455e-05,4.4662402468116634e-05
const,150,1.9380533811237328e-06,103197,10000,0.6533870690036565,4.038999472002615,3.8953778764000164,3.886086622995208,0.07830453174925113,3.7670954180066474,3.9861503680003807,3.774700695175263e-05,3.7656972809240653e-05,3.650392373815758e-05,3.862661092861596e-05
const,200,1.4535400358427995e-06,137596,10000,0.7175113550038077,6.0914981800015084,5.7954175912047505,5.845747077008127,0.1947682543757877,5.436917056009406,6.004717610005173,4.2119084793197116e-05,4.248486203819971e-05,3.951362725667466e-05,4.3640204729826254e-05
const,300,9.690266905618664e-07,206393,10000,0.8100901119905757,9.122897544002626,9.093124221198376,9.192980969994096,0.21280342581632525,8.76224915900093,9.306130391996703,4.4057328597376734e-05,4.454114708344806e-05,4.245419737588451e-05,4.50893702402538e-05
const,400,7.267700179213997e-07,275191,10000,0.9122695739933988,12.738140938003198,13.069352525199065,13.08077564999985,0.20881300148676415,12.69696477999969,13.304967089992715,4.7491932967281145e-05,4.7533442772473844e-05,4.6138735569112684e-05,4.834811854309449e-05
const,500,5.814160143371198e-07,343988,10000,0.9067150640039472,16.831795101010357,17.090969928799314,17.02995999000268,0.19385473615896362,16.883609142998466,17.415992517999257,4.968478530878785e-05,4.9507424648542044e-05,4.908197129841293e-05,5.062965137737147e-05
const,600,4.845133452809332e-07,412786,10000,1.0190199289936572,22.14062235900201,21.99914578459866,22.021131888002856,0.09571384121824786,21.838128652001615,22.099186024002847,5.329431178528017e-05,5.3347574501080114e-05,5.29042376727932e-05,5.353666554583452e-05
const,700,4.1529715309794275e-07,481583,10000,1.0852452449908014,26.846523647996946,26.619068202594644,26.639814519992797,0.08732023448475355,26.489046396993217,26.745862589988974,5.527410270419563e-05,5.5317182126430533e-05,5.500411434164665e-05,5.5537389380416196e-05
exp,50,5.814160143371198e-06,34399,10000,0.36540784701355733,1.340959617999033,1.4858357989985962,1.4771553999889875,0.045509483843093175,1.4133490280073602,1.5385686079971492,4.31941567777725e-05,4.294181226166422e-05,4.1086921945619355e-05,4.472713183514489e-05
exp,100,2.907080071685599e-06,68798,10000,0.32311811900581233,2.8504154999973252,3.055610180803342,3.0583326930063777,0.047255721350118546,3.007636875001481,3.1356107679894194,4.441422978579816e-05,4.445380233446289e-05,4.371692309371611e-05,4.557706282143986e-05
exp,150,1.9380533811237328e-06,103197,10000,0.37867856900265906,4.062080796007649,3.8489306389936244,3.869605155996396,0.08385097402044571,3.699789793987293,3.9353013189975172,3.729692373803138e-05,3.749726402895817e-05,3.585171849944565e-05,3.813387326179557e-05
exp,200,1.4535400358427995e-06,137596,10000,0.4117713930027094,5.689256785000907,5.94930750260246,5.9246279090002645,0.14484418833432322,5.774780783991446,6.135821271003806,4.3237503289357685e-05,4.30581405636811e-05,4.196910363667146e-05,4.459302066196551e-05
exp,300,9.690266905618664e-07,206393,10000,0.5121688450017245,9.492726037002285,9.057310969399987,9.031295607011998,0.09015924609248264,8.92696068699297,9.169198552001035,4.388380889565047e-05,4.375776119835459e-05,4.325224541042075e-05,4.442591828211729e-05
exp,400,7.267700179213997e-07,275191,10000,0.5310802119929576,12.887994994001929,12.656166620808653,12.774360028008232,0.3419161663573839,12.248852151009487,13.140262709013768,4.5990481595723165e-05,4.6419977499294064e-05,4.451036607668669e-05,4.774960921328738e-05
exp,500,5.814160143371198e-07,343988,10000,0.6370733890071278,16.382138373999624,17.185204718000023,17.195093854010338,0.7487727593032779,16.211390800992376,18.482573461005813,4.995873320580957e-05,4.9987481697066e-05,4.712778004172348e-05,5.373028553614025e-05
exp,600,4.845133452809332e-07,412786,10000,0.6743994190037483,21.880831426009536,22.2963322873984,22.012811217995477,0.3971937660148347,21.947990868997294,22.95166584699473,5.401426474589351e-05,5.332741715560963e-05,5.317038579069371e-05,5.56018514363247e-05
exp,700,4.1529715309794275e-07,481583,10000,0.7847461899946211,26.94815119499981,27.304738888997235,27.31200198100123,0.14412552111269164,27.06853160299943,27.475819195999065,5.669788777634849e-05,5.6712969479822236e-05,5.6207406829143526e-05,5.7053133511770694e-05
