time,p_openwind,p_dg
0.000000000000000000e+00,0.000000000000000000e+00,0.000000000000000000e+00
4.011770498926126765e-04,0.000000000000000000e+00,7.738994013819936080e-67
8.009005597493824846e-04,0.000000000000000000e+00,-9.885198662232018965e-35
1.202077609641995269e-03,1.092500952200802135e-43,-1.118766882652663363e-14
1.603254659534607838e-03,1.674689550355110929e-05,1.693625503714682576e-05
2.004431709427220622e-03,6.818702563204354192e-05,6.837012821495160638e-05
2.404155219283990539e-03,1.171754341636080214e-04,1.173475874834730017e-04
2.805332269176603107e-03,1.627759233022845213e-04,1.629334486874353845e-04
3.206509319069215675e-03,2.041096615411099307e-04,2.042511767908488263e-04
3.607686368961828243e-03,2.410651626590523482e-04,2.411910897333576821e-04
4.007409878818597726e-03,2.737916158203601547e-04,2.739032788886185078e-04
4.408586928711211161e-03,3.038716713963665540e-04,3.040980884155393090e-04
4.809763978603823729e-03,3.553410182364191141e-04,3.555033641211489915e-04
5.210941028496436297e-03,3.935810100724166402e-04,3.936947531725611452e-04
5.610664538353206214e-03,4.193701805048183589e-04,4.194432535576972745e-04
6.011841588245818782e-03,4.348164991633048527e-04,4.348541566550265507e-04
6.413018638138431350e-03,4.406696323046608113e-04,4.406725879177765537e-04
6.814195688031043918e-03,4.366399617623083077e-04,4.366057144661910283e-04
7.213919197887813835e-03,4.220254616881655889e-04,4.219518451547923953e-04
7.615096247780426403e-03,3.963822162690295681e-04,3.962682247989493338e-04
8.016273297673039838e-03,3.600163191070833175e-04,3.598670240496019252e-04
8.417450347565651539e-03,3.147838586208383943e-04,3.146051518748507769e-04
8.817173857422422323e-03,2.623067950600112817e-04,2.621036279190563445e-04
9.218350907315034024e-03,2.037219988607274709e-04,2.035009130032335760e-04
9.619527957207647459e-03,1.413533575631716575e-04,1.411234865551214124e-04
1.002070500710025916e-02,7.791348118856177203e-05,7.768534030390582203e-05
1.042042851695702994e-02,1.647200810823591581e-05,1.625576377022773999e-05
1.082160556684964164e-02,-4.065280126060500147e-05,-4.084813912457836628e-05
1.122278261674225508e-02,-9.113185971847179276e-05,-9.129896740490231228e-05
1.162395966663486678e-02,-1.328483331906144210e-04,-1.329796225451549958e-04
1.202368317649163756e-02,-1.638030695116190528e-04,-1.638930121602386882e-04
1.242486022638424926e-02,-1.829889980558628939e-04,-1.830345883870275188e-04
1.282603727627686270e-02,-1.898073278252843956e-04,-1.898082726986725314e-04
1.322576078613363175e-02,-1.844720460987524246e-04,-1.844298212306311928e-04
1.362693783602624518e-02,-1.676832340675522197e-04,-1.676020673456129855e-04
1.402811488591885689e-02,-1.406319807110492648e-04,-1.405168605365943559e-04
1.442929193581147032e-02,-1.052320905168859091e-04,-1.050916503525352400e-04
1.482901544566824110e-02,-6.427615569959342873e-05,-6.412068801227643953e-05
1.523019249556085281e-02,-2.038163422098429026e-05,-2.022189676823060177e-05
1.563136954545346624e-02,2.327951344644933353e-05,2.343239408811246654e-05
1.603254659534607968e-02,6.363114408461030579e-05,6.376621735187311163e-05
1.643227010520284873e-02,9.757110405188545305e-05,9.767782104971785848e-05
1.683344715509546216e-02,1.226759459564186520e-04,1.227454358828140597e-04
1.723462420498807213e-02,1.366957484270866271e-04,1.367222421131010078e-04
1.763580125488068556e-02,1.383745541761177830e-04,1.383549611206615841e-04
1.803552476473745461e-02,1.272202005304744871e-04,1.271541344563910175e-04
1.843670181463006805e-02,1.033481983708697935e-04,1.032379415701935321e-04
1.883787886452268148e-02,6.785221351758417450e-05,6.770353570100715284e-05
1.923905591441529492e-02,2.271977371521299594e-05,2.254148589957901888e-05
1.963877942427206397e-02,-2.908087195799027418e-05,-2.927713088397087841e-05
2.003995647416467740e-02,-8.449958203376779916e-05,-8.470084656487310596e-05
2.044113352405728737e-02,-1.395845942956290900e-04,-1.397765835610748813e-04
2.084231057394990080e-02,-1.902736689975567598e-04,-1.904414834388805226e-04
2.124203408380666985e-02,-2.323727675452165161e-04,-2.325025073851409187e-04
2.164321113369928329e-02,-2.583928113706499496e-04,-2.584287170222468065e-04
2.204438818359189672e-02,-2.579176736263318298e-04,-2.578709427097094988e-04
2.244556523348451016e-02,-2.361566695564901197e-04,-2.360393842501254597e-04
2.284528874334127921e-02,-1.968664227845520732e-04,-1.966928191389496431e-04
2.324646579323389264e-02,-1.436211159511185248e-04,-1.434055310240048113e-04
2.364764284312650608e-02,-8.053698597965565766e-05,-8.029421559195321252e-05
2.404736635298327513e-02,-1.186338208381837540e-05,-1.160778219239143833e-05
2.444854340287588856e-02,5.843513853855413534e-05,5.866679378949645856e-05
2.484972045276849853e-02,1.209523085604911940e-04,1.211684340300272264e-04
2.525089750266111197e-02,1.790396461603048462e-04,1.792373997298639333e-04
2.565062101251788101e-02,2.307484368460447645e-04,2.309168541681334234e-04
2.605179806241049445e-02,2.726084507194562537e-04,2.727312717669956414e-04
2.645297511230310789e-02,2.998193392958002201e-04,2.998803164207468992e-04
2.685415216219572132e-02,3.082423822047874258e-04,3.082287763893240507e-04
2.725387567205249037e-02,2.951197695155834068e-04,2.950209580444502003e-04
2.765505272194510381e-02,2.620490773243717704e-04,2.618836830649393273e-04
2.805622977183771377e-02,2.064017356874630889e-04,2.061553883076659092e-04
2.845740682173032721e-02,1.304361810109041782e-04,1.301282513117171216e-04
2.885713033158709626e-02,4.087407348160158351e-05,4.053170756747572954e-05
2.925830738147970969e-02,-5.528801082219658995e-05,-5.563657643969401983e-05
2.965948443137232313e-02,-1.501053031765768749e-04,-1.504334589427726483e-04
3.006066148126493656e-02,-2.365941562061660221e-04,-2.368785225690007577e-04
3.046038499112170561e-02,-3.094999658547746579e-04,-3.097271753590924654e-04
3.086156204101431905e-02,-3.630540220184005277e-04,-3.631953425654982338e-04
3.126273909090693248e-02,-3.921576396229248490e-04,-3.922075889816360262e-04
3.166391614079954592e-02,-3.957830684506378192e-04,-3.957405328296750239e-04
3.206363965065631150e-02,-3.738652380568494331e-04,-3.737311311211634910e-04
3.246481670054892493e-02,-3.266521963683624639e-04,-3.264296497207945145e-04
3.286599375044153837e-02,-2.556942814395302588e-04,-2.553920287088456411e-04
3.326717080033415180e-02,-1.639090561937092509e-04,-1.635361779400056265e-04
3.366689431019092432e-02,-5.686208750177503012e-05,-5.645565042071807205e-05
3.406807136008353082e-02,5.806216419848034759e-05,5.848218779439406272e-05
3.446924840997614425e-02,1.739091672993574777e-04,1.743161703774407420e-04
3.487042545986875769e-02,2.828007964965640600e-04,2.831644544037934842e-04
3.527014896972553021e-02,3.760983877020506426e-04,3.763899400654514577e-04
3.567132601961814364e-02,4.470591627980204292e-04,4.472551055026414263e-04
3.607250306951075708e-02,4.897252482964793967e-04,4.898107300060896771e-04
3.647222657936752266e-02,5.003572126223947278e-04,5.003254659012844894e-04
3.687340362926013609e-02,4.788516491654356807e-04,4.787013156519853404e-04
3.727458067915274953e-02,4.244856225135285174e-04,4.242194033919113850e-04
3.767575772904536296e-02,3.390138953428087245e-04,3.386437520042407962e-04
3.807548123890213548e-02,2.269380732133587846e-04,2.264832215398518184e-04
3.847665828879474198e-02,9.328758992167530083e-05,9.277243050921283153e-05
3.887783533868735542e-02,-5.404677585032281365e-05,-5.459143814674565046e-05
3.927901238857996885e-02,-2.056661773483485370e-04,-2.062046753471773034e-04
3.967873589843674137e-02,-3.510623585393770826e-04,-3.515545577321147397e-04
4.007991294832935480e-02,-4.793666058466316019e-04,-4.797691742273076099e-04
4.048108999822196824e-02,-5.787835391661531621e-04,-5.790606243938126434e-04
4.088226704811457474e-02,-6.402837739524735701e-04,-6.404086750978595305e-04
4.128199055797134726e-02,-6.576298918203793333e-04,-6.575877822813991141e-04
4.168316760786396069e-02,-6.280592411455230770e-04,-6.278473735633833056e-04
4.208434465775657413e-02,-5.524148560616265208e-04,-5.520461353345715045e-04
4.248552170764918756e-02,-4.351226091498384529e-04,-4.346190694420884394e-04
4.288524521750595314e-02,-2.849609592475738518e-04,-2.843611441757934390e-04
4.328642226739856658e-02,-1.114529942841644176e-04,-1.107966858949598212e-04
4.368759931729118001e-02,7.347176455916691465e-05,7.414191906011058863e-05
4.408877636718379345e-02,2.578628801314113606e-04,2.585036041065517172e-04
4.448849987704056597e-02,4.293140568350964467e-04,4.298847252551518932e-04
4.488967692693317940e-02,5.782029459947865112e-04,5.786683728009654011e-04
4.529085397682578590e-02,6.944448108116076405e-04,6.947721623152711091e-04
4.569203102671839933e-02,7.703004501045984708e-04,7.704695303916582992e-04
4.609175453657517185e-02,8.002164502201801173e-04,8.002106399284877880e-04
4.649293158646778529e-02,7.802569285624739873e-04,7.800654721312291111e-04
4.689410863636039872e-02,7.082270678524691613e-04,7.078489407553379591e-04
4.729383214621716430e-02,5.852839791603015865e-04,5.847290095634091788e-04
4.769500919610977774e-02,4.141887258002935226e-04,4.134776399912749672e-04
4.809618624600239117e-02,2.026251076494742470e-04,2.017941749885986298e-04
4.849736329589500461e-02,-3.765205235614347326e-05,-3.855234332512884441e-05
4.889708680575177713e-02,-2.899678782848638605e-04,-2.908714295076571428e-04
4.929826385564438362e-02,-5.367141680168240709e-04,-5.375464886690070263e-04
4.969944090553699706e-02,-7.561107316839826582e-04,-7.567983230800672976e-04
5.010061795542961049e-02,-9.285416325069919445e-04,-9.290210413305375519e-04
5.050034146528638301e-02,-1.037738983789518021e-03,-1.037965231919580613e-03
5.090151851517899645e-02,-1.073925841995451106e-03,-1.073874638277085318e-03
5.130269556507160988e-02,-1.032524178421507979e-03,-1.032195754027533628e-03
5.170387261496422332e-02,-9.157968286518416686e-04,-9.152141817321896499e-04
5.210359612482098890e-02,-7.328936485107680676e-04,-7.320998142884490049e-04
5.250477317471360234e-02,-4.954823189547746982e-04,-4.945315877283470952e-04
5.290595022460621577e-02,-2.202950509261984973e-04,-2.192510058583958051e-04
5.330712727449882921e-02,7.450004085029971379e-05,7.556929094321032745e-05
5.370685078435559479e-02,3.688101499731455705e-04,3.698359250828410038e-04
5.410802783424820822e-02,6.461298702591241564e-04,6.470486638015335995e-04
5.450920488414082166e-02,8.880807916071784295e-04,8.888350238160212411e-04
5.491038193403343509e-02,1.079932101317853223e-03,1.080476487960952379e-03
5.531010544389020761e-02,1.209785453491686808e-03,1.210086989672698584e-03
5.571128249378282105e-02,1.270212135469576042e-03,1.270247515833544238e-03
5.611245954367542754e-02,1.255142744072135176e-03,1.254899216144279199e-03
5.651363659356804098e-02,1.161416839126775628e-03,1.160888925184823612e-03
5.691336010342481350e-02,9.885549419771464535e-04,9.877457422364241749e-04
5.731453715331742693e-02,7.366296455701868643e-04,7.355536066170694116e-04
5.771571420321004037e-02,4.122956973494215573e-04,4.109909411310083238e-04
5.811689125310265380e-02,2.961887547271430229e-05,2.815799448946617499e-05
5.851661476295941938e-02,-3.855953124572328002e-04,-3.871033669671316191e-04
5.891779181285203282e-02,-8.028829534120263990e-04,-8.043040415080718710e-04
5.931896886274464625e-02,-1.182162185637564405e-03,-1.183356921045771327e-03
5.971869237260141877e-02,-1.485039590031693056e-03,-1.485887914915560385e-03
6.011986942249403221e-02,-1.683324505968618497e-03,-1.683740155809761553e-03
6.052104647238663870e-02,-1.756366423838023145e-03,-1.756309100679894711e-03
6.092222352227925214e-02,-1.697577717859736959e-03,-1.697054601646993434e-03
6.132194703213602466e-02,-1.513865472738949421e-03,-1.512926659186848927e-03
6.172312408202863809e-02,-1.220238372253622033e-03,-1.218960895403484700e-03
6.212430113192125153e-02,-8.406068738492878875e-04,-8.390870309933125964e-04
6.252547818181386496e-02,-4.024399318455810994e-04,-4.007823042119327975e-04
6.292520169167063748e-02,6.312316159438286574e-05,6.481075380368446850e-05
6.332637874156324398e-02,5.295460057223191994e-04,5.311574584238250340e-04
6.372755579145585048e-02,9.659560078358074347e-04,9.673923690301109097e-04
6.412873284134847085e-02,1.346021249884601489e-03,1.347198667484950096e-03
6.452845635120524337e-02,1.647332067584958079e-03,1.648188617263165144e-03
6.492963340109784987e-02,1.856777853178220340e-03,1.857272627545869309e-03
6.533081045099047024e-02,1.964126019544892247e-03,1.964240685834633352e-03
6.573198750088307674e-02,1.965420064913691884e-03,1.965149011960037363e-03
6.613171101073984925e-02,1.858997027492895584e-03,1.858333810664142792e-03
6.653288806063245575e-02,1.639322479240934612e-03,1.638242877768199312e-03
6.693406511052507613e-02,1.297418504615479012e-03,1.295889589090468185e-03
6.733524216041768262e-02,8.248161167768814847e-04,8.228310453784234545e-04
6.773496567027445514e-02,2.293241279958030724e-04,2.269588041627565445e-04
6.813614272016706164e-02,-4.601370369495043854e-04,-4.626952034028637261e-04
6.853731977005968201e-02,-1.177788895363104330e-03,-1.180262697685152771e-03
6.893849681995228851e-02,-1.842823165931988362e-03,-1.844919435835588309e-03
6.933822032980906103e-02,-2.376478015674160331e-03,-2.377959769324320630e-03
6.973939737970168140e-02,-2.724641034830474311e-03,-2.725354700570501495e-03
7.014057442959428790e-02,-2.852106811769087799e-03,-2.851997018454873693e-03
7.054175147948690827e-02,-2.752345926583095632e-03,-2.751451950447802303e-03
7.094147498934366691e-02,-2.445597069476730234e-03,-2.444041886614240888e-03
7.134265203923628729e-02,-1.967664523336931561e-03,-1.965612306914141499e-03
7.174382908912889378e-02,-1.365565576103962937e-03,-1.363185583351242576e-03
7.214355259898566630e-02,-6.865084418744351073e-04,-6.839531112738812249e-04
7.254472964887827280e-02,3.302196393270904448e-05,3.560647013161237571e-05
7.294590669877089317e-02,7.480841747075233934e-04,7.505418348888641747e-04
7.334708374866349967e-02,1.414000964196096555e-03,1.416176749913434412e-03
7.374680725852027219e-02,1.987277598435064924e-03,1.989043404295333124e-03
7.414798430841289256e-02,2.439556343620127854e-03,2.440819967232548716e-03
7.454916135830549906e-02,2.747449942588275559e-03,2.748164264207379488e-03
7.495033840819810556e-02,2.903318992239989176e-03,2.903490991794904341e-03
7.535006191805487807e-02,2.915381752940446412e-03,2.915073385167418155e-03
7.575123896794749845e-02,2.802345971960046225e-03,2.801623723294377998e-03
7.615241601784010494e-02,2.574441195945819261e-03,2.573289066306432872e-03
7.655359306773272532e-02,2.206570011432692179e-03,2.204800684449355948e-03
7.695331657758948396e-02,1.628128064657974891e-03,1.625433115486849813e-03
7.735449362748210433e-02,7.570405513697594764e-04,7.532773149543020097e-04
7.775567067737471083e-02,-3.908605784403984258e-04,-3.953354150919247221e-04
7.815684772726733121e-02,-1.663264138138050930e-03,-1.667697492241991845e-03
7.855657123712410372e-02,-2.841595482488559234e-03,-2.845265145739848175e-03
7.895774828701671022e-02,-3.763707067318135691e-03,-3.766175552187487653e-03
7.935892533690931672e-02,-4.333000159151331916e-03,-4.334086980689568630e-03
7.976010238680193709e-02,-4.510545706341227180e-03,-4.510194225699469019e-03
8.015982589665870961e-02,-4.290556061521621188e-03,-4.288852380065650942e-03
8.056100294655131611e-02,-3.718931149315508281e-03,-3.716211049628215246e-03
8.096217999644393648e-02,-2.911590052101458055e-03,-2.908451035663361852e-03
8.136335704633654298e-02,-1.179188055319548489e-03,-1.179759248159530528e-03
8.176308055619331550e-02,-1.175541164258685429e-03,-1.175194834062133660e-03
8.216425760608592199e-02,-9.441867788452885718e-04,-9.427282582100814535e-04
8.256543465597854237e-02,1.320177799859213871e-03,1.323169624543469149e-03
8.296515816583531489e-02,2.160168260671619777e-03,2.162693913939421793e-03
8.336633521572792138e-02,2.868025882141662843e-03,2.870246132498937511e-03
8.376751226562052788e-02,3.415377227006789057e-03,3.416875169548034673e-03
8.416868931551314825e-02,3.339338244440648567e-03,3.344551479582747941e-03
8.456841282536992077e-02,4.220987342575662112e-03,4.221786456570683979e-03
8.496958987526252727e-02,4.049276182369682814e-03,4.047043291455122357e-03
8.537076692515514764e-02,3.237990061616652371e-03,3.238011116571791990e-03
8.577194397504775414e-02,3.176344558482893828e-03,3.176197070677662469e-03
8.617166748490452666e-02,3.126916003972505902e-03,3.126755398527753926e-03
8.657284453479713315e-02,3.033222891831245920e-03,3.031905356967596211e-03
8.697402158468975353e-02,2.096224624421778003e-03,2.092774228715807081e-03
8.737519863458236002e-02,2.016522287171774400e-04,1.921329319749737804e-04
8.777492214443913254e-02,-2.407333808065569535e-03,-2.415410368805414373e-03
8.817609919433173904e-02,-4.204435850285856771e-03,-4.208812917539602599e-03
8.857727624422435941e-02,-5.516386787969686754e-03,-5.520021259917657665e-03
8.897845329411696591e-02,-6.262123777817980678e-03,-6.263491365107514905e-03
8.937817680397373843e-02,-6.465524709949688718e-03,-6.465041341193619728e-03
8.977935385386635880e-02,-5.995209561093255667e-03,-5.994872380235852401e-03
9.018053090375896530e-02,-2.996913018106426001e-03,-3.007729133609203780e-03
9.058170795365157180e-02,-9.756286634461229946e-04,-9.745242875099261815e-04
9.098143146350834432e-02,-9.920798147833639197e-04,-9.940524659455937835e-04
9.138260851340096469e-02,-1.296901098309882847e-03,-1.296884399292962510e-03
9.178378556329357119e-02,-1.208521051655151888e-03,-1.207539247221365870e-03
9.218496261318619156e-02,-6.692548897550218163e-04,-6.663877705691541135e-04
9.258468612304295020e-02,3.687866627444902606e-03,3.688550428753798165e-03
9.298586317293557058e-02,3.787872483334659476e-03,3.782368802647901630e-03
9.338704022282817707e-02,3.251191608591544411e-03,3.258948528575280560e-03
9.378821727272079745e-02,5.103926708074257163e-03,5.108632954404468754e-03
9.418794078257756996e-02,5.638702582062095348e-03,5.636862727790756776e-03
9.458911783247017646e-02,4.585612880797348447e-03,4.579452710253509133e-03
9.499029488236278296e-02,2.009366814618470613e-03,1.995557486175787362e-03
9.539001839221955548e-02,2.849034993664460464e-03,2.952846355999721312e-03
9.579119544211217585e-02,4.107902192426811545e-03,4.107889148497819061e-03
9.619237249200478235e-02,3.206878392331565051e-03,3.205490467812262528e-03
9.659354954189740272e-02,2.623658337627908770e-03,2.624019253705517970e-03
9.699327305175416136e-02,1.653614912932434592e-03,1.619369458948134114e-03
9.739445010164678174e-02,-4.104195852117807457e-03,-4.114369881840841334e-03
9.779562715153938823e-02,-5.499857136797855518e-03,-5.499323592527668829e-03
9.819680420143200861e-02,-5.740644685000873340e-03,-5.762416254837373665e-03
9.859652771128876725e-02,-7.932184475787106004e-03,-7.928166516380117865e-03
9.899770476118138762e-02,-6.321058549344104119e-03,-6.320201027998822996e-03
9.939888181107399412e-02,-5.183610063754387140e-03,-5.180462409475335844e-03
9.980005886096661449e-02,-6.727716879491786595e-03,-6.729667077957941258e-03
1.001997823708233870e-01,1.796602349301281917e-03,1.799447621452610318e-03
1.006009594207159935e-01,8.209354980106904794e-04,8.121156945765557484e-04
1.010021364706086139e-01,-2.188183448367544276e-03,-2.194735205527593384e-03
1.014033135205012204e-01,9.417699834785971873e-05,8.557248629037733732e-05
1.018030370303579929e-01,-1.164978184371972874e-03,-1.150948041028062620e-03
1.022042140802505994e-01,2.456944095653283873e-03,2.459587979585943236e-03
1.026053911301432198e-01,3.996984313494917826e-03,4.000915729096020390e-03
1.030065681800358263e-01,1.948821872162706742e-03,1.957883012180027926e-03
1.034062916898925988e-01,5.139399624334861812e-03,5.149929644079498207e-03
1.038074687397852053e-01,6.650039379956789939e-03,6.649322381674351023e-03
1.042086457896778257e-01,4.893664104478938348e-03,4.890364386769792751e-03
1.046098228395704322e-01,2.202053470658715383e-03,2.183863783166713635e-03
1.050095463494272047e-01,3.597995907330774849e-03,3.597445863999554089e-03
1.054107233993198112e-01,3.843804231917863530e-03,3.842921130336913581e-03
1.058119004492124315e-01,2.654058350924851182e-03,2.650347727751507874e-03
1.062116239590692041e-01,1.617625528891233032e-03,1.617775720865239361e-03
1.066128010089618106e-01,-4.017706087918904590e-04,-4.400246393291207454e-04
1.070139780588544309e-01,-5.597092777930440244e-03,-5.603147176413931368e-03
1.074151551087470374e-01,-6.072653651717799424e-03,-6.067749284037053312e-03
1.078148786186038099e-01,-5.449623011275322483e-03,-5.425154500844713533e-03
1.082160556684964164e-01,-7.476903686377599743e-03,-7.473681203171701065e-03
1.086172327183890368e-01,-6.207698784841309339e-03,-6.182522490562282827e-03
1.090184097682816433e-01,-4.500491479538763426e-03,-4.497276099381143644e-03
1.094181332781384158e-01,-4.345255222309681205e-03,-4.250655367965972681e-03
1.098193103280310223e-01,2.341389399951183427e-03,2.334800513496550125e-03
1.102204873779236427e-01,2.355847550139656267e-04,2.254055566853355793e-04
1.106216644278162492e-01,-3.423360863912662186e-03,-3.408909085631532145e-03
1.110213879376730217e-01,-1.140821600244065640e-04,-1.175751325951566680e-04
1.114225649875656421e-01,-2.443155036001173311e-04,2.735247767955218735e-04
1.118237420374582486e-01,2.716995465022026789e-03,2.720717179066567664e-03
1.122249190873508551e-01,3.189492161958380236e-03,3.198275671991131566e-03
1.126246425972076276e-01,2.706976360405548114e-03,2.717230781830266926e-03
1.130258196471002480e-01,5.836141131750336754e-03,5.841946635484145979e-03
1.134269966969928545e-01,6.237570571202388781e-03,6.231825521268525604e-03
1.138281737468854748e-01,3.684946552659351150e-03,3.676929329727531958e-03
1.142278972567422335e-01,1.450382346654623036e-04,1.635915456315218026e-04
1.146290743066348539e-01,3.776215141080048552e-03,3.777710952185214018e-03
1.150302513565274604e-01,3.555839661232899906e-03,3.568039215556745476e-03
1.154314284064200807e-01,2.209819422139311807e-03,2.205468506226690700e-03
1.158311519162768533e-01,3.065502910489432010e-03,3.079027280725484764e-03
1.162323289661694597e-01,-3.851662702773056383e-03,-3.869957313350022837e-03
1.166335060160620662e-01,-5.800182680295406026e-03,-5.804820516721748321e-03
1.170346830659546866e-01,-5.084544266865147905e-03,-5.080011436016859498e-03
1.174344065758114591e-01,-7.649780329332186643e-03,-7.644837837617860302e-03
1.178355836257040656e-01,-6.885876173383398760e-03,-6.882017315733077525e-03
1.182367606755966860e-01,-5.486089179885097686e-03,-5.470507576709722833e-03
1.186364841854534447e-01,-4.449091178811293533e-03,-4.445154380255538634e-03
1.190376612353460650e-01,9.681115605761961545e-04,9.864489294666455889e-04
1.194388382852386715e-01,1.538973302457782247e-03,1.524378531009484925e-03
1.198400153351312919e-01,-1.144435707769191199e-03,-1.155223744335296667e-03
1.202397388449880644e-01,-4.152022558070236078e-04,-4.039027954487956818e-04
1.206409158948806709e-01,-6.795741858689191691e-04,-6.809027933362346444e-04
1.210420929447732774e-01,2.689275686363391555e-03,2.706917300964723286e-03
1.214432699946658978e-01,3.153509657695902600e-03,3.157477572085239104e-03
1.218429935045226703e-01,3.138783675178260981e-03,3.119121055636093695e-03
1.222441705544152768e-01,4.180926952583161396e-03,4.193704794685533879e-03
1.226453476043078972e-01,6.472182106866166892e-03,6.473446019888897708e-03
1.230465246542005037e-01,5.019788507945507558e-03,5.008678819178867016e-03
1.234462481640572762e-01,2.487744940883239008e-03,2.474062710940173448e-03
1.238474252139498827e-01,3.424410041730626894e-03,3.415631792304484743e-03
1.242486022638425031e-01,3.776435086825399162e-03,3.776039249039594634e-03
1.246497793137351096e-01,3.201270437776186379e-03,3.203243549147288989e-03
1.250495028235918682e-01,1.744393334512763308e-03,1.742902471637747469e-03
1.254506798734844886e-01,9.913327754019229422e-04,9.472002943777569099e-04
1.258518569233771089e-01,-5.458457968868470588e-03,-5.466524829991773610e-03
1.262530339732697293e-01,-5.969121518546232838e-03,-5.966528366835269215e-03
1.266527574831264880e-01,-5.231045729463193981e-03,-5.233684952788839745e-03
1.270539345330191083e-01,-7.467795776367578027e-03,-7.463434328552539035e-03
1.274551115829117010e-01,-6.330963760046024597e-03,-6.309840825671242902e-03
1.278562886328043213e-01,-4.612928079817564531e-03,-4.609789164370418739e-03
1.282560121426611077e-01,-4.706852435252605743e-03,-4.654651860137666054e-03
1.286571891925537003e-01,2.326320687032951140e-03,2.327317510346827486e-03
1.290583662424463207e-01,3.590890278667868305e-04,3.514346466595237497e-04
1.294580897523030794e-01,-2.788219073484329933e-03,-2.835093483964883261e-03
1.298592668021956997e-01,-1.695997757230198228e-04,-1.723442347670341298e-04
1.302604438520883201e-01,-7.500590900757864252e-04,-7.112778215773547189e-04
1.306616209019809405e-01,2.663015049006304570e-03,2.663933113492495189e-03
1.310613444118376991e-01,3.599923584132168515e-03,3.516361377042945009e-03
1.314625214617303195e-01,2.479634825231362937e-03,2.487445048565154089e-03
1.318636985116229121e-01,5.631447242047316580e-03,5.640474252827477192e-03
1.322648755615155325e-01,6.380779070661996705e-03,6.376949650456327501e-03
1.326645990713723189e-01,4.049398216096577324e-03,4.042592541990681736e-03
1.330657761212649115e-01,-1.865968859890117845e-05,-9.891582112003199196e-05
1.334669531711575319e-01,3.868145867347985451e-03,3.866096023791348521e-03
1.338681302210501523e-01,3.620692509782801050e-03,3.617458724926552426e-03
1.342678537309069109e-01,2.432465877273782672e-03,2.426752906778381885e-03
1.346690307807995313e-01,2.166541615506075921e-03,2.179350495405337450e-03
1.350702078306921516e-01,-3.023895942942363916e-03,-3.045697090396921707e-03
1.354713848805847443e-01,-5.796788572355206400e-03,-5.797931888475276949e-03
1.358711083904415307e-01,-5.418462393139990806e-03,-5.410213309386360803e-03
1.362722854403341233e-01,-7.659228531752394417e-03,-7.652983036372676059e-03
1.366734624902267436e-01,-7.036541845800873239e-03,-7.033042286219631095e-03
1.370746395401193640e-01,-5.755391812458739501e-03,-5.739400948827891660e-03
1.374743630499761227e-01,-4.351536976402559966e-03,-4.350726167294627009e-03
1.378755400998687430e-01,-3.817540867349491292e-05,-1.173413375667344802e-05
1.382767171497613634e-01,1.913107117041392899e-03,1.900618055064123586e-03
1.386778941996539560e-01,-7.453454082721609926e-04,-7.556613607397600317e-04
1.390776177095107424e-01,-1.529555417535741592e-03,-1.451121314710761669e-03
1.394787947594033628e-01,-5.893976332330978698e-04,-5.911637953803944865e-04
1.398799718092959554e-01,2.633556949007650680e-03,2.635845486225356360e-03
1.402811488591885758e-01,2.968383882233142229e-03,2.973598329282599925e-03
1.406808723690453344e-01,4.105416834209122540e-03,4.051250246613757357e-03
1.410820494189379548e-01,3.678763583970101267e-03,3.691853722127600920e-03
1.414832264688305752e-01,6.365398346684141874e-03,6.368105183227223097e-03
1.418829499786873338e-01,5.516966918581831143e-03,5.500056428428593512e-03
1.422841270285799542e-01,3.032169084578372441e-03,3.020028938826842344e-03
1.426853040784725746e-01,1.846835131107432649e-03,2.030292047668242998e-03
1.430864811283651672e-01,3.801682736922383163e-03,3.801600771882600836e-03
1.434862046382219536e-01,3.209492152698966740e-03,3.215145763357389434e-03
1.438873816881145740e-01,1.852430695231522921e-03,1.849915495224722277e-03
1.442885587380071666e-01,2.969319598194197513e-03,2.911769111243990831e-03
1.446897357878997870e-01,-5.085563297409131586e-03,-5.095174752458222524e-03
1.450894592977565456e-01,-5.998574827583581966e-03,-5.998118595741534428e-03
1.454906363476491660e-01,-4.413055660833670700e-03,-4.445228727518450718e-03
1.458918133975417863e-01,-7.577259072354477695e-03,-7.571996471281527800e-03
1.462929904474344067e-01,-6.532247458158027716e-03,-6.537590893679818757e-03
1.466927139572911654e-01,-4.806382416622233776e-03,-4.802541461447622749e-03
1.470938910071837857e-01,-3.248939504209292974e-03,-3.297752979667362572e-03
1.474950680570763784e-01,2.125211087376779537e-03,2.130631290316765004e-03
1.478962451069689987e-01,6.718892579421857896e-04,6.660324439200949066e-04
1.482959686168257851e-01,-2.161534943247664983e-03,-2.168286941784522935e-03
1.486971456667183777e-01,-6.991608394977670863e-05,-7.257712091726206314e-05
1.490983227166109981e-01,-7.472282446345040151e-04,-7.465829341574804030e-04
1.494994997665036185e-01,2.717586735427693703e-03,2.711226790794004672e-03
1.498992232763603771e-01,3.691950061976818041e-03,3.763664058493549312e-03
1.503004003262529975e-01,2.374089676513242795e-03,2.376917619001253125e-03
1.507015773761456179e-01,5.211628129639188541e-03,5.223514584783552593e-03
1.511027544260382105e-01,6.473162485525951228e-03,6.471473971925282599e-03
1.515024779358949969e-01,4.267354943640356071e-03,4.264659325943527014e-03
1.519036549857875895e-01,1.041565681745868681e-03,1.019166696817955936e-03
1.523048320356802099e-01,3.824021930606173215e-03,3.829541787531112913e-03
1.527060090855728303e-01,3.685276405764139653e-03,3.683881454829068900e-03
1.531057325954295889e-01,2.738508076077743238e-03,2.728685206051667707e-03
1.535069096453222093e-01,1.816442200997557500e-03,1.821504819636092336e-03
1.539080866952148297e-01,-1.981179975226725776e-03,-2.007440179080550394e-03
1.543078102050715883e-01,-5.754813906110268530e-03,-5.755075276295846566e-03
1.547089872549642087e-01,-5.691549635857499206e-03,-5.685242367635238298e-03
1.551101643048568290e-01,-7.287953800122781191e-03,-7.284508544813641552e-03
1.555113413547494217e-01,-7.180178389910299962e-03,-7.177218356270989238e-03
1.559110648646062081e-01,-5.924956833170482579e-03,-5.930690209865314977e-03
1.563122419144988007e-01,-4.376393473393291704e-03,-4.375356833402886149e-03
1.567134189643914211e-01,-1.512206006630233352e-03,-1.472246530750558925e-03
1.571145960142840414e-01,2.202239906069445100e-03,2.197281607514592599e-03
1.575143195241408001e-01,-3.504294053281458050e-04,-3.593888332196491829e-04
1.579154965740334204e-01,-2.271508199333305278e-03,-2.273384527610283843e-03
1.583166736239260408e-01,-4.774173038927890253e-04,-4.809123559216996169e-04
1.587178506738186334e-01,2.519153431123750085e-03,2.512358509643498970e-03
1.591175741836754198e-01,2.806569613632671663e-03,2.810761810883012374e-03
1.595187512335680402e-01,4.397347912871224160e-03,4.389261959749567350e-03
1.599199282834606328e-01,3.202432833963587706e-03,3.214216134282279081e-03
1.603211053333532532e-01,6.209085566093455570e-03,6.212963492053869170e-03
1.607208288432100118e-01,5.932478909056258798e-03,5.928005021193617254e-03
1.611220058931026322e-01,3.447652291073508447e-03,3.439024387623826427e-03
1.615231829429952526e-01,9.634290148211910624e-04,9.635509836162961354e-04
1.619243599928878730e-01,3.828604117227821842e-03,3.827792820019838057e-03
1.623240835027446316e-01,3.425277435674810474e-03,3.403879148076802402e-03
1.627252605526372520e-01,1.999368187961651951e-03,1.996101034504274129e-03
1.631264376025298446e-01,4.813791487213262346e-03,4.724352224808806358e-03
1.635276146524224650e-01,-4.568281279867220102e-03,-4.581403992237131385e-03
1.639273381622792514e-01,-5.955237727498768202e-03,-5.956213744164857472e-03
1.643285152121718440e-01,-4.409810883315755728e-03,-4.365983879984204792e-03
1.647296922620644644e-01,-7.666904065278108867e-03,-7.663783302337519136e-03
1.651294157719212230e-01,-6.709046977098841701e-03,-6.703358806603770294e-03
1.655305928218138434e-01,-5.064871272548553474e-03,-5.058745760118439454e-03
1.659317698717064637e-01,-3.613806927256678781e-03,-3.609781292948219342e-03
1.663329469215990841e-01,1.708915066914350233e-03,1.720022547592091333e-03
1.667326704314558428e-01,1.068098098234712429e-03,1.058374742179201073e-03
1.671338474813484631e-01,-1.644017492711865452e-03,-1.656401929096373241e-03
1.675350245312410558e-01,-2.912361615507939703e-05,-4.287105999232271102e-05
1.679362015811336761e-01,-7.219041774511452412e-04,-7.222372868861627517e-04
1.683359250909904625e-01,2.779235637684204178e-03,2.771819819637429995e-03
1.687371021408830551e-01,3.400195443614268970e-03,3.408073942035816720e-03
1.691382791907756755e-01,2.543092763777024101e-03,2.539362079432786173e-03
1.695394562406682959e-01,4.717117176318621867e-03,4.730706515486928637e-03
1.699391797505250545e-01,6.500241417407888987e-03,6.500321475176079784e-03
1.703403568004176749e-01,4.558802048198199591e-03,4.551435807082757773e-03
1.707415338503102953e-01,1.852406033752676670e-03,1.835803420950544822e-03
1.711427109002028879e-01,3.747618931939552308e-03,3.746699513371975609e-03
1.715424344100596743e-01,3.737528694276708117e-03,3.736762332933018203e-03
1.719436114599522669e-01,3.068296488203745530e-03,3.053200916311124037e-03
1.723447885098448873e-01,1.716147625851250063e-03,1.717288094398448884e-03
1.727459655597375077e-01,-7.009989102821388230e-04,-7.325753820721102360e-04
1.731456890695942663e-01,-5.676239663183535455e-03,-5.675904893860988544e-03
1.735468661194868867e-01,-5.874996315088571071e-03,-5.870820240052808045e-03
1.739480431693795071e-01,-6.053392883135891994e-03,-6.160425157580038183e-03
1.743492202192720997e-01,-7.314443508111114281e-03,-7.311846744726560252e-03
1.747489437291288861e-01,-6.041178852742790789e-03,-6.042961317203963088e-03
1.751501207790215064e-01,-4.468800155771335270e-03,-4.466655777884387911e-03
1.755512978289140991e-01,-3.450684701599740847e-03,-3.385515720573881344e-03
1.759524748788067194e-01,2.342586953753783650e-03,2.339534923392003370e-03
1.763521983886634781e-01,7.567704506773911580e-06,-9.936481372370982057e-07
1.767533754385560985e-01,-2.957925648200035885e-03,-2.917228148107126832e-03
1.771545524884487188e-01,-3.338694357070658971e-04,-3.397172179119929887e-04
1.775542759983054775e-01,-5.795964872523784580e-04,-9.025749776347356327e-06
1.779554530481980978e-01,2.697081772173063816e-03,2.700750887061051375e-03
1.783566300980907182e-01,3.326722720574003516e-03,3.385191492183609908e-03
1.787578071479833108e-01,2.790840002702574870e-03,2.800992077874518878e-03
1.791575306578400972e-01,5.973663881328962651e-03,5.978535945161627882e-03
1.795587077077327176e-01,6.199645449272806613e-03,6.193284548301682992e-03
1.799598847576253102e-01,3.779802710224136955e-03,3.772509340921955008e-03
1.803610618075179306e-01,1.446522088020769878e-05,3.372322468570085346e-05
1.807607853173746892e-01,3.862028111111736987e-03,3.859114050630357839e-03
1.811619623672673096e-01,3.550797655924770729e-03,3.560676234010799052e-03
1.815631394171599300e-01,2.183836449540592015e-03,2.180013042215784864e-03
1.819643164670525504e-01,3.100371014121289411e-03,3.114340094996811796e-03
1.823640399769093090e-01,-3.878526202070320741e-03,-3.895042152206715583e-03
1.827652170268019294e-01,-5.866471785303033377e-03,-5.870588582961742616e-03
1.831663940766945220e-01,-4.994922259292538559e-03,-4.991263345448642037e-03
1.835675711265871424e-01,-7.697062113012183120e-03,-7.699157452975020216e-03
1.839672946364439288e-01,-6.876619451687876819e-03,-6.873024234276760465e-03
1.843684716863365214e-01,-5.401481938609968905e-03,-5.390108159457117874e-03
1.847696487362291418e-01,-4.434556205938493777e-03,-4.468289640195140244e-03
1.851708257861217621e-01,1.028283435541235734e-03,1.044912514335450153e-03
1.855705492959785208e-01,1.501341149862859322e-03,1.489789314132439722e-03
1.859717263458711412e-01,-1.179337072450091202e-03,-1.190158959996432579e-03
1.863729033957637615e-01,-4.136640374577115766e-04,-4.094645689898879291e-04
1.867740804456563541e-01,-6.729351767375129105e-04,-6.736933109731064800e-04
1.871738039555131405e-01,2.708112453512474902e-03,2.720676396130496458e-03
1.875749810054057332e-01,3.165948923239690453e-03,3.171718712631535833e-03
1.879761580552983535e-01,3.115995492601330696e-03,3.097328996738475931e-03
1.883758815651551399e-01,4.191502528447937047e-03,4.203102252960610151e-03
1.887770586150477325e-01,6.463462178237458326e-03,6.464712188872357920e-03
1.891782356649403529e-01,4.988182167081878574e-03,4.977884115406184737e-03
1.895794127148329733e-01,2.496838452181521749e-03,2.483010758285414833e-03
1.899791362246897319e-01,3.450983366854209252e-03,3.441194079648807365e-03
1.903803132745823523e-01,3.774559356281753045e-03,3.773919977645273476e-03
1.907814903244749727e-01,3.209666960070835240e-03,3.212523793597895846e-03
1.911826673743675653e-01,1.746218812636785890e-03,1.744848653668318490e-03
1.915823908842243517e-01,9.361691084718771387e-04,8.963624256136495157e-04
1.919835679341169443e-01,-5.462459606123736509e-03,-5.469771451276587287e-03
1.923847449840095647e-01,-5.974270239059152957e-03,-5.972485286615912027e-03
1.927859220339021851e-01,-5.252541836489975705e-03,-5.242704313492584263e-03
1.931856455437589437e-01,-7.448667558827405319e-03,-7.445469743481010830e-03
1.935868225936515641e-01,-6.327471424763825986e-03,-6.306839322319728047e-03
1.939879996435441845e-01,-4.609037315983155296e-03,-4.606289687453593573e-03
1.943891766934367771e-01,-4.723725079334476287e-03,-4.654336590930984938e-03
1.947889002032935635e-01,2.327125836587524282e-03,2.327524654777331399e-03
1.951900772531861838e-01,3.384310386125167613e-04,3.312866594892358170e-04
1.955912543030787765e-01,-2.801278752768093881e-03,-2.844808871935067002e-03
1.959924313529713968e-01,-1.905476789968098175e-04,-1.946945012885415501e-04
1.963921548628281555e-01,-7.476302182170426304e-04,-7.063913936372092067e-04
1.967933319127207759e-01,2.663809152806376982e-03,2.664348130031119529e-03
1.971945089626133962e-01,3.558324340355684904e-03,3.491202647172585594e-03
1.975956860125060166e-01,2.492138184591963321e-03,2.499741816204268004e-03
1.979954095223627752e-01,5.644891290350391271e-03,5.652813092736888936e-03
1.983965865722553956e-01,6.374563208257624444e-03,6.371655632020389523e-03
1.987977636221479882e-01,4.042792093838704949e-03,4.036225443163237933e-03
1.991989406720406086e-01,-7.837236894799148976e-05,-1.459154843053400957e-04
1.995986641818973950e-01,3.873232123076063120e-03,3.871395368975779315e-03
1.999998412317899876e-01,3.621215417669373157e-03,3.617739280759207140e-03
