signal_idx,gamma_final,zeta,kappa,fr,Qr,ow_alpha,ow_beta,ow_dt,dg_Zt,target_max_abs_pressure
0,0.45089891602482685,0.3081947047872389,0.71,150.43187066992897,94.78297722053307,80125.73037469777,0.6646516378651401,,1.0,0.0039447814586413815
1,0.4881000204712574,0.42132715515343605,0.71,205.08422406860637,139.34353506149992,80125.73037469777,0.6646516378651401,,1.0,0.008335085258128755
2,0.43120487319920425,0.4631707108243065,0.71,206.98115602196032,93.92115626063426,80125.73037469777,0.6646516378651401,,1.0,0.007135957995085931
3,0.4974123023599772,0.4459310892859888,0.71,130.3547739009645,104.72847628765994,80125.73037469777,0.6646516378651401,,1.0,0.010411350340631788
4,0.49863075261582607,0.359942378107477,0.71,173.52420372117282,120.16795132485365,80125.73037469777,0.6646516378651401,,1.0,0.00883432813318766
5,0.3224754506116927,0.4341248829387261,0.71,138.06407850246293,134.19934447339062,80125.73037469777,0.6646516378651401,,1.0,0.0009829218772061722
6,0.44634625852254456,0.49944198715784227,0.71,160.1125921122601,155.05220867351437,80125.73037469777,0.6646516378651401,,1.0,0.008855993117813826
7,0.4611493587254266,0.437689346114188,0.71,182.7890384827644,118.05758899869397,80125.73037469777,0.6646516378651401,,1.0,0.006524376225654769
8,0.3450053625597288,0.4050708644951452,0.71,188.82650891649698,113.14011722243472,80125.73037469777,0.6646516378651401,,1.0,0.0017273660092830749
9,0.41901126071350747,0.48680870319124997,0.71,203.10646591966506,116.1121997943169,80125.73037469777,0.6646516378651401,,1.0,0.007154744734449651
10,0.4244943628117542,0.3288319225439268,0.71,208.2894141877045,153.04059044607774,80125.73037469777,0.6646516378651401,,1.0,0.00578815248767255
11,0.3822964363742124,0.46554051876408836,0.71,163.4827481626689,119.32494602307258,80125.73037469777,0.6646516378651401,,1.0,0.005040124547748399
12,0.43246426809901556,0.4507026217349614,0.71,129.84252462566081,127.3839570762049,80125.73037469777,0.6646516378651401,,1.0,0.007111585719758953
13,0.3860733921813085,0.36063896585832905,0.71,194.51643979141434,122.09361809254071,80125.73037469777,0.6646516378651401,,1.0,0.003255443417851617
14,0.34478279811915175,0.34069104813522993,0.71,161.76460384800598,110.1445837776156,80125.73037469777,0.6646516378651401,,1.0,0.0010079408790146828
15,0.474826945924941,0.3970381948863271,0.71,151.3347444288134,155.0460749875774,80125.73037469777,0.6646516378651401,,1.0,0.00950161592248832
16,0.5194096678630591,0.4082453711094869,0.71,189.10714496575036,111.05570025283568,80125.73037469777,0.6646516378651401,,1.0,0.009155953156168463
17,0.35039757385155174,0.40321371710957576,0.71,209.94366012337125,100.99160077942315,80125.73037469777,0.6646516378651401,,1.0,0.0020761865212505083
18,0.4480563384184125,0.42260066021060805,0.71,193.51806471909535,151.0811065494314,80125.73037469777,0.6646516378651401,,1.0,0.007012107621179659
19,0.3248540969761468,0.39186717657708076,0.71,172.43008737710184,97.64684869686722,80125.73037469777,0.6646516378651401,,1.0,0.000923184399333448
20,0.37170016032660574,0.46284514811885613,0.71,152.87174719020047,99.49474638344356,80125.73037469777,0.6646516378651401,,1.0,0.003957101569028634
21,0.44312121097875296,0.3375802146733207,0.71,189.42764477900255,97.19666420831678,80125.73037469777,0.6646516378651401,,1.0,0.006490924278284106
22,0.374518536628174,0.4124531325560856,0.71,183.38180626442536,103.1288914565835,80125.73037469777,0.6646516378651401,,1.0,0.0037561925527375465
23,0.40778509685981007,0.3845569346540256,0.71,184.39027037883423,133.32402495463228,80125.73037469777,0.6646516378651401,,1.0,0.005692782194100785
24,0.5206289859761658,0.37832496661600523,0.71,185.56050989631817,105.45328560750613,80125.73037469777,0.6646516378651401,,1.0,0.007767758786992673
25,0.3894977004356357,0.47824188190011585,0.71,170.94060775341407,142.22274640454307,80125.73037469777,0.6646516378651401,,1.0,0.007867668853563834
26,0.383628932729844,0.3941819770831515,0.71,206.05843620308008,137.10992763763937,80125.73037469777,0.6646516378651401,,1.0,0.004581868629533176
27,0.33912074208370707,0.3403814895058901,0.71,136.38620246680003,149.02810460551837,80125.73037469777,0.6646516378651401,,1.0,0.0007808550572630566
28,0.45994021837324717,0.42888725384110354,0.71,199.68508750722697,119.15889985472103,80125.73037469777,0.6646516378651401,,1.0,0.007555367663931065
29,0.4254979989603743,0.4724235969815256,0.71,177.94269900925204,121.13663538494532,80125.73037469777,0.6646516378651401,,1.0,0.008421071776297688
30,0.33457197426730473,0.46025489304127937,0.71,147.62889306066847,130.135127254023,80125.73037469777,0.6646516378651401,,1.0,0.0015824292931838305
31,0.33636114351272417,0.3958102596281668,0.71,164.31578992010026,103.73368216481741,80125.73037469777,0.6646516378651401,,1.0,0.001235743525030466
32,0.4714957789473443,0.3782456380991324,0.71,137.16212169331928,126.04626141383524,80125.73037469777,0.6646516378651401,,1.0,0.007747124697545093
33,0.4073625123073915,0.4475675574584321,0.71,177.37787857224197,153.51670342725615,80125.73037469777,0.6646516378651401,,1.0,0.007563857062917581
34,0.37646644555099495,0.4392431993340311,0.71,182.62651260178515,112.04504681328045,80125.73037469777,0.6646516378651401,,1.0,0.004725853040948748
35,0.31681440762036445,0.35968024460337517,0.71,210.2441233551451,113.37412512714604,80125.73037469777,0.6646516378651401,,1.0,0.0005695586643661854
36,0.5046510358639281,0.3942619330363663,0.71,177.23884989072718,142.079813103051,80125.73037469777,0.6646516378651401,,1.0,0.009293787468207245
37,0.3229030076167814,0.37484876669569417,0.71,187.592033130728,99.42829459401611,80125.73037469777,0.6646516378651401,,1.0,0.0007994781933316233
38,0.4558655142272858,0.3414382336162003,0.71,206.67442765301513,133.13063748658394,80125.73037469777,0.6646516378651401,,1.0,0.006720398758221066
39,0.3794124121287166,0.4444329616284235,0.71,190.54931780589308,107.41971403555029,80125.73037469777,0.6646516378651401,,1.0,0.004685674940441982
40,0.5154848382757695,0.4952487411415408,0.71,170.96284198922072,98.80225149347513,80125.73037469777,0.6646516378651401,,1.0,0.011585678541226701
41,0.4446520805509512,0.46038024139716144,0.71,159.5013596720682,104.65798850900178,80125.73037469777,0.6646516378651401,,1.0,0.008075352716513372
42,0.5004150428535955,0.4804430159431977,0.71,173.73501906489736,123.57209523995039,80125.73037469777,0.6646516378651401,,1.0,0.009869449285911921
43,0.40733471460090614,0.4968305999862243,0.71,194.560470991268,116.85786204077681,80125.73037469777,0.6646516378651401,,1.0,0.00728698958398797
44,0.5209448354257254,0.33553851715239624,0.71,206.46724296006064,131.80322605278423,80125.73037469777,0.6646516378651401,,1.0,0.007917988855258889
45,0.4652264613141607,0.4331314833931507,0.71,207.63831272597923,102.08723471573082,80125.73037469777,0.6646516378651401,,1.0,0.0074505043824374334
46,0.421550063343714,0.4000452378697492,0.71,169.4576858862698,153.66139288182796,80125.73037469777,0.6646516378651401,,1.0,0.007201995917007507
47,0.39033679136249577,0.4044174004422896,0.71,146.52054747614835,133.82318274781426,80125.73037469777,0.6646516378651401,,1.0,0.0035744225126974226
48,0.5146515882724658,0.3535666780583177,0.71,176.9713430549989,151.86091845675418,80125.73037469777,0.6646516378651401,,1.0,0.009123473613408506
49,0.4202540350532325,0.3952077820950804,0.71,184.9430735193497,107.3112516513747,80125.73037469777,0.6646516378651401,,1.0,0.007339594307427575
50,0.4863556169102752,0.4030651122084284,0.71,196.17496712760197,111.61258625550884,80125.73037469777,0.6646516378651401,,1.0,0.008243852057026461
51,0.3278793782025295,0.38169464108399975,0.71,160.08635486676906,96.57969961890282,80125.73037469777,0.6646516378651401,,1.0,0.0008494827966697695
52,0.3267878769634324,0.4304738223175976,0.71,212.42996978053108,108.406887604364,80125.73037469777,0.6646516378651401,,1.0,0.001110512801639709
53,0.408273933519505,0.47953552162170976,0.71,210.30582642703672,146.5144398505463,80125.73037469777,0.6646516378651401,,1.0,0.006161176142203712
54,0.3992973841746382,0.43533787036621324,0.71,169.4069565921981,97.5501695598785,80125.73037469777,0.6646516378651401,,1.0,0.007003510268875066
55,0.4337307806702726,0.4759302346669845,0.71,150.57338638505863,97.76340233201195,80125.73037469777,0.6646516378651401,,1.0,0.008412880270202028
56,0.45980730346750803,0.3454637050321816,0.71,201.45752269783776,149.71551496338287,80125.73037469777,0.6646516378651401,,1.0,0.006919132254624832
57,0.5005332437531347,0.44149911346743553,0.71,129.07396350196794,93.82498022417678,80125.73037469777,0.6646516378651401,,1.0,0.009214609916929153
58,0.4227097967318232,0.340650567222913,0.71,164.61669943493047,114.05891528597537,80125.73037469777,0.6646516378651401,,1.0,0.00571856538889877
59,0.48661143484670616,0.32980771670671116,0.71,154.39842742938166,137.40699939489443,80125.73037469777,0.6646516378651401,,1.0,0.008309940600042436
60,0.43005267816058,0.3738134479590757,0.71,156.67802393413376,117.15604784924265,80125.73037469777,0.6646516378651401,,1.0,0.005906736885398574
61,0.5248508929293444,0.43486478610089874,0.71,181.28428317160743,114.37271596159115,80125.73037469777,0.6646516378651401,,1.0,0.008103582907765663
62,0.4599626265056087,0.31034584639675505,0.71,137.95265186541116,146.8869591755492,80125.73037469777,0.6646516378651401,,1.0,0.004085668854758284
63,0.3183770149679767,0.4654006051638107,0.71,210.69524278575025,142.8256849578982,80125.73037469777,0.6646516378651401,,1.0,0.0009492306222560273
64,0.32664561575753726,0.4699731262190424,0.71,145.13233762759285,120.78092572843943,80125.73037469777,0.6646516378651401,,1.0,0.001371805354996378
65,0.4488957340113485,0.3372672637355659,0.71,137.8940038989319,124.8292445463421,80125.73037469777,0.6646516378651401,,1.0,0.004779124505129615
66,0.47674744770951266,0.3213760157138085,0.71,173.38786236927706,147.88662990717975,80125.73037469777,0.6646516378651401,,1.0,0.00830181198047603
67,0.34596802992014547,0.41736989468889285,0.71,164.87090938854462,113.69684389977556,80125.73037469777,0.6646516378651401,,1.0,0.0018181016880729657
68,0.4047094290015008,0.39082714031722543,0.71,202.89198172026283,127.4529445315753,80125.73037469777,0.6646516378651401,,1.0,0.005185595217058018
69,0.5212732111017111,0.4789580375775569,0.71,150.95856659685563,116.3659700892978,80125.73037469777,0.6646516378651401,,1.0,0.011560760576211294
70,0.44839514345358467,0.45513713804903877,0.71,203.7631730824139,107.82544937441199,80125.73037469777,0.6646516378651401,,1.0,0.007640488121172111
71,0.37983508611626854,0.30105306091311496,0.71,201.75204285868227,145.0767761489229,80125.73037469777,0.6646516378651401,,1.0,0.002208758271915076
72,0.48468164946668174,0.36060648536386275,0.71,167.27447099171627,111.15160075629834,80125.73037469777,0.6646516378651401,,1.0,0.008743467588021425
73,0.3702774829950203,0.4009096517915907,0.71,165.33148600002497,128.34358450465578,80125.73037469777,0.6646516378651401,,1.0,0.0033474151240041917
74,0.5265505598046568,0.4244358458882325,0.71,194.876263133169,155.5600092301178,80125.73037469777,0.6646516378651401,,1.0,0.009090692048876975
75,0.36193013532771134,0.42250792085460614,0.71,141.1180228779168,96.49637549758647,80125.73037469777,0.6646516378651401,,1.0,0.002268448800536401
76,0.3240285388212288,0.39324120506505783,0.71,171.2655497230665,151.07298582455326,80125.73037469777,0.6646516378651401,,1.0,0.0009635995310422965
77,0.4492667396976032,0.3993746870787009,0.71,171.1999999609587,109.21968262670816,80125.73037469777,0.6646516378651401,,1.0,0.007535133030612216
78,0.31898853938946875,0.4384064241763678,0.71,143.8541822387514,106.28792024918721,80125.73037469777,0.6646516378651401,,1.0,0.0008911805481559106
79,0.3944721615370656,0.46600954596034916,0.71,127.81741057442645,103.40381756633998,80125.73037469777,0.6646516378651401,,1.0,0.004771455943208299
80,0.3854911503637733,0.3637421676971034,0.71,211.41853168372364,143.0343084887518,80125.73037469777,0.6646516378651401,,1.0,0.0037637136424626375
81,0.5000481639679015,0.3875763746245598,0.71,160.74220855583147,117.04680644308458,80125.73037469777,0.6646516378651401,,1.0,0.009376595190121515
82,0.33906720885575536,0.3482704290169365,0.71,168.21206360383093,109.82157803444562,80125.73037469777,0.6646516378651401,,1.0,0.0011105801521547167
83,0.3554783584920615,0.46276553403100423,0.71,143.9784866568664,120.18651175901415,80125.73037469777,0.6646516378651401,,1.0,0.0027605622512641586
84,0.3704992265883857,0.4208544592116912,0.71,177.72674240006,134.17862669126174,80125.73037469777,0.6646516378651401,,1.0,0.003847975932080749
85,0.5087961962746386,0.37427742568847927,0.71,140.26751951676732,111.53878984442578,80125.73037469777,0.6646516378651401,,1.0,0.009993851591577533
86,0.32004101304045907,0.3789337162597206,0.71,142.93208467583202,118.33191938039526,80125.73037469777,0.6646516378651401,,1.0,0.0006530679902073866
87,0.4466295962698772,0.42146613351429496,0.71,165.94265495030746,107.6912490883358,80125.73037469777,0.6646516378651401,,1.0,0.008050065050936552
88,0.34477128480966895,0.31922168670562945,0.71,155.4895970204991,116.61499466673725,80125.73037469777,0.6646516378651401,,1.0,0.0008942046548213625
89,0.41359783388038107,0.4734049738670826,0.71,188.61403473060872,96.98972828229213,80125.73037469777,0.6646516378651401,,1.0,0.007261159534026044
90,0.5001225820376879,0.4206296300103124,0.71,151.87946277244222,142.3458801825112,80125.73037469777,0.6646516378651401,,1.0,0.010614323619179317
91,0.46759174684635224,0.47207872983657695,0.71,205.30731024169313,151.13985181554764,80125.73037469777,0.6646516378651401,,1.0,0.00828252698013724
92,0.322110011972663,0.39698886539545764,0.71,164.66608001100823,97.82213733563172,80125.73037469777,0.6646516378651401,,1.0,0.0008593756143995961
93,0.31768709669335193,0.4966604488572351,0.71,198.10282214255687,142.78811579204248,80125.73037469777,0.6646516378651401,,1.0,0.0010827563390518496
94,0.3830923363854156,0.3598362146396494,0.71,187.45336489010356,140.0467801797343,80125.73037469777,0.6646516378651401,,1.0,0.003120385409177249
95,0.37552666336688856,0.4975481493789154,0.71,194.02022780289118,155.3899093300149,80125.73037469777,0.6646516378651401,,1.0,0.0051518656512152166
96,0.5027840016362985,0.4416413828206345,0.71,205.08885440163303,128.4060548289693,80125.73037469777,0.6646516378651401,,1.0,0.00895325817886869
97,0.5113032619028165,0.37402630902800155,0.71,135.12711628761656,131.62118396932894,80125.73037469777,0.6646516378651401,,1.0,0.009680579484139253
98,0.4173010082498427,0.33901727869580933,0.71,194.8929198422644,97.64084358854147,80125.73037469777,0.6646516378651401,,1.0,0.0046803343981617
99,0.3431953839276227,0.3265549074458861,0.71,209.33643471795884,107.88114546019821,80125.73037469777,0.6646516378651401,,1.0,0.001012949184360674
100,0.5182163607317137,0.4656889770549062,0.71,145.1529538567275,103.08013269262626,80125.73037469777,0.6646516378651401,,1.0,0.011345829578082299
101,0.4247017740681152,0.43780729595622625,0.71,139.05316634174307,146.35923276951743,80125.73037469777,0.6646516378651401,,1.0,0.007669814722073756
102,0.40628239845245007,0.46506658127695966,0.71,208.83871029353614,114.8884570294735,80125.73037469777,0.6646516378651401,,1.0,0.0062267478421625866
103,0.43798547561629236,0.4654207874049592,0.71,191.53065850022054,152.08990442822383,80125.73037469777,0.6646516378651401,,1.0,0.007825711462752554
104,0.34709388063154395,0.3278702787735645,0.71,190.8743179387347,150.40804725705792,80125.73037469777,0.6646516378651401,,1.0,0.0011795608865210099
105,0.36421014550532527,0.36126357310642476,0.71,200.02537874197654,154.36439801289512,80125.73037469777,0.6646516378651401,,1.0,0.002179755653337952
106,0.4257630190731595,0.356486703432936,0.71,154.91033749511521,131.61656223872976,80125.73037469777,0.6646516378651401,,1.0,0.004748618889929604
107,0.38692430036778036,0.33088501409217885,0.71,185.18514574819213,109.3609699622677,80125.73037469777,0.6646516378651401,,1.0,0.0026410837678808126
108,0.5000476859178391,0.3523966111941068,0.71,178.53126473705314,103.08843128631176,80125.73037469777,0.6646516378651401,,1.0,0.008482999004447449
109,0.34536251054137496,0.3765649333140815,0.71,148.6582796952772,134.31744103902722,80125.73037469777,0.6646516378651401,,1.0,0.0011388125056879517
110,0.34362831278430106,0.4202996715246715,0.71,169.93861830740977,95.54306302324653,80125.73037469777,0.6646516378651401,,1.0,0.0018707665770813743
111,0.3477124038458432,0.31408411523083934,0.71,206.39793695163144,101.86087183745613,80125.73037469777,0.6646516378651401,,1.0,0.0010699500192265995
112,0.5165973036445645,0.3737986247459582,0.71,180.36010538769256,125.71187636270392,80125.73037469777,0.6646516378651401,,1.0,0.008497459402554156
113,0.4563598629810446,0.3275936145733911,0.71,150.901249339696,143.0024746564995,80125.73037469777,0.6646516378651401,,1.0,0.00555051566546364
114,0.4579460832456241,0.4633472871939317,0.71,171.05249664606865,128.06720430437665,80125.73037469777,0.6646516378651401,,1.0,0.008883001483523034
115,0.5234727778917314,0.41074607257304563,0.71,144.88330421305383,123.97654355771174,80125.73037469777,0.6646516378651401,,1.0,0.010802630240873726
116,0.39104099441775453,0.3470602463335161,0.71,177.78560083566873,143.8876677361552,80125.73037469777,0.6646516378651401,,1.0,0.0032575227734007216
117,0.4995073794387495,0.39341464134765425,0.71,138.44457205436734,111.07155578335652,80125.73037469777,0.6646516378651401,,1.0,0.010058777583264062
118,0.3340376865221361,0.38598973840956713,0.71,203.65526620128125,102.98070624763088,80125.73037469777,0.6646516378651401,,1.0,0.0011862226208222636
119,0.45857945738521716,0.4802862157376354,0.71,144.68836236198322,107.32176608865801,80125.73037469777,0.6646516378651401,,1.0,0.010105484121481252
120,0.36942396066088207,0.3378640769079523,0.71,207.97400014305106,104.95571315113172,80125.73037469777,0.6646516378651401,,1.0,0.0022283858912260303
121,0.390326629765747,0.43408914855455694,0.71,147.096005960142,100.94246138271546,80125.73037469777,0.6646516378651401,,1.0,0.004589671346402847
122,0.5056212778516875,0.300565406437324,0.71,200.44109157213225,127.59163510742464,80125.73037469777,0.6646516378651401,,1.0,0.008066169081243453
123,0.33904561881900913,0.3833792081266205,0.71,149.42617149468418,122.10100761582979,80125.73037469777,0.6646516378651401,,1.0,0.0010313469050123784
124,0.41527893068916305,0.3517542178844301,0.71,206.33891957414772,105.49313817403362,80125.73037469777,0.6646516378651401,,1.0,0.00498537529135101
125,0.45797771002549953,0.4845621750887503,0.71,207.9625897849181,148.7656249952171,80125.73037469777,0.6646516378651401,,1.0,0.008127863501166972
126,0.3300790518398827,0.42984807381089507,0.71,207.11917061897637,148.22224034533102,80125.73037469777,0.6646516378651401,,1.0,0.0013597125290845497
127,0.40260877675981266,0.4585940153789387,0.71,146.14814443320876,135.10215443698647,80125.73037469777,0.6646516378651401,,1.0,0.00685130806551828
128,0.4808352594166573,0.3268703474596786,0.71,144.61429932165046,141.47656810235446,80125.73037469777,0.6646516378651401,,1.0,0.006730078342805473
129,0.3207682607028282,0.32701757250185315,0.71,207.8760579103815,131.25689284560005,80125.73037469777,0.6646516378651401,,1.0,0.0005715951590312821
130,0.49897229086049977,0.4622046797568684,0.71,200.20071376922502,110.09039758852978,80125.73037469777,0.6646516378651401,,1.0,0.008965871892169443
131,0.3327890855785869,0.4227583382094204,0.71,207.94959133791536,93.91442210164374,80125.73037469777,0.6646516378651401,,1.0,0.001342493656417446
132,0.5085959145718918,0.35725932083323414,0.71,211.2082953951922,144.60382018993622,80125.73037469777,0.6646516378651401,,1.0,0.0080611500591177
133,0.333888076158956,0.4635407549489616,0.71,164.75380402079082,119.29583329311086,80125.73037469777,0.6646516378651401,,1.0,0.001471760276259523
134,0.4257451882164522,0.4628013038500224,0.71,137.44839009538063,124.866713020782,80125.73037469777,0.6646516378651401,,1.0,0.00883788656405377
135,0.36888691012108776,0.4958456578379125,0.71,193.5183232600738,127.39645212976814,80125.73037469777,0.6646516378651401,,1.0,0.004885101726524499
136,0.47203869697298534,0.30602549927506484,0.71,211.88465855211084,131.18610327292322,80125.73037469777,0.6646516378651401,,1.0,0.006569197906487785
137,0.5205993036140247,0.3446202989987841,0.71,137.4736087766819,128.1392743114608,80125.73037469777,0.6646516378651401,,1.0,0.009474647513453671
138,0.468911062561877,0.40954035912847325,0.71,174.48395530856052,96.9711768421476,80125.73037469777,0.6646516378651401,,1.0,0.008649685961022448
139,0.47247746927309076,0.31479237475828103,0.71,154.7596283434396,153.65426996329046,80125.73037469777,0.6646516378651401,,1.0,0.006002808697543192
140,0.4918374802856025,0.44054786111641103,0.71,158.18046668091182,147.50742416578717,80125.73037469777,0.6646516378651401,,1.0,0.009706236698567449
141,0.4518179884463027,0.4524626845062387,0.71,174.1108727491317,138.5196489150025,80125.73037469777,0.6646516378651401,,1.0,0.008108778357501926
142,0.4150726070751898,0.44926447201826236,0.71,176.15900974552503,97.72274494619981,80125.73037469777,0.6646516378651401,,1.0,0.007497698786517986
143,0.4529908450115724,0.37975176902558827,0.71,190.06485714613828,125.4489081451327,80125.73037469777,0.6646516378651401,,1.0,0.007273293306867778
144,0.36476005245812465,0.49425685284013465,0.71,182.76650537201104,112.41956779529258,80125.73037469777,0.6646516378651401,,1.0,0.004669136997097656
145,0.4141572965390155,0.41028017545950085,0.71,203.28718150202388,120.09154625703935,80125.73037469777,0.6646516378651401,,1.0,0.005593510660897445
146,0.45750934736395443,0.3307592835771826,0.71,130.1197196692663,148.20771152192185,80125.73037469777,0.6646516378651401,,1.0,0.002984376535360995
147,0.34988860710476655,0.4852791074604678,0.71,130.00468129977867,140.79906606810783,80125.73037469777,0.6646516378651401,,1.0,0.0022018626849520983
148,0.5227378837032426,0.48456167517775184,0.71,192.0761109190143,115.27584029322375,80125.73037469777,0.6646516378651401,,1.0,0.010108563508105912
149,0.475727483075913,0.4647780223334252,0.71,141.47471238432792,139.51950176054,80125.73037469777,0.6646516378651401,,1.0,0.010264966535612275
150,0.4626688506406471,0.3688813515585714,0.71,196.8444544635649,96.55238598065118,80125.73037469777,0.6646516378651401,,1.0,0.006767170046698174
151,0.4371070212341172,0.44375427537509426,0.71,139.9308612715058,115.33478150473998,80125.73037469777,0.6646516378651401,,1.0,0.008888783583403906
152,0.4129290415534718,0.4562932055544062,0.71,210.4547204281649,146.4868778289985,80125.73037469777,0.6646516378651401,,1.0,0.006585175487677132
153,0.43362913503979555,0.303665163875022,0.71,207.53781581980093,149.32399411824133,80125.73037469777,0.6646516378651401,,1.0,0.005655200089929341
154,0.39873903998683174,0.4068788454506722,0.71,147.1979108701242,152.7931424157973,80125.73037469777,0.6646516378651401,,1.0,0.004499446684592876
155,0.3863406435796582,0.3934663225010171,0.71,204.7328003925388,154.2054852992957,80125.73037469777,0.6646516378651401,,1.0,0.004756406356904654
156,0.477751893497228,0.37230549658614875,0.71,194.0850770514293,130.48674938834367,80125.73037469777,0.6646516378651401,,1.0,0.007822625674685826
157,0.3689438726529242,0.3517053225115283,0.71,195.51178525110262,135.78810623018828,80125.73037469777,0.6646516378651401,,1.0,0.002146957754674489
158,0.3323978867142206,0.37162408748582054,0.71,148.48393238424228,104.50346664037957,80125.73037469777,0.6646516378651401,,1.0,0.0008082113506513283
159,0.37142231961852773,0.3079527394225318,0.71,144.65327621118783,115.17931239587972,80125.73037469777,0.6646516378651401,,1.0,0.0011297533033155437
160,0.436119453003546,0.31881476509230494,0.71,164.11325236666576,115.50497190224972,80125.73037469777,0.6646516378651401,,1.0,0.005710906425560586
161,0.44763840709832337,0.47492647558910756,0.71,129.3406752705304,147.1280957204339,80125.73037469777,0.6646516378651401,,1.0,0.0093813444764189
162,0.3258481895313281,0.33695903229736973,0.71,195.70578184360184,137.22649468116214,80125.73037469777,0.6646516378651401,,1.0,0.0007010886899780805
163,0.3492050537766556,0.4917267662128841,0.71,186.28767925857764,155.3115617343717,80125.73037469777,0.6646516378651401,,1.0,0.003266944077061989
164,0.4564553013355652,0.378982129455134,0.71,141.40499379739012,111.12470079030633,80125.73037469777,0.6646516378651401,,1.0,0.008037762170546935
165,0.5181463057040501,0.41221539894526593,0.71,152.94433039747776,119.21033094996486,80125.73037469777,0.6646516378651401,,1.0,0.010464223305318694
166,0.3457715132189599,0.4538830107657429,0.71,160.2030285085694,119.59995984152316,80125.73037469777,0.6646516378651401,,1.0,0.0019435683679761271
167,0.45983537791147727,0.3153044358233046,0.71,176.95757950218143,139.367803627917,80125.73037469777,0.6646516378651401,,1.0,0.007356558476606308
168,0.4587089472624333,0.32978629099698226,0.71,195.6642833254175,154.6561950421251,80125.73037469777,0.6646516378651401,,1.0,0.006743111141827655
169,0.4995748985409386,0.4923890160487622,0.71,204.26093739555404,132.57306301559112,80125.73037469777,0.6646516378651401,,1.0,0.009203281830070194
170,0.49481078128035716,0.4115489094731384,0.71,141.1827127493741,116.75499635401695,80125.73037469777,0.6646516378651401,,1.0,0.010011527736928634
171,0.36185275431153313,0.38563289981872173,0.71,160.29504319508186,131.9589442811863,80125.73037469777,0.6646516378651401,,1.0,0.0018923053902002765
172,0.47187741867830346,0.3508081827585279,0.71,128.79962081072048,131.50911591024564,80125.73037469777,0.6646516378651401,,1.0,0.004408847464913169
173,0.3341684425789872,0.46646922490014076,0.71,212.30991287845302,96.0485848542078,80125.73037469777,0.6646516378651401,,1.0,0.0016795599876371274
174,0.4362509005743218,0.30138531590285367,0.71,179.2939116488338,104.94274211957716,80125.73037469777,0.6646516378651401,,1.0,0.004726634052596915
175,0.35129858705406947,0.4134007232454585,0.71,166.76642231037843,121.99432648982197,80125.73037469777,0.6646516378651401,,1.0,0.0023418385973923705
176,0.5105726685028434,0.38023321089998835,0.71,196.76855758387842,106.44759727886442,80125.73037469777,0.6646516378651401,,1.0,0.008453111293145025
177,0.392106688626741,0.3697631109165849,0.71,200.77297808017622,155.69160137758738,80125.73037469777,0.6646516378651401,,1.0,0.0045022388405640415
178,0.43587722513609556,0.4317394610102362,0.71,147.63189752440806,135.01415693097707,80125.73037469777,0.6646516378651401,,1.0,0.008674017871911736
179,0.4250821979481093,0.4259836393669003,0.71,151.22290259102783,123.69942647956904,80125.73037469777,0.6646516378651401,,1.0,0.007852655782314045
180,0.4007535173049078,0.3561646656072007,0.71,188.4802477394984,98.92030737488227,80125.73037469777,0.6646516378651401,,1.0,0.004212671279246402
181,0.5211217483707934,0.42886419243024926,0.71,175.4337733562759,129.8044664689131,80125.73037469777,0.6646516378651401,,1.0,0.010165923669132729
182,0.41680116461301653,0.36271922424464365,0.71,137.90416913706784,139.763036417812,80125.73037469777,0.6646516378651401,,1.0,0.0037144802928234374
183,0.5079590859731979,0.4896641763739884,0.71,203.03116533999295,95.33774508572773,80125.73037469777,0.6646516378651401,,1.0,0.00949967646045138
184,0.4722261414770145,0.4250375280978044,0.71,184.67100650832148,133.6015117445666,80125.73037469777,0.6646516378651401,,1.0,0.008818379503001156
185,0.343143158113224,0.45741836213721937,0.71,180.72411943639764,94.21256495778499,80125.73037469777,0.6646516378651401,,1.0,0.002219934522294823
186,0.5108402475422331,0.37514121454457094,0.71,138.60365008011024,128.1686591803067,80125.73037469777,0.6646516378651401,,1.0,0.009836355106601833
187,0.4448418986464043,0.3775439753224574,0.71,174.2014317516654,148.7697635730587,80125.73037469777,0.6646516378651401,,1.0,0.007421336326508567
188,0.40018736873311217,0.3659766744789452,0.71,201.7488309502638,132.85747021053461,80125.73037469777,0.6646516378651401,,1.0,0.004979678855834663
189,0.49581156042916846,0.3341795994969794,0.71,137.68534846552342,139.2664689212783,80125.73037469777,0.6646516378651401,,1.0,0.007633744008605929
190,0.40519992589887405,0.35477399757965644,0.71,206.19889430941984,97.50303775765792,80125.73037469777,0.6646516378651401,,1.0,0.004893971165375615
191,0.3820246697040666,0.45619311635363663,0.71,188.54574691912657,127.41873975497455,80125.73037469777,0.6646516378651401,,1.0,0.005316983762242622
192,0.38226140316082613,0.4856151023039315,0.71,205.3897269980777,121.03256098163506,80125.73037469777,0.6646516378651401,,1.0,0.005430257094317767
193,0.4029451391096638,0.44272261308145117,0.71,179.62584419537214,132.50736541039913,80125.73037469777,0.6646516378651401,,1.0,0.0060207605347470895
194,0.4078549967101047,0.4291990226881763,0.71,165.06133743284343,151.1164868042078,80125.73037469777,0.6646516378651401,,1.0,0.008030640796163608
195,0.32661888944851547,0.4523086216554312,0.71,135.11971267829108,122.48108459124721,80125.73037469777,0.6646516378651401,,1.0,0.0010259869807104245
196,0.4804793332369278,0.392372402947115,0.71,173.3484077471212,153.38592320084285,80125.73037469777,0.6646516378651401,,1.0,0.008603890615504867
197,0.3942276654082302,0.40869516985914917,0.71,182.4962368900857,100.68817277022946,80125.73037469777,0.6646516378651401,,1.0,0.00544463952065494
198,0.351863886347984,0.40454023865916744,0.71,196.96110647999882,136.18093414900184,80125.73037469777,0.6646516378651401,,1.0,0.0019277860408732355
199,0.4122805753258381,0.4704032180392158,0.71,199.732762296249,120.65749724948208,80125.73037469777,0.6646516378651401,,1.0,0.006805324156015461
200,0.37559602811496356,0.3243439385152884,0.71,166.69747033325007,126.41302198243329,80125.73037469777,0.6646516378651401,,1.0,0.002079142282265264
201,0.40283453425135723,0.31979333516370634,0.71,133.58936151239652,155.3930227479217,80125.73037469777,0.6646516378651401,,1.0,0.0016210164593284389
202,0.46294832317745077,0.4280353617179524,0.71,165.6385191223651,110.65555352840609,80125.73037469777,0.6646516378651401,,1.0,0.008747559342832403
203,0.380195407033194,0.3105171142244987,0.71,133.7340757418892,144.2171955221543,80125.73037469777,0.6646516378651401,,1.0,0.0010992077387444624
204,0.4881074258516231,0.3660110688194995,0.71,127.92258705905051,99.31792853818516,80125.73037469777,0.6646516378651401,,1.0,0.006000708652787765
205,0.41523679754357257,0.41020961259055116,0.71,180.0036040898042,102.12886702988993,80125.73037469777,0.6646516378651401,,1.0,0.006418011088008413
206,0.4647154385194551,0.39348507152912565,0.71,179.60239950866108,112.3204462714954,80125.73037469777,0.6646516378651401,,1.0,0.008259670875752606
207,0.5102811095276987,0.32895265474268326,0.71,134.59237433076328,117.41067204855487,80125.73037469777,0.6646516378651401,,1.0,0.0076702256814401605
208,0.3711962311778744,0.4389108776968237,0.71,179.87781862858836,137.7433940812374,80125.73037469777,0.6646516378651401,,1.0,0.004320182409620189
209,0.479789959354231,0.4492627870296749,0.71,142.39508513667604,109.12805560501135,80125.73037469777,0.6646516378651401,,1.0,0.009963109301916044
210,0.48131581124048634,0.44196023808168505,0.71,178.99699751353228,99.31861705763806,80125.73037469777,0.6646516378651401,,1.0,0.008831319805106732
211,0.44958074174939383,0.38468103447195123,0.71,210.8689096890785,100.7751927092089,80125.73037469777,0.6646516378651401,,1.0,0.006787424984075887
212,0.5186942199721928,0.33943854718898914,0.71,184.95848571834506,135.7537035329242,80125.73037469777,0.6646516378651401,,1.0,0.008660452277462538
213,0.5259684834524211,0.4707719597025067,0.71,145.3062652905521,137.43192407670938,80125.73037469777,0.6646516378651401,,1.0,0.012002349081015934
214,0.36327343081870167,0.4908314064361027,0.71,143.2055972416972,115.02734547525031,80125.73037469777,0.6646516378651401,,1.0,0.004285303277210206
215,0.4096342392931047,0.3880603807403089,0.71,183.26742489827433,93.76653149877824,80125.73037469777,0.6646516378651401,,1.0,0.005805861494591798
216,0.37141398864982417,0.4522536888089502,0.71,167.6400170505492,131.6491462915684,80125.73037469777,0.6646516378651401,,1.0,0.005026599474974228
217,0.40727115117698975,0.45693110959215133,0.71,143.73741939188866,105.44521759016101,80125.73037469777,0.6646516378651401,,1.0,0.007829869345046212
218,0.46921738254412276,0.41044154798987587,0.71,169.77969703067123,117.74934763501223,80125.73037469777,0.6646516378651401,,1.0,0.008565073514941408
219,0.3593310940022716,0.428297614188786,0.71,141.92893956030724,111.00850192146963,80125.73037469777,0.6646516378651401,,1.0,0.002245413071450173
220,0.393799199156168,0.3177116746522558,0.71,144.44010724688206,134.5744804750575,80125.73037469777,0.6646516378651401,,1.0,0.0017503571071844169
221,0.41342011644097276,0.47031361397022614,0.71,211.45242760481716,146.0600827023153,80125.73037469777,0.6646516378651401,,1.0,0.006458523343048634
222,0.3273535799372797,0.4214929052705335,0.71,174.70433820573095,96.88383094206768,80125.73037469777,0.6646516378651401,,1.0,0.0011748148122033004
223,0.4172161980212253,0.34329713635737696,0.71,155.51292379093084,143.56354579604024,80125.73037469777,0.6646516378651401,,1.0,0.0036942999231404155
224,0.4053096657350554,0.3738141237100454,0.71,136.27056422514426,150.92777666859445,80125.73037469777,0.6646516378651401,,1.0,0.003500400307768177
225,0.39870499965023576,0.313347231009368,0.71,143.42354800761768,125.7607223996661,80125.73037469777,0.6646516378651401,,1.0,0.0018293564882291215
226,0.45735431281611716,0.46966388076479826,0.71,162.58881466288867,126.53056644667396,80125.73037469777,0.6646516378651401,,1.0,0.009247649423404503
227,0.4847586389932185,0.41815978045935265,0.71,175.5379542980073,119.53103603420521,80125.73037469777,0.6646516378651401,,1.0,0.009166949495090592
228,0.3396509535494687,0.4716786854920571,0.71,187.39017444462922,139.06425999313416,80125.73037469777,0.6646516378651401,,1.0,0.0021403934346010374
229,0.4050284208564967,0.33715782487380586,0.71,134.9041361651464,128.20403811943592,80125.73037469777,0.6646516378651401,,1.0,0.002226284716906139
230,0.4629198800187038,0.32572884486352727,0.71,182.0239487746496,100.85675313320807,80125.73037469777,0.6646516378651401,,1.0,0.007894868735028588
231,0.4543559050015979,0.3403558268880813,0.71,200.04385400703865,107.3761648178585,80125.73037469777,0.6646516378651401,,1.0,0.00608945121895709
232,0.46769935817987596,0.3830443861281423,0.71,167.5094720068884,115.57173779485122,80125.73037469777,0.6646516378651401,,1.0,0.008706071036384929
233,0.329973141913319,0.36029065591993553,0.71,166.14662410248246,118.0672970806626,80125.73037469777,0.6646516378651401,,1.0,0.0009600441628961562
234,0.4305028398793406,0.42495047543564585,0.71,185.6051238261385,140.16902836803575,80125.73037469777,0.6646516378651401,,1.0,0.007946561230207708
235,0.3203438620693156,0.40841250975109306,0.71,183.11185772723056,146.95881331788678,80125.73037469777,0.6646516378651401,,1.0,0.0008795645364136817
236,0.51463517088406,0.4656656595979678,0.71,128.58996507002146,109.58274316767003,80125.73037469777,0.6646516378651401,,1.0,0.011993249923281707
237,0.44831338581993435,0.4693992448040891,0.71,192.47556061571854,152.53768230587727,80125.73037469777,0.6646516378651401,,1.0,0.008326225530576362
238,0.45042284939475263,0.3995397471750513,0.71,200.53272572881687,108.33505309950695,80125.73037469777,0.6646516378651401,,1.0,0.007382819561995131
239,0.3502722062690421,0.44907068036444,0.71,169.81958282235146,121.83395518462875,80125.73037469777,0.6646516378651401,,1.0,0.0027260998581053967
240,0.3861867245372255,0.41494756386543846,0.71,161.94007182932722,125.39998545438425,80125.73037469777,0.6646516378651401,,1.0,0.0037795035096055804
241,0.43554883906778286,0.4748233062481482,0.71,175.92342139321417,99.15190381193581,80125.73037469777,0.6646516378651401,,1.0,0.008933194270841108
242,0.4731622821148647,0.4424320140054331,0.71,197.23121747695367,119.37035044915612,80125.73037469777,0.6646516378651401,,1.0,0.008198996340151938
243,0.5154632464522646,0.4605879937587271,0.71,130.13067658585024,131.3780390788744,80125.73037469777,0.6646516378651401,,1.0,0.010821821994504717
244,0.3251776348669531,0.37565452894778223,0.71,155.75395001756036,104.75283298805502,80125.73037469777,0.6646516378651401,,1.0,0.0007617911521843455
245,0.4520887787197591,0.44316096691638196,0.71,164.83547587646447,116.96481770024755,80125.73037469777,0.6646516378651401,,1.0,0.009163559096575966
246,0.327932120498417,0.4466090597602781,0.71,188.33449185927887,98.8840501482808,80125.73037469777,0.6646516378651401,,1.0,0.001281750992849902
247,0.4147125715035996,0.48297519612416595,0.71,166.1925135784138,131.10878982885228,80125.73037469777,0.6646516378651401,,1.0,0.00817792817395488
248,0.38137032793314796,0.3647309402643175,0.71,202.35378122161862,139.14821486697693,80125.73037469777,0.6646516378651401,,1.0,0.003769206307056993
249,0.35629984196190617,0.32914681206644014,0.71,145.78506442105768,145.05177298958372,80125.73037469777,0.6646516378651401,,1.0,0.0010619714999095472
250,0.35041218021195364,0.3433196928925634,0.71,127.5265229895353,116.75183106188533,80125.73037469777,0.6646516378651401,,1.0,0.000757107244481418
251,0.31692752989101775,0.4981724357818414,0.71,143.91204483124608,142.9333926141503,80125.73037469777,0.6646516378651401,,1.0,0.0012909211968987597
252,0.3420903178753152,0.4533653103789346,0.71,146.69056179286142,151.0523895853536,80125.73037469777,0.6646516378651401,,1.0,0.0018673800528420327
253,0.3911563817056912,0.32934385358472035,0.71,194.28511528366315,127.6080348134695,80125.73037469777,0.6646516378651401,,1.0,0.0028133698743451965
254,0.4424377049565529,0.3557264550319948,0.71,194.64157203002216,119.60209445919214,80125.73037469777,0.6646516378651401,,1.0,0.006368077505400788
255,0.3958509507041184,0.43518996919910546,0.71,139.22221524087706,128.5849672988433,80125.73037469777,0.6646516378651401,,1.0,0.00537510741968552
256,0.42330426015581973,0.42105174640516063,0.71,180.74502766828385,98.3222604578214,80125.73037469777,0.6646516378651401,,1.0,0.007173710889941105
257,0.37974874819714005,0.33766403723784066,0.71,161.7837373076506,138.7983489733331,80125.73037469777,0.6646516378651401,,1.0,0.0021449035828555226
258,0.45875499738223363,0.30323276159873,0.71,192.69187808306066,99.83889220187494,80125.73037469777,0.6646516378651401,,1.0,0.006423826781707447
259,0.3679870581084259,0.3154988836666645,0.71,173.52665802341232,151.70640498495948,80125.73037469777,0.6646516378651401,,1.0,0.0016609116488953226
260,0.42022737161463486,0.31352155163846523,0.71,147.4239595355729,138.3036377426321,80125.73037469777,0.6646516378651401,,1.0,0.002687014315719598
261,0.48806730748895183,0.4268617608557317,0.71,174.10861818971435,104.3249947350283,80125.73037469777,0.6646516378651401,,1.0,0.009486446184990673
262,0.43346399932575447,0.40131370331623173,0.71,142.44401718619744,115.12536070636656,80125.73037469777,0.6646516378651401,,1.0,0.007429860767006185
263,0.5195702039450001,0.340472235869969,0.71,171.68171175997398,109.83151249402268,80125.73037469777,0.6646516378651401,,1.0,0.0092973591101196
264,0.4326331889869483,0.3674301352954605,0.71,199.59934145533353,150.2756077603637,80125.73037469777,0.6646516378651401,,1.0,0.0067017606079475016
265,0.3672123010740665,0.44579421719558293,0.71,205.46841508038773,151.99917007579376,80125.73037469777,0.6646516378651401,,1.0,0.004274140284086343
266,0.51709995590951,0.4404137818486799,0.71,141.1093395597262,108.73483800958103,80125.73037469777,0.6646516378651401,,1.0,0.011094537720644658
267,0.4460188703724461,0.3921998931904178,0.71,149.21361237265256,118.29641992516015,80125.73037469777,0.6646516378651401,,1.0,0.007803196102120054
268,0.33018734546298284,0.43518331604847094,0.71,180.7331537851815,148.71104200627045,80125.73037469777,0.6646516378651401,,1.0,0.0013440168284152884
269,0.46694238047390235,0.42404169154954535,0.71,143.74921770437177,123.13126122084117,80125.73037469777,0.6646516378651401,,1.0,0.009551275871454675
270,0.4637223416766017,0.3242394197723255,0.71,154.17421313890668,113.97447010088298,80125.73037469777,0.6646516378651401,,1.0,0.0059783856701411744
271,0.5129857035942587,0.3020038247920634,0.71,194.62172162759222,106.1833260741547,80125.73037469777,0.6646516378651401,,1.0,0.008160069373443948
272,0.37834698931504585,0.38068741105025516,0.71,207.6903354885544,105.11350603550433,80125.73037469777,0.6646516378651401,,1.0,0.003633654048130953
273,0.49804184950469194,0.36034959508713515,0.71,204.6009624844058,115.94988151493638,80125.73037469777,0.6646516378651401,,1.0,0.008291655152328362
274,0.47549955137100336,0.45788448073623916,0.71,150.30907962840797,121.92749339661376,80125.73037469777,0.6646516378651401,,1.0,0.010388398637544895
275,0.45303120285159604,0.3058635226899593,0.71,203.58864388108142,115.30707766007114,80125.73037469777,0.6646516378651401,,1.0,0.005942911104796632
276,0.4790495972295576,0.3222617148497485,0.71,178.60258679199018,149.3852083476478,80125.73037469777,0.6646516378651401,,1.0,0.00752296240620054
277,0.5211845903129578,0.38713601650613433,0.71,128.6744880661701,115.55256389206549,80125.73037469777,0.6646516378651401,,1.0,0.008681407209827206
278,0.5063883657410383,0.4710063700525634,0.71,131.027065269279,107.71673557961353,80125.73037469777,0.6646516378651401,,1.0,0.01104046394549718
279,0.3353602722822655,0.358824935091255,0.71,166.98865270249073,128.71870760942244,80125.73037469777,0.6646516378651401,,1.0,0.0010529742893996626
280,0.49623696049223526,0.45314170531151315,0.71,202.7159010965334,95.76241255519722,80125.73037469777,0.6646516378651401,,1.0,0.0085724782977009
281,0.3270921424662645,0.47520075549144525,0.71,155.50027792943771,153.17996939523243,80125.73037469777,0.6646516378651401,,1.0,0.0014025859239698549
282,0.42888105810559696,0.36586727679087655,0.71,194.2360843905197,144.8802062647363,80125.73037469777,0.6646516378651401,,1.0,0.006629181769904733
283,0.4888325912515506,0.4925155315185643,0.71,133.68128643348263,115.2317465267845,80125.73037469777,0.6646516378651401,,1.0,0.010516159700533368
284,0.3539516713449036,0.4244257020272726,0.71,171.67887451756474,94.79934972416359,80125.73037469777,0.6646516378651401,,1.0,0.0025650383134613727
285,0.3478699878780012,0.34436746400399265,0.71,156.74535385052695,131.4430152719843,80125.73037469777,0.6646516378651401,,1.0,0.0011100396135910967
286,0.3345581552868218,0.39570449540757696,0.71,189.96004997417353,112.11284356082297,80125.73037469777,0.6646516378651401,,1.0,0.001237915909687815
287,0.5211257969098527,0.480078193326275,0.71,211.23907979358086,153.80069060075772,80125.73037469777,0.6646516378651401,,1.0,0.008933201289739841
288,0.3345973398570201,0.32884211514857437,0.71,156.27197090415532,123.43441750914016,80125.73037469777,0.6646516378651401,,1.0,0.0007710576338243331
289,0.5135659082676385,0.488845015564598,0.71,172.19332084652928,135.73042667766543,80125.73037469777,0.6646516378651401,,1.0,0.010675986322241619
290,0.3270599107447085,0.40384680592594235,0.71,170.53739537857317,110.3252008710757,80125.73037469777,0.6646516378651401,,1.0,0.0011055895870475904
291,0.34376576706373696,0.3787655921847317,0.71,129.26213776903361,117.51428761728621,80125.73037469777,0.6646516378651401,,1.0,0.0008601017184610415
292,0.3214483621547403,0.45762127875969577,0.71,147.74799778484635,132.34971136435425,80125.73037469777,0.6646516378651401,,1.0,0.0010814912354641618
293,0.5238693918803434,0.42628583926645613,0.71,200.69450972730667,105.40575605944852,80125.73037469777,0.6646516378651401,,1.0,0.009270679851738154
294,0.4941396891398534,0.30568130298012414,0.71,163.3065191388858,153.2650255456472,80125.73037469777,0.6646516378651401,,1.0,0.008113514196665415
295,0.515648904858947,0.39868667427167614,0.71,154.850386344463,110.7983505117164,80125.73037469777,0.6646516378651401,,1.0,0.010615183056397762
296,0.4770224611993524,0.4217406829944983,0.71,210.0885667213459,132.1058888135201,80125.73037469777,0.6646516378651401,,1.0,0.007576358219279821
297,0.3653338088795916,0.3762788709250004,0.71,150.28798621838015,129.30365793626504,80125.73037469777,0.6646516378651401,,1.0,0.0018212145057432735
298,0.47106102108174175,0.4122926839855594,0.71,131.5046796372401,154.13241696800122,80125.73037469777,0.6646516378651401,,1.0,0.00759693499685737
299,0.36267157046870063,0.30864752768790327,0.71,162.9934630272922,143.3061500965042,80125.73037469777,0.6646516378651401,,1.0,0.0014443784533946426
