global_iteration,stage,iteration,total_loss,observation_loss,regularization,lr_params,lr_lfunc
0,long,0,6.036500826511471,6.0363462656578495,0.1545608536208615,0.009954240328516278,9.954240328516278e-05
1,long,1,4.790485614412516,4.790343215154049,0.14239925846512297,0.009815127795728554,9.815127795728555e-05
2,long,2,3.821186881939246,3.8210564102604234,0.1304716788231226,0.009596224874965616,9.596224874965615e-05
3,long,3,2.9254790314395893,2.9253600739147827,0.118957524806831,0.009318959309298071,9.318959309298071e-05
4,long,4,2.2041404115796928,2.204032385441342,0.10802613834919289,0.009010471784116247,9.010471784116246e-05
5,long,5,1.8274031790253074,1.8273041947433766,0.09898428193165758,0.008700959207743914,8.700959207743914e-05
6,long,6,1.907029297978232,1.906933448707332,0.09584927090017496,0.008420718827657322,8.420718827657322e-05
7,long,7,1.8328591260583103,1.8327635162475182,0.09560981079308378,0.008197182524808886,8.197182524808886e-05
8,long,8,1.8811934477876666,1.8810997568581465,0.09369092951958341,0.008052231589990416,8.052231589990415e-05
9,long,9,1.8446628797417668,1.8445701887161245,0.09269102564269416,0.00800005483063449,8.000054830634489e-05
10,short,0,0.32254756808739893,0.3224572950423549,0.0902730450439728,0.0048626871855061435,4.862687185506144e-05
11,short,1,0.2832916013691695,0.28320652448156486,0.0850768876046869,0.004513088474153937,4.513088474153937e-05
12,short,2,0.2493544324797164,0.2492740990959742,0.08033338374218525,0.004155822712153123,4.1558227121531235e-05
13,short,3,0.21965935093852687,0.21958331891115715,0.07603202736972191,0.004000171337512222,4.000171337512222e-05
