global_iteration,stage,iteration,total_loss,observation_loss,shape_regularization,lr_params,lr_lfunc
0,long,0,5.041699154597885,5.041699154597885,0.0,0.003,0.0001
1,long,1,4.4830693913726005,4.4830693913726005,0.0,0.003,0.0001
2,long,2,3.9589401595989475,3.9589401595989475,0.0,0.003,0.0001
3,long,3,3.4567613856983583,3.4567613856983583,0.0,0.003,0.0001
4,long,4,2.9887709677905363,2.9887709677905363,0.0,0.003,0.0001
5,long,5,2.556255665923165,2.556255665923165,0.0,0.003,0.0001
6,long,6,2.1762851199132376,2.1762851199132376,0.0,0.003,0.0001
7,long,7,1.8667841612929268,1.8667841612929268,0.0,0.003,0.0001
8,long,8,1.643308944507722,1.643308944507722,0.0,0.003,0.0001
9,long,9,1.4750047896745553,1.4750047896745553,0.0,0.003,0.0001
10,long,10,1.378717322431524,1.378717322431524,0.0,0.003,0.0001
11,long,11,1.3147232158729574,1.3147232158729574,0.0,0.003,0.0001
12,long,12,1.2854893535971323,1.2854893535971323,0.0,0.003,0.0001
13,long,13,1.2699085282216596,1.2699085282216596,0.0,0.003,0.0001
14,long,14,1.2598448265217228,1.2598448265217228,0.0,0.003,0.0001
