repeat_idx,seed,signal_idx,true_gamma,true_wr,true_fr,true_zeta,true_Qr,estimated_gamma,estimated_wr,estimated_fr,estimated_zeta,estimated_Qr,relerr_gamma,relerr_wr,relerr_zeta,relerr_Qr,signal_loss,pressure_loss,reed_loss,elapsed_seconds_repeat
13,13,0,0.49897229086049977,1257.8981832416605,200.20071376922502,0.4622046797568684,110.09039758852978,0.5111859425358158,1175.8181377676094,187.13726880282223,0.4556721204760796,108.96241876220537,0.024477615088110586,0.06525174021837529,0.014133477151778569,0.010245932897256897,2.4287312770916283,4.137119542595734,0.7203430115875227,2455.8817040920258
13,13,1,0.3327890855785869,1306.5858169283892,207.94959133791536,0.4227583382094204,93.91442210164374,0.3325879241477068,1262.6775297840327,200.9613703961927,0.4073139478509243,78.51096056394921,0.000604471238984055,0.03360536030276155,0.036532432273034106,0.16401593272887666,0.45136370116348296,0.8997435632856687,0.0029838390412971322,2455.8817040920258
13,13,2,0.5085959145718918,1327.0608583815176,211.2082953951922,0.35725932083323414,144.60382018993622,0.5080152309016884,1327.499535062471,211.2781129573851,0.3576688685857626,138.14127081823898,0.0011417387626720345,0.000330562594912534,0.0011463598810333411,0.044691415228233375,0.11023580102752852,0.22046698517108387,4.616883973167369e-06,2455.8817040920258
13,13,3,0.333888076158956,1035.178680725378,164.75380402079082,0.4635407549489616,119.29583329311086,0.33963007335528694,974.2999042174339,155.06464581016476,0.46135279185689576,169.54229618886268,0.017197371234057863,0.058809921071099176,0.004720109437425241,0.4211921029320097,0.8112576138765617,1.587496723052252,0.03501850470087138,2455.8817040920258
13,13,4,0.4257451882164522,863.6137051427838,137.44839009538063,0.4628013038500224,124.866713020782,0.42939124048567207,879.2142648230712,139.93129628349848,0.45262142644849107,141.3577148672263,0.008563930656489764,0.018064279882760846,0.02199621590701104,0.13206883922458693,0.6870887941319465,1.2960477154864667,0.07812987277742624,2455.8817040920258
13,13,5,0.36888691012108776,1215.9114853777253,193.5183232600738,0.4958456578379125,127.39645212976814,0.3728404340939792,1110.8426446664967,176.7960978959468,0.4836494246043137,117.29497545771633,0.010717441753608708,0.08641158667778255,0.024596833794570904,0.07929166396064367,1.3516945475874387,2.4030628008996566,0.3003262942752205,2455.8817040920258
13,13,6,0.47203869697298534,1331.3105734313863,211.88465855211084,0.30602549927506484,131.18610327292322,0.4717814344891749,1331.40512214715,211.89970644758762,0.3066138216895191,125.64681916220532,0.0005450029530632731,7.101927803369511e-05,0.0019224620688404693,0.042224625722694274,0.023197295305902036,0.046392247015504234,2.3435962998348388e-06,2455.8817040920258
13,13,7,0.5205993036140247,863.7721587906025,137.4736087766819,0.3446202989987841,128.1392743114608,0.5206094846450615,863.8633106133822,137.48811603984916,0.3445659297965711,129.7276545524886,1.9556366991090953e-05,0.00010552762305666126,0.00015776552446556403,0.012395733076862859,0.07830885911541778,0.15661362673249324,4.091498342336464e-06,2455.8817040920258
13,13,8,0.468911062561877,1096.315024333327,174.48395530856052,0.40954035912847325,96.9711768421476,0.47006101497891334,1036.158224135831,164.90970319653752,0.41404478238793824,97.74215920605732,0.0024523891817643203,0.05487181956124119,0.010998728596738722,0.007950634291721038,1.9792381657726177,3.402085623990184,0.5563907075550513,2455.8817040920258
13,13,9,0.47247746927309076,972.3834229520731,154.7596283434396,0.31479237475828103,153.65426996329046,0.4705669611338431,973.0031402412221,154.85825941332718,0.3167025113645821,149.74547778955485,0.004043596284468281,0.0006373178259945764,0.006067925272230003,0.025438877648303916,0.047448471564174324,0.09488073981684272,1.620331150592025e-05,2455.8817040920258
