geometry,Nx,dt,nsteps,N_snapshot,loss_value,gradient_norm,forward_first_call_s,backward_first_call_s,value_grad_first_call_s,forward_mean_s,forward_median_s,forward_std_s,backward_mean_s,backward_median_s,backward_std_s,value_grad_mean_s,value_grad_median_s,value_grad_std_s,backward_increment_median_s,backward_forward_ratio,value_grad_forward_ratio,forward_per_step_us,backward_per_step_us,value_grad_per_step_us
const,50,5.814160143371198e-06,17200,100,0.7190467798396979,8.567144188919881,0.5875671149988193,0.34602664700651076,1.5346541729959426,0.3801903715968365,0.3805151980050141,0.005189333078943118,0.1298191665991908,0.13095904199872166,0.003755109148450579,0.698839644601685,0.7079980109992903,0.02608352640018735,0.3274828129942762,0.34416244787414774,1.8606300476596493,22.122976628198494,7.613897790623352,41.16267505809827
const,100,2.907080071685599e-06,34399,100,0.7189424936026619,8.546829973129555,0.9489242309937254,0.6315769670036389,2.4107495460048085,0.8183855487935944,0.8126620699913474,0.02030791065251852,0.41060356620000676,0.4078152639995096,0.010351792928071184,1.7762534471985418,1.7321140019921586,0.0635613574669793,0.9194519320008112,0.501826379080116,2.1314074643727383,23.624584144636398,11.855439518576402,50.35361498857986
const,150,1.9380533811237328e-06,51599,100,0.7187357150218724,8.541841291154155,1.6951201269985177,1.0284130670042941,3.3653580009995494,1.3623727619997226,1.3467545409948798,0.03903505917241044,0.7282598085992504,0.718051342992112,0.028536970106357782,2.7189861322025535,2.6556875060050515,0.10443005216700242,1.3089329650101718,0.5331716516520303,1.9719165038368698,26.10040002703308,13.915993391191924,51.467809570050804
const,200,1.4535400358427995e-06,68798,100,0.7187008534586499,8.54442526880974,1.8221664189914009,1.6854381930024829,5.022866163999424,1.7170881136000389,1.699876572994981,0.05438224956804416,1.460458740402828,1.4081206349947024,0.12519815615752194,4.221694856599788,4.280879727986758,0.22398267665294463,2.5810031549917767,0.828366398693148,2.5183473882720526,24.708226590816317,20.46746467912879,62.22389790381636
const,300,9.690266905618664e-07,103197,100,0.7188581608541807,8.547910973885312,3.352297666002414,4.099161742997239,8.737641653002356,2.9780250264011556,2.9127168740087654,0.13170602187837943,3.937629401998129,3.9995359070017003,0.17041028576406872,7.984214017601334,7.992702452989761,0.3676087715872219,5.079985578980995,1.373128965156558,2.7440711880758335,28.22482120612775,38.75631953449907,77.45091866032695
const,400,7.267700179213997e-07,137596,100,0.7188672937956165,8.546941644193591,4.722491838008864,6.8485560239932965,13.155741815004149,4.691512399804196,4.6126124459988205,0.20432280198057123,6.261016832399764,6.316657346003922,0.2532830974489318,12.90561473479902,13.006044162990293,0.4213636627623558,8.393431716991472,1.3694316225251622,2.8196698324985654,33.52286727810998,45.90727452835781,94.52341756294
exp,50,5.814160143371198e-06,17200,100,0.7224418892453346,7.977989583519369,0.616627276991494,0.3593223109928658,1.1667944570071995,0.37762185920146296,0.3743486059975112,0.012326910946691461,0.13241660080093426,0.13061838399153203,0.006562719710076597,0.8285276762006106,0.8308560150035191,0.007226407288497641,0.45650740900600795,0.3489217854664602,2.219471374254411,21.764453837064604,7.594092092530932,48.305582267646464
exp,100,2.907080071685599e-06,34399,100,0.7578053043018946,8.073352331957805,0.9917486229969654,0.6701123810053105,1.9858178770082304,0.7996361988043645,0.8043601120007224,0.012194874344014084,0.41972499899857213,0.4212621949991444,0.00804447217420018,1.7302393834019312,1.710126334000961,0.07241577535397119,0.9057662220002385,0.5237233780169921,2.1260705354313054,23.38324114075184,12.246350039220454,49.71442001223759
exp,150,1.9380533811237328e-06,51599,100,0.7574069861583976,8.241064631943578,1.6188900060078595,1.0149565669998992,2.9759815680008614,1.5070113657973707,1.5243805670033908,0.039415615032386754,0.7786388416046975,0.7711035960091976,0.02989017051903924,2.6399655914050526,2.6711262690078,0.09936332242983353,1.1467457020044094,0.505847170123025,1.7522699559590087,29.542831585949163,14.944157755173505,51.76701620201555
exp,200,1.4535400358427995e-06,68798,100,0.7586196785273214,8.349028429261843,2.1414435430051526,1.9709852000087267,4.350213732002885,1.743454258397105,1.7519760659924941,0.07795500209771519,1.8204010466026375,1.7922481239947956,0.1073403364934045,4.414848292403621,4.404108710004948,0.11005306597288685,2.652132644012454,1.0229866484959584,2.5137950200878008,25.465508677468737,26.050875374208488,64.01506889742359
exp,300,9.690266905618664e-07,103197,100,0.7589643238935407,8.444564987807636,3.4212296909972792,4.750508711003931,8.119086112012155,3.1374379656044766,3.123147655001958,0.13735612715405537,3.943587367795408,4.036298879989772,0.14244227938766474,8.069042968997383,8.020977580992621,0.31088316723175213,4.8978299259906635,1.292381701366355,2.5682351483274948,30.263938438151865,39.11256024874533,77.72491042368112
exp,400,7.267700179213997e-07,137596,100,0.7595644981533929,8.446579990959885,5.294476755007054,6.891870706996997,13.977085863996763,4.726878138398751,4.812273306000861,0.2036453748304008,6.4964568276016506,6.510671036012354,0.23904177137890845,13.14953906199953,13.315504582002177,0.3370927549047346,8.503231276001316,1.3529304389037102,2.766988434633973,34.97393315213277,47.31729872970402,96.77246854561308
