repeat_idx,seed,n_signals,mean_relerr_gamma,std_relerr_gamma,mean_relerr_wr,std_relerr_wr,mean_relerr_zeta,std_relerr_zeta,global_relerr,final_loss,elapsed_seconds
0,0,1,0.00023774713207875173,0.0,0.0027357204804407836,0.0,0.001390938557273985,0.0,0.003078213819088313,0.07248788045425798,1115.6171083450317
0,0,5,0.003963390998980564,0.002326630386210379,0.004224226469997079,0.002406628170429863,0.011494721137769365,0.010254118798497623,0.03755217649845029,0.38756826180766885,1268.6409423351288
0,0,10,0.002905999275703823,0.0040912643775021205,0.00391107441532557,0.0034036852436882545,0.006876248068492454,0.007677846101830869,0.03978655056425098,0.6301252170979218,1300.0699281692505
1,1,1,0.0011857526196075532,0.0,0.1220650173281687,0.0,0.06263301544189112,0.0,0.1372011992948502,3.57401501765193,1104.3462436199188
1,1,5,0.004562335442547196,0.006739319769381522,0.01987770204040136,0.0340900808303664,0.013244308901454217,0.021802657320583552,0.10663624078117451,0.7966208903438445,1184.1233503818512
1,1,10,0.010526581200006957,0.017727681633831864,0.022086354780706544,0.03487535735592892,0.02625190822909822,0.03984068820659924,0.2098956966809533,1.1243132450483215,1247.122567653656
2,2,1,0.0005712236168518392,0.0,0.0022984020989527446,0.0,0.0011933040857290298,0.0,0.002651965925485709,0.022615273974257836,1039.7291941642761
2,2,5,0.0029741053901519753,0.004228795042511419,0.01308867989271564,0.021506533543156067,0.013483473953010644,0.024036283512948505,0.08426504410835291,0.5545951420941683,1249.1254155635834
2,2,10,0.002072901751865081,0.0019159138808606477,0.008196870342772179,0.011283129457904835,0.0059946442947160635,0.005844077052826432,0.052206736947578145,0.38885848982895954,1394.0986711978912
