repeat_idx,seed,signal_idx,true_gamma,true_wr,true_fr,true_zeta,true_Qr,estimated_gamma,estimated_wr,estimated_fr,estimated_zeta,estimated_Qr,relerr_gamma,relerr_wr,relerr_zeta,relerr_Qr,signal_loss,elapsed_seconds_repeat
15,15,0,0.4626688506406471,1236.810184085252,196.8444544635649,0.3688813515585714,96.55238598065118,0.464545029754327,1241.6281882383782,197.61126364037221,0.3674663643628404,84.9176006476966,0.004055123034719052,0.0038955081508239256,0.003835887039972235,0.12050230778642959,0.16182074044279823,1310.975520849228
15,15,1,0.4371070212341172,879.2115315621102,139.9308612715058,0.44375427537509426,115.33478150473998,0.44035425614436347,881.7449308662898,140.33406429359155,0.4449494320461536,72.8851043766058,0.00742892415930106,0.0028814445821456537,0.0026932848591692195,0.3680561628877721,0.11031634403624987,1310.975520849228
15,15,2,0.4129290415534718,1322.3260072208332,210.4547204281649,0.4562932055544062,146.4868778289985,0.4155209525085847,1323.1250080230554,210.58188535537295,0.45596936424045387,101.76743692239447,0.00627689189736299,0.0006042388925720077,0.0007097219726488831,0.30527950058985687,1.5374709032383476,1310.975520849228
15,15,3,0.43362913503979555,1303.9985550431163,207.53781581980093,0.303665163875022,149.32399411824133,0.43290560603447437,1310.2467689995212,208.53224995645854,0.30521365081803875,134.92490568089715,0.0016685433400474528,0.004791580429472431,0.005099323620980242,0.09642849779347813,0.07918977779415548,1310.975520849228
15,15,4,0.39873903998683174,924.8717508266947,147.1979108701242,0.4068788454506722,152.7931424157973,0.3995743183355675,927.5712079092712,147.62754280848068,0.4092189781132758,107.69050115062636,0.0020947995179086106,0.0029187366574485413,0.005751423768447757,0.29518760169505986,0.06330237972589449,1310.975520849228
15,15,5,0.3863406435796582,1286.3741233241308,204.7328003925388,0.3934663225010171,154.2054852992957,0.38811468287836026,1292.167771040534,205.65488806513744,0.39349974967012274,100.22473235996138,0.004591904393657939,0.004503859033973601,8.495560406078281e-05,0.35005728126054453,0.054312353394721846,1310.975520849228
15,15,6,0.477751893497228,1219.4725044723584,194.0850770514293,0.37230549658614875,130.48674938834367,0.46375891228562444,1131.347232230562,180.0595043628284,0.40043553047934627,92.25114331061481,0.0292892218786879,0.07226507520145073,0.07555632176031661,0.2930229027618373,3.6920636421035953,1310.975520849228
15,15,7,0.3689438726529242,1228.4367764701785,195.51178525110262,0.3517053225115283,135.78810623018828,0.3701355189372298,1232.9340905422455,196.22755501630883,0.3528110770705714,100.36214117625335,0.003229885011335002,0.0036610057254958233,0.0031439801682468403,0.26089151721344994,0.04727299120471125,1310.975520849228
15,15,8,0.3323978867142206,932.9520623089182,148.48393238424228,0.37162408748582054,104.50346664037957,0.3358076508425581,935.9195044101776,148.9562154629967,0.3745813577542626,64.19515627826554,0.010258080043899429,0.00318070158279667,0.007957692647021687,0.38571266253610687,0.05310698624429028,1310.975520849228
15,15,9,0.37142231961852773,908.8833397255257,144.65327621118783,0.3079527394225318,115.17931239587972,0.3729317054819323,911.0891795102896,145.00434651660174,0.3099670538972721,87.30417714795726,0.004063799571751022,0.002426977906130375,0.0065409857321531715,0.24201512118872162,0.043366212401630695,1310.975520849228
