iteration,cycle,repeat_idx,local_step,phase,total_loss,observation_loss,shape_regularization,lr_params,lr_lfunc
1,1,8,1,parameters,5.660227923407642,5.660227923407642,0.0,0.001515,0.0
6,1,8,6,parameters,5.39507616505675,5.39507616505675,0.0,0.0005723555699851001,0.0
8,1,8,8,parameters,5.356663752029985,5.356663752029985,0.0,0.00020339512871043027,0.0
9,1,9,1,parameters,4.578852640102431,4.578852640102431,0.0,0.001515,0.0
14,1,9,6,parameters,4.377844738082647,4.377844738082647,0.0,0.0005723555699851001,0.0
16,1,9,8,parameters,4.348546295069047,4.348546295069047,0.0,0.00020339512871043027,0.0
17,1,5,1,parameters,5.575267388034791,5.575267388034791,0.0,0.001515,0.0
22,1,5,6,parameters,5.328984987014925,5.328984987014925,0.0,0.0005723555699851001,0.0
24,1,5,8,parameters,5.292110134536527,5.292110134536527,0.0,0.00020339512871043027,0.0
25,1,0,1,parameters,4.825680204617709,4.825680204617709,0.0,0.001515,0.0
30,1,0,6,parameters,4.583137567301474,4.583137567301474,0.0,0.0005723555699851001,0.0
32,1,0,8,parameters,4.547897781458509,4.547897781458509,0.0,0.00020339512871043027,0.0
33,1,2,1,parameters,4.116313970341401,4.116313970341401,0.0,0.001515,0.0
38,1,2,6,parameters,3.90745885700383,3.90745885700383,0.0,0.0005723555699851001,0.0
40,1,2,8,parameters,3.8768510015612194,3.8768510015612194,0.0,0.00020339512871043027,0.0
41,1,6,1,parameters,5.6937330073231625,5.6937330073231625,0.0,0.001515,0.0
46,1,6,6,parameters,5.414562331036819,5.414562331036819,0.0,0.0005723555699851001,0.0
48,1,6,8,parameters,5.375000877864217,5.375000877864217,0.0,0.00020339512871043027,0.0
49,1,4,1,parameters,5.322344633890888,5.322344633890888,0.0,0.001515,0.0
54,1,4,6,parameters,5.04894808390326,5.04894808390326,0.0,0.0005723555699851001,0.0
56,1,4,8,parameters,5.009554107661331,5.009554107661331,0.0,0.00020339512871043027,0.0
57,1,7,1,parameters,5.7131053011045765,5.7131053011045765,0.0,0.001515,0.0
62,1,7,6,parameters,5.451622715881834,5.451622715881834,0.0,0.0005723555699851001,0.0
64,1,7,8,parameters,5.412711512718505,5.412711512718505,0.0,0.00020339512871043027,0.0
65,1,1,1,parameters,4.7111076232955025,4.7111076232955025,0.0,0.001515,0.0
70,1,1,6,parameters,4.491897072405409,4.491897072405409,0.0,0.0005723555699851001,0.0
72,1,1,8,parameters,4.46022444675056,4.46022444675056,0.0,0.00020339512871043027,0.0
73,1,3,1,parameters,4.5708105951482105,4.5708105951482105,0.0,0.001515,0.0
78,1,3,6,parameters,4.356401472597696,4.356401472597696,0.0,0.0005723555699851001,0.0
80,1,3,8,parameters,4.325297640325792,4.325297640325792,0.0,0.00020339512871043027,0.0
81,1,-1,1,global_law,4.792789266461273,4.792789266461273,0.0,0.0,5.05e-05
