epoch,phase,learning_rate,mean_loss,median_loss,relerr_l,relerr_l_percent,maxerr_l
1,phase1,0.0003,10.309715989432414,10.36823299977733,0.3282939291132583,32.829392911325826,0.5190611902122684
2,phase1,0.0003,9.531487398325972,9.406616245971959,0.28358928643866865,28.358928643866864,0.4512827148890999
3,phase1,0.0003,8.654869957695707,8.613856270584183,0.23671447762757358,23.67144776275736,0.3798677251026865
4,phase1,0.0003,7.660257423599416,7.828244377396883,0.1872490601951545,18.72490601951545,0.3043439453864727
5,phase1,0.0003,6.609245599102436,6.645927824178491,0.1353173638605533,13.531736386055329,0.22475440181588557
6,phase1,0.0003,5.509362998220067,5.4434738749698655,0.0816369733310724,8.163697333107239,0.14185864627011613
7,phase1,0.0003,4.297421876245092,4.380698865108535,0.02576697396443859,2.576697396443859,0.05472283324728733
8,phase1,0.0003,3.221522597759089,3.156975684436963,0.006404996288653279,0.6404996288653279,0.016658382515509995
9,phase1,0.0003,2.971366142140218,3.013115069242229,0.008497709707317563,0.8497709707317563,0.022224104418201218
10,phase1,0.0003,2.937658131754165,2.95793802966206,0.007001302875860756,0.7001302875860757,0.01913795624928838
11,phase2_fine,3e-05,2.932738346887514,2.951145707905716,0.007851162426230227,0.7851162426230227,0.020676660974966454
12,phase2_fine,3e-05,2.9286977855597147,2.9272934652663194,0.008050115069209256,0.8050115069209256,0.021049380054950717
13,phase2_fine,3e-05,2.9231346242774605,2.968411414635132,0.007611496135813364,0.7611496135813364,0.020312021478796627
14,phase2_fine,3e-05,2.930035168952985,2.9136069259670268,0.008128607536018824,0.8128607536018825,0.021289310116242355
15,phase2_fine,3e-05,2.9293450885369188,2.931261751194841,0.008041841660870524,0.8041841660870525,0.02115013015471834
16,phase2_fine,3e-05,2.9263313593557805,2.874908457770451,0.008058438717023105,0.8058438717023105,0.021096325794240478
17,phase2_fine,3e-05,2.934925641348211,2.955737699804828,0.008168197748335522,0.8168197748335523,0.021239183598738443
18,phase2_fine,3e-05,2.9284836488686077,2.9334360988658803,0.008895304923127489,0.8895304923127489,0.022507483837042486
