signal_idx,gamma_final,zeta,kappa,fr,Qr,ow_alpha,ow_beta,ow_dt,dg_Zt,target_max_abs_pressure,requested_snr_db,measured_snr_db,clean_rms_pressure,noise_rms_pressure
0,0.45089891602482685,0.3081947047872389,0.71,150.43187066992897,94.78297722053307,80125.73037469777,0.6646516378651401,,1.0,0.0039587446821104,40.0,39.96950151132838,0.0011912148198803295,1.195404846527489e-05
1,0.4881000204712574,0.42132715515343605,0.71,205.08422406860637,139.34353506149992,80125.73037469777,0.6646516378651401,,1.0,0.008373774207234744,40.0,39.99596209584486,0.0032787869427729644,3.280311542535016e-05
2,0.43120487319920425,0.4631707108243065,0.71,206.98115602196032,93.92115626063426,80125.73037469777,0.6646516378651401,,1.0,0.007155178951614508,40.0,39.99407299931386,0.002705991791394854,2.7078389123224478e-05
3,0.4974123023599772,0.4459310892859888,0.71,130.3547739009645,104.72847628765994,80125.73037469777,0.6646516378651401,,1.0,0.010412626620768209,40.0,39.99406801712772,0.002704854415460543,2.706702312562219e-05
4,0.49863075261582607,0.359942378107477,0.71,173.52420372117282,120.16795132485365,80125.73037469777,0.6646516378651401,,1.0,0.008826044438185776,40.0,39.9944829270667,0.0028047867780242046,2.8065688785724095e-05
5,0.3224754506116927,0.4341248829387261,0.71,138.06407850246293,134.19934447339062,80125.73037469777,0.6646516378651401,,1.0,0.0009854725229297941,40.0,39.57738659534484,0.000312801996895531,3.2839776074410687e-06
6,0.44634625852254456,0.49944198715784227,0.71,160.1125921122601,155.05220867351437,80125.73037469777,0.6646516378651401,,1.0,0.008842275946640209,40.0,39.99420166588124,0.002735870662646046,2.7376976244135854e-05
7,0.4611493587254266,0.437689346114188,0.71,182.7890384827644,118.05758899869397,80125.73037469777,0.6646516378651401,,1.0,0.0065015565804943404,40.0,39.994045515578456,0.002699735359291639,2.701586757851999e-05
8,0.3450053625597288,0.4050708644951452,0.71,188.82650891649698,113.14011722243472,80125.73037469777,0.6646516378651401,,1.0,0.0017309387965696477,40.0,39.86246086487,0.0005574827814533162,5.6638065964213215e-06
9,0.41901126071350747,0.48680870319124997,0.71,203.10646591966506,116.1121997943169,80125.73037469777,0.6646516378651401,,1.0,0.007171437296983253,40.0,39.993022342275886,0.0024938071148159517,2.4958112760984544e-05
10,0.4244943628117542,0.3288319225439268,0.71,208.2894141877045,153.04059044607774,80125.73037469777,0.6646516378651401,,1.0,0.005790504224091678,40.0,39.98430492888037,0.001661950240371902,1.664956035896747e-05
11,0.3822964363742124,0.46554051876408836,0.71,163.4827481626689,119.32494602307258,80125.73037469777,0.6646516378651401,,1.0,0.005041894108113171,40.0,39.9791546180158,0.0014416700745572269,1.4451341127630508e-05
12,0.43246426809901556,0.4507026217349614,0.71,129.84252462566081,127.3839570762049,80125.73037469777,0.6646516378651401,,1.0,0.0071442960993173075,40.0,39.98725704499104,0.001844753865023567,1.847462265518878e-05
13,0.3860733921813085,0.36063896585832905,0.71,194.51643979141434,122.09361809254071,80125.73037469777,0.6646516378651401,,1.0,0.0032584580916596804,40.0,39.958130068614956,0.001015999377331047,1.0209087788515044e-05
14,0.34478279811915175,0.34069104813522993,0.71,161.76460384800598,110.1445837776156,80125.73037469777,0.6646516378651401,,1.0,0.0010047704569051065,40.0,39.68122274611474,0.00036235171137624064,3.7589727684191126e-06
15,0.474826945924941,0.3970381948863271,0.71,151.3347444288134,155.0460749875774,80125.73037469777,0.6646516378651401,,1.0,0.009473465038432665,40.0,39.992628141540486,0.002426159445147373,2.428219440922132e-05
16,0.5194096678630591,0.4082453711094869,0.71,189.10714496575036,111.05570025283568,80125.73037469777,0.6646516378651401,,1.0,0.009146438144320437,40.0,39.996476760521546,0.0035102090903545136,3.511633218033088e-05
17,0.35039757385155174,0.40321371710957576,0.71,209.94366012337125,100.99160077942315,80125.73037469777,0.6646516378651401,,1.0,0.002086744841267459,40.0,39.887195013370835,0.0006164555651331438,6.2451378190015685e-06
18,0.4480563384184125,0.42260066021060805,0.71,193.51806471909535,151.0811065494314,80125.73037469777,0.6646516378651401,,1.0,0.00697253351529998,40.0,39.993138565949174,0.0025148561612168565,2.516843561209965e-05
19,0.3248540969761468,0.39186717657708076,0.71,172.43008737710184,97.64684869686722,80125.73037469777,0.6646516378651401,,1.0,0.0009179386520118871,40.0,39.58693258867687,0.00031657248148784584,3.3199116861038454e-06
20,0.37170016032660574,0.46284514811885613,0.71,152.87174719020047,99.49474638344356,80125.73037469777,0.6646516378651401,,1.0,0.003957479481923078,40.0,39.96226030918261,0.0010704066811752122,1.0750676551284163e-05
21,0.44312121097875296,0.3375802146733207,0.71,189.42764477900255,97.19666420831678,80125.73037469777,0.6646516378651401,,1.0,0.006513184738877501,40.0,39.98807689626082,0.0019072136594703148,1.909833485638877e-05
22,0.374518536628174,0.4124531325560856,0.71,183.38180626442536,103.1288914565835,80125.73037469777,0.6646516378651401,,1.0,0.0037390743098544943,40.0,39.96280638465907,0.0010782698304837455,1.082896960624793e-05
23,0.40778509685981007,0.3845569346540256,0.71,184.39027037883423,133.32402495463228,80125.73037469777,0.6646516378651401,,1.0,0.005673374950833753,40.0,39.98491574052191,0.001695324907677797,1.6982716339237627e-05
24,0.5206289859761658,0.37832496661600523,0.71,185.56050989631817,105.45328560750613,80125.73037469777,0.6646516378651401,,1.0,0.0077631360399669225,40.0,39.995283453979084,0.0030336270836200914,3.0352748281605322e-05
25,0.3894977004356357,0.47824188190011585,0.71,170.94060775341407,142.22274640454307,80125.73037469777,0.6646516378651401,,1.0,0.007862247754139955,40.0,39.98833984425652,0.0019286277477662702,1.9312185245201354e-05
26,0.383628932729844,0.3941819770831515,0.71,206.05843620308008,137.10992763763937,80125.73037469777,0.6646516378651401,,1.0,0.0045951736240679095,40.0,39.9740616189349,0.0012920280437290251,1.2958921505204254e-05
27,0.33912074208370707,0.3403814895058901,0.71,136.38620246680003,149.02810460551837,80125.73037469777,0.6646516378651401,,1.0,0.0007808906511904492,40.0,39.412729907908925,0.0002628004126454329,2.811833154483747e-06
28,0.45994021837324717,0.42888725384110354,0.71,199.68508750722697,119.15889985472103,80125.73037469777,0.6646516378651401,,1.0,0.007553761557129993,40.0,39.994934693742906,0.0029272691524126395,2.9289767309861466e-05
29,0.4254979989603743,0.4724235969815256,0.71,177.94269900925204,121.13663538494532,80125.73037469777,0.6646516378651401,,1.0,0.00843631446368894,40.0,39.993474979511504,0.002578921184901876,2.5808592518636753e-05
30,0.33457197426730473,0.46025489304127937,0.71,147.62889306066847,130.135127254023,80125.73037469777,0.6646516378651401,,1.0,0.0015838828389419244,40.0,39.80430398632984,0.00046579025131439925,4.764037764536321e-06
31,0.33636114351272417,0.3958102596281668,0.71,164.31578992010026,103.73368216481741,80125.73037469777,0.6646516378651401,,1.0,0.0012359426352169815,40.0,39.73491569196067,0.00039860186858842894,4.109543157602799e-06
32,0.4714957789473443,0.3782456380991324,0.71,137.16212169331928,126.04626141383524,80125.73037469777,0.6646516378651401,,1.0,0.007759606880969948,40.0,39.98940107538449,0.002023001603152143,2.0254716700937387e-05
33,0.4073625123073915,0.4475675574584321,0.71,177.37787857224197,153.51670342725615,80125.73037469777,0.6646516378651401,,1.0,0.007548089574425652,40.0,39.99006364245445,0.0020894409114476185,2.0918325273375172e-05
34,0.37646644555099495,0.4392431993340311,0.71,182.62651260178515,112.04504681328045,80125.73037469777,0.6646516378651401,,1.0,0.00471029956542532,40.0,39.973617298851266,0.0012810693043058593,1.2849663662653079e-05
35,0.31681440762036445,0.35968024460337517,0.71,210.2441233551451,113.37412512714604,80125.73037469777,0.6646516378651401,,1.0,0.0005715878989950846,40.0,39.17127311103953,0.00021809158677052007,2.3992486369702894e-06
36,0.5046510358639281,0.3942619330363663,0.71,177.23884989072718,142.079813103051,80125.73037469777,0.6646516378651401,,1.0,0.009280117289625151,40.0,39.995707358157404,0.003179966195081303,3.1815381503050586e-05
37,0.3229030076167814,0.37484876669569417,0.71,187.592033130728,99.42829459401611,80125.73037469777,0.6646516378651401,,1.0,0.000798167654645331,40.0,39.50574295768679,0.0002880329165848151,3.0489827981846862e-06
38,0.4558655142272858,0.3414382336162003,0.71,206.67442765301513,133.13063748658394,80125.73037469777,0.6646516378651401,,1.0,0.006707811113723452,40.0,39.9922880060534,0.002372007113713997,2.374114097406552e-05
39,0.3794124121287166,0.4444329616284235,0.71,190.54931780589308,107.41971403555029,80125.73037469777,0.6646516378651401,,1.0,0.0046811899995474904,40.0,39.978388294735645,0.0014158169940329136,1.4193441304312167e-05
40,0.5154848382757695,0.4952487411415408,0.71,170.96284198922072,98.80225149347513,80125.73037469777,0.6646516378651401,,1.0,0.011568467364199598,40.0,39.99706922552238,0.0038488207150165848,3.850119595067542e-05
41,0.4446520805509512,0.46038024139716144,0.71,159.5013596720682,104.65798850900178,80125.73037469777,0.6646516378651401,,1.0,0.008057046692948036,40.0,39.99260590073967,0.0024225047575323596,2.4245678584566013e-05
42,0.5004150428535955,0.4804430159431977,0.71,173.73501906489736,123.57209523995039,80125.73037469777,0.6646516378651401,,1.0,0.009847240592766216,40.0,39.996337285751665,0.003442699069311207,3.444151111932189e-05
43,0.40733471460090614,0.4968305999862243,0.71,194.560470991268,116.85786204077681,80125.73037469777,0.6646516378651401,,1.0,0.007299397426078632,40.0,39.99316197857324,0.0025191611722057677,2.521145178593155e-05
44,0.5209448354257254,0.33553851715239624,0.71,206.46724296006064,131.80322605278423,80125.73037469777,0.6646516378651401,,1.0,0.00795369337857539,40.0,39.99525413271607,0.0030242361703932854,3.025889028749102e-05
45,0.4652264613141607,0.4331314833931507,0.71,207.63831272597923,102.08723471573082,80125.73037469777,0.6646516378651401,,1.0,0.0074717692661510505,40.0,39.994800013282806,0.0028890896984255453,2.8908198293117035e-05
46,0.421550063343714,0.4000452378697492,0.71,169.4576858862698,153.66139288182796,80125.73037469777,0.6646516378651401,,1.0,0.007176895156272792,40.0,39.989790208442734,0.0020612393413145247,2.06366364075573e-05
47,0.39033679136249577,0.4044174004422896,0.71,146.52054747614835,133.82318274781426,80125.73037469777,0.6646516378651401,,1.0,0.003586833900926038,40.0,39.95465993811197,0.0009761501236946986,9.812589179152948e-06
48,0.5146515882724658,0.3535666780583177,0.71,176.9713430549989,151.86091845675418,80125.73037469777,0.6646516378651401,,1.0,0.00910727878733468,40.0,39.99544438903388,0.0030867747594957285,3.0883941483966806e-05
49,0.4202540350532325,0.3952077820950804,0.71,184.9430735193497,107.3112516513747,80125.73037469777,0.6646516378651401,,1.0,0.007349192095010766,40.0,39.99012634819227,0.002096072805915158,2.0984568634336376e-05
50,0.4863556169102752,0.4030651122084284,0.71,196.17496712760197,111.61258625550884,80125.73037469777,0.6646516378651401,,1.0,0.008211958233414158,40.0,39.995289554998514,0.0030355921074035285,3.0372387858911153e-05
51,0.3278793782025295,0.38169464108399975,0.71,160.08635486676906,96.57969961890282,80125.73037469777,0.6646516378651401,,1.0,0.000854324581711148,40.0,39.54477048720284,0.00030081314539762524,3.169992877656055e-06
52,0.3267878769634324,0.4304738223175976,0.71,212.42996978053108,108.406887604364,80125.73037469777,0.6646516378651401,,1.0,0.0011143436583774106,40.0,39.67696819365167,0.0003598683584255164,3.7350399649234357e-06
53,0.408273933519505,0.47953552162170976,0.71,210.30582642703672,146.5144398505463,80125.73037469777,0.6646516378651401,,1.0,0.006127217531008222,40.0,39.99217884963843,0.0023553816091178427,2.357503451654562e-05
54,0.3992973841746382,0.43533787036621324,0.71,169.4069565921981,97.5501695598785,80125.73037469777,0.6646516378651401,,1.0,0.007020115383651468,40.0,39.98658208603065,0.0017976871740439952,1.8004663772811305e-05
55,0.4337307806702726,0.4759302346669845,0.71,150.57338638505863,97.76340233201195,80125.73037469777,0.6646516378651401,,1.0,0.008434850195007152,40.0,39.9929129815683,0.0024744755949119316,2.476495400724369e-05
56,0.45980730346750803,0.3454637050321816,0.71,201.45752269783776,149.71551496338287,80125.73037469777,0.6646516378651401,,1.0,0.006948894356567599,40.0,39.992849589210394,0.0024634733840464247,2.4655022031829117e-05
57,0.5005332437531347,0.44149911346743553,0.71,129.07396350196794,93.82498022417678,80125.73037469777,0.6646516378651401,,1.0,0.009183838947394758,40.0,39.99412401535985,0.0027177212702101388,2.719560424507233e-05
58,0.4227097967318232,0.340650567222913,0.71,164.61669943493047,114.05891528597537,80125.73037469777,0.6646516378651401,,1.0,0.0057107632255569045,40.0,39.977942196126136,0.0014013910568304692,1.4049544099941411e-05
59,0.48661143484670616,0.32980771670671116,0.71,154.39842742938166,137.40699939489443,80125.73037469777,0.6646516378651401,,1.0,0.008317571715185499,40.0,39.989564634959834,0.0020388130104783816,2.0412639446412304e-05
60,0.43005267816058,0.3738134479590757,0.71,156.67802393413376,117.15604784924265,80125.73037469777,0.6646516378651401,,1.0,0.005932779394508868,40.0,39.98358731822203,0.0016251443217464839,1.6282180647881234e-05
61,0.5248508929293444,0.43486478610089874,0.71,181.28428317160743,114.37271596159115,80125.73037469777,0.6646516378651401,,1.0,0.0080629800955526,40.0,39.99589257543547,0.0032509078832210865,3.252445551454549e-05
62,0.4599626265056087,0.31034584639675505,0.71,137.95265186541116,146.8869591755492,80125.73037469777,0.6646516378651401,,1.0,0.004061642495851705,40.0,39.96223772051478,0.0010700850914989921,1.0747474601259169e-05
63,0.3183770149679767,0.4654006051638107,0.71,210.69524278575025,142.8256849578982,80125.73037469777,0.6646516378651401,,1.0,0.0009512896300235053,40.0,39.609028084800606,0.0003258155100946289,3.4081629453140167e-06
64,0.32664561575753726,0.4699731262190424,0.71,145.13233762759285,120.78092572843943,80125.73037469777,0.6646516378651401,,1.0,0.0013756126220487877,40.0,39.75440011284297,0.0004145807589913844,4.264706387615416e-06
65,0.4488957340113485,0.3372672637355659,0.71,137.8940038989319,124.8292445463421,80125.73037469777,0.6646516378651401,,1.0,0.00478052813538261,40.0,39.968096995791,0.0011646040650458531,1.1688894850753461e-05
66,0.47674744770951266,0.3213760157138085,0.71,173.38786236927706,147.88662990717975,80125.73037469777,0.6646516378651401,,1.0,0.008235769820484969,40.0,39.991422062607725,0.0022489833267994187,2.2512054557983847e-05
67,0.34596802992014547,0.41736989468889285,0.71,164.87090938854462,113.69684389977556,80125.73037469777,0.6646516378651401,,1.0,0.0018140044001311339,40.0,39.85748972622963,0.0005475156901654189,5.565729341038569e-06
68,0.4047094290015008,0.39082714031722543,0.71,202.89198172026283,127.4529445315753,80125.73037469777,0.6646516378651401,,1.0,0.0051580576357115,40.0,39.9842669555781,0.0016599397550929275,1.662949184591912e-05
69,0.5212732111017111,0.4789580375775569,0.71,150.95856659685563,116.3659700892978,80125.73037469777,0.6646516378651401,,1.0,0.01151277957046936,40.0,39.99607181761205,0.003324284015995771,3.3257877591625106e-05
70,0.44839514345358467,0.45513713804903877,0.71,203.7631730824139,107.82544937441199,80125.73037469777,0.6646516378651401,,1.0,0.0076012574051695795,40.0,39.99473517844294,0.002871234697556148,2.872975580898935e-05
71,0.37983508611626854,0.30105306091311496,0.71,201.75204285868227,145.0767761489229,80125.73037469777,0.6646516378651401,,1.0,0.002220339022096022,40.0,39.89366237016654,0.0006351624314148676,6.429862473493807e-06
72,0.48468164946668174,0.36060648536386275,0.71,167.27447099171627,111.15160075629834,80125.73037469777,0.6646516378651401,,1.0,0.00878205351300099,40.0,39.99369150051956,0.002622837522556196,2.6247431626201517e-05
73,0.3702774829950203,0.4009096517915907,0.71,165.33148600002497,128.34358450465578,80125.73037469777,0.6646516378651401,,1.0,0.0033580346760249485,40.0,39.94213531033543,0.0008634498493072164,8.692212849833273e-06
74,0.5265505598046568,0.4244358458882325,0.71,194.876263133169,155.5600092301178,80125.73037469777,0.6646516378651401,,1.0,0.009084641583375129,40.0,39.996769921976146,0.003666104937777267,3.667468529487906e-05
75,0.36193013532771134,0.42250792085460614,0.71,141.1180228779168,96.49637549758647,80125.73037469777,0.6646516378651401,,1.0,0.002265569628605431,40.0,39.89258175481914,0.0006319200536869596,6.397835213971613e-06
76,0.3240285388212288,0.39324120506505783,0.71,171.2655497230665,151.07298582455326,80125.73037469777,0.6646516378651401,,1.0,0.0009673660752434631,40.0,39.61062223742946,0.0003265122001049659,3.4148238141563454e-06
77,0.4492667396976032,0.3993746870787009,0.71,171.1999999609587,109.21968262670816,80125.73037469777,0.6646516378651401,,1.0,0.007518134750336313,40.0,39.992876560264094,0.0024681364617153245,2.4701614509261493e-05
78,0.31898853938946875,0.4384064241763678,0.71,143.8541822387514,106.28792024918721,80125.73037469777,0.6646516378651401,,1.0,0.0008909417098568084,40.0,39.53335489383911,0.00029691232155800974,3.1330005855868204e-06
79,0.3944721615370656,0.46600954596034916,0.71,127.81741057442645,103.40381756633998,80125.73037469777,0.6646516378651401,,1.0,0.004768377892646988,40.0,39.97318295334889,0.0012706206545188073,1.2745496646611802e-05
80,0.3854911503637733,0.3637421676971034,0.71,211.41853168372364,143.0343084887518,80125.73037469777,0.6646516378651401,,1.0,0.0037692338593204614,40.0,39.96436881452276,0.0011017565244296262,1.1062854238948599e-05
81,0.5000481639679015,0.3875763746245598,0.71,160.74220855583147,117.04680644308458,80125.73037469777,0.6646516378651401,,1.0,0.009340649679389416,40.0,39.99477984378838,0.002883499555713568,2.8852330387322624e-05
82,0.33906720885575536,0.3482704290169365,0.71,168.21206360383093,109.82157803444562,80125.73037469777,0.6646516378651401,,1.0,0.0011151671271733446,40.0,39.67983863817614,0.00036153845116312775,3.7511338508419683e-06
83,0.3554783584920615,0.46276553403100423,0.71,143.9784866568664,120.18651175901415,80125.73037469777,0.6646516378651401,,1.0,0.0027674246089438134,40.0,39.923779384925815,0.0007515322620137323,7.581561454258305e-06
84,0.3704992265883857,0.4208544592116912,0.71,177.72674240006,134.17862669126174,80125.73037469777,0.6646516378651401,,1.0,0.003853156172791507,40.0,39.95884243540677,0.0010247963494644174,1.0296638081793634e-05
85,0.5087961962746386,0.37427742568847927,0.71,140.26751951676732,111.53878984442578,80125.73037469777,0.6646516378651401,,1.0,0.009963121763303646,40.0,39.99227936904021,0.002370678789824388,2.3727869530400063e-05
86,0.32004101304045907,0.3789337162597206,0.71,142.93208467583202,118.33191938039526,80125.73037469777,0.6646516378651401,,1.0,0.0006520084541976272,40.0,39.28540209244305,0.00023645659507851174,2.5673278200509678e-06
87,0.4466295962698772,0.42146613351429496,0.71,165.94265495030746,107.6912490883358,80125.73037469777,0.6646516378651401,,1.0,0.008035369315128337,40.0,39.993208580912295,0.0025277963503095536,2.5297735844602135e-05
88,0.34477128480966895,0.31922168670562945,0.71,155.4895970204991,116.61499466673725,80125.73037469777,0.6646516378651401,,1.0,0.0008941210910392256,40.0,39.582698498144914,0.00031488437765319146,3.303818567807875e-06
89,0.41359783388038107,0.4734049738670826,0.71,188.61403473060872,96.98972828229213,80125.73037469777,0.6646516378651401,,1.0,0.007288413025857403,40.0,39.99327753434105,0.002540737373832307,2.5427045449250956e-05
90,0.5001225820376879,0.4206296300103124,0.71,151.87946277244222,142.3458801825112,80125.73037469777,0.6646516378651401,,1.0,0.010634617854094216,40.0,39.995760912973765,0.003200000184535468,3.201562303160122e-05
91,0.46759174684635224,0.47207872983657695,0.71,205.30731024169313,151.13985181554764,80125.73037469777,0.6646516378651401,,1.0,0.00829856068901477,40.0,39.996254091158896,0.003404237870774982,3.4057063115903586e-05
92,0.322110011972663,0.39698886539545764,0.71,164.66608001100823,97.82213733563172,80125.73037469777,0.6646516378651401,,1.0,0.0008652191354298686,40.0,39.52803212194382,0.0002951412363706351,3.116221259896362e-06
93,0.31768709669335193,0.4966604488572351,0.71,198.10282214255687,142.78811579204248,80125.73037469777,0.6646516378651401,,1.0,0.0010845945446635247,40.0,39.68152859358724,0.00036253212454238383,3.760711918308731e-06
94,0.3830923363854156,0.3598362146396494,0.71,187.45336489010356,140.0467801797343,80125.73037469777,0.6646516378651401,,1.0,0.0031272149233511574,40.0,39.95557336245837,0.000986185971878345,9.91243043419945e-06
95,0.37552666336688856,0.4975481493789154,0.71,194.02022780289118,155.3899093300149,80125.73037469777,0.6646516378651401,,1.0,0.005153410892017,40.0,39.98405466197266,0.001648832484064723,1.651862149364848e-05
96,0.5027840016362985,0.4416413828206345,0.71,205.08885440163303,128.4060548289693,80125.73037469777,0.6646516378651401,,1.0,0.00901972506221386,40.0,39.9968311408013,0.0037013611113847406,3.7027117193831763e-05
97,0.5113032619028165,0.37402630902800155,0.71,135.12711628761656,131.62118396932894,80125.73037469777,0.6646516378651401,,1.0,0.009672385082503456,40.0,39.99254044022049,0.0024118430374431604,2.413915250637137e-05
98,0.4173010082498427,0.33901727869580933,0.71,194.8929198422644,97.64084358854147,80125.73037469777,0.6646516378651401,,1.0,0.004682575106637837,40.0,39.979138324176546,0.0014411056096131996,1.4445710013899459e-05
99,0.3431953839276227,0.3265549074458861,0.71,209.33643471795884,107.88114546019821,80125.73037469777,0.6646516378651401,,1.0,0.0010145425757367953,40.0,39.643967575549915,0.0003421257524716614,3.5644078120243053e-06
100,0.5182163607317137,0.4656889770549062,0.71,145.1529538567275,103.08013269262626,80125.73037469777,0.6646516378651401,,1.0,0.011337903061218187,40.0,39.9961733414908,0.0033681128024831072,3.369596986323401e-05
101,0.4247017740681152,0.43780729595622625,0.71,139.05316634174307,146.35923276951743,80125.73037469777,0.6646516378651401,,1.0,0.0077089523985296535,40.0,39.988498453776124,0.0019418981091668113,1.9444712048218977e-05
102,0.40628239845245007,0.46506658127695966,0.71,208.83871029353614,114.8884570294735,80125.73037469777,0.6646516378651401,,1.0,0.0062224718209022345,40.0,39.99101990576391,0.0021979973649376527,2.2002709870076827e-05
103,0.43798547561629236,0.4654207874049592,0.71,191.53065850022054,152.08990442822383,80125.73037469777,0.6646516378651401,,1.0,0.007839299114082165,40.0,39.99475512565302,0.0028766927334595662,2.8784303157674946e-05
104,0.34709388063154395,0.3278702787735645,0.71,190.8743179387347,150.40804725705792,80125.73037469777,0.6646516378651401,,1.0,0.0011747896648582397,40.0,39.72989885605527,0.00039476752577739105,4.072362943160255e-06
105,0.36421014550532527,0.36126357310642476,0.71,200.02537874197654,154.36439801289512,80125.73037469777,0.6646516378651401,,1.0,0.0021786625620883733,40.0,39.9082447041014,0.0006843506192168923,6.916182256288392e-06
106,0.4257630190731595,0.356486703432936,0.71,154.91033749511521,131.61656223872976,80125.73037469777,0.6646516378651401,,1.0,0.004743986027607241,40.0,39.97718421272987,0.00137785584139789,1.3814799020153163e-05
107,0.38692430036778036,0.33088501409217885,0.71,185.18514574819213,109.3609699622677,80125.73037469777,0.6646516378651401,,1.0,0.0026605409726480353,40.0,39.940234657792395,0.0008495160791289853,8.553815339940092e-06
108,0.5000476859178391,0.3523966111941068,0.71,178.53126473705314,103.08843128631176,80125.73037469777,0.6646516378651401,,1.0,0.008481974706923029,40.0,39.994164639378205,0.0027271712191680847,2.7290040048801526e-05
109,0.34536251054137496,0.3765649333140815,0.71,148.6582796952772,134.31744103902722,80125.73037469777,0.6646516378651401,,1.0,0.0011395748433307427,40.0,39.72144330624942,0.00038853864196364594,4.012010422454275e-06
110,0.34362831278430106,0.4202996715246715,0.71,169.93861830740977,95.54306302324653,80125.73037469777,0.6646516378651401,,1.0,0.0018665678432627608,40.0,39.859120581553995,0.0005507276412619014,5.597329138522834e-06
111,0.3477124038458432,0.31408411523083934,0.71,206.39793695163144,101.86087183745613,80125.73037469777,0.6646516378651401,,1.0,0.0010749381891241362,40.0,39.67052583857137,0.0003561988802772436,3.6996978567262145e-06
112,0.5165973036445645,0.3737986247459582,0.71,180.36010538769256,125.71187636270392,80125.73037469777,0.6646516378651401,,1.0,0.008489299808657782,40.0,39.995053352056445,0.0029621904421554698,2.9638779015991878e-05
113,0.4563598629810446,0.3275936145733911,0.71,150.901249339696,143.0024746564995,80125.73037469777,0.6646516378651401,,1.0,0.005556098343406805,40.0,39.98045096068272,0.0014888143161997111,1.4921689140706e-05
114,0.4579460832456241,0.4633472871939317,0.71,171.05249664606865,128.06720430437665,80125.73037469777,0.6646516378651401,,1.0,0.008907055223201038,40.0,39.99490507564997,0.00291874329291272,2.920455856525536e-05
115,0.5234727778917314,0.41074607257304563,0.71,144.88330421305383,123.97654355771174,80125.73037469777,0.6646516378651401,,1.0,0.010761696107682187,40.0,39.99560576555898,0.003142973204702213,3.144563652633841e-05
116,0.39104099441775453,0.3470602463335161,0.71,177.78560083566873,143.8876677361552,80125.73037469777,0.6646516378651401,,1.0,0.003271045749809834,40.0,39.95400792896872,0.0009691697625046253,9.743151587408304e-06
117,0.4995073794387495,0.39341464134765425,0.71,138.44457205436734,111.07155578335652,80125.73037469777,0.6646516378651401,,1.0,0.010070495317452155,40.0,39.99331140374053,0.0025471670515332797,2.5491292608283554e-05
118,0.3340376865221361,0.38598973840956713,0.71,203.65526620128125,102.98070624763088,80125.73037469777,0.6646516378651401,,1.0,0.0011814749017156892,40.0,39.700513152646934,0.0003742597155805211,3.873891256943941e-06
119,0.45857945738521716,0.4802862157376354,0.71,144.68836236198322,107.32176608865801,80125.73037469777,0.6646516378651401,,1.0,0.010145067330516542,40.0,39.99475839372157,0.002877589924285349,2.8793269651673888e-05
120,0.36942396066088207,0.3378640769079523,0.71,207.97400014305106,104.95571315113172,80125.73037469777,0.6646516378651401,,1.0,0.002212081700714069,40.0,39.899373893324295,0.0006531550827708264,6.607658905762443e-06
121,0.390326629765747,0.43408914855455694,0.71,147.096005960142,100.94246138271546,80125.73037469777,0.6646516378651401,,1.0,0.004575640734910779,40.0,39.96772239956094,0.0011578014662654715,1.1621119719223185e-05
122,0.5056212778516875,0.300565406437324,0.71,200.44109157213225,127.59163510742464,80125.73037469777,0.6646516378651401,,1.0,0.008048855934112111,40.0,39.99418025040881,0.002730828937525025,2.7326592700181668e-05
123,0.33904561881900913,0.3833792081266205,0.71,149.42617149468418,122.10100761582979,80125.73037469777,0.6646516378651401,,1.0,0.0010290687844192918,40.0,39.675598758850406,0.00035907931750475225,3.727438212224907e-06
124,0.41527893068916305,0.3517542178844301,0.71,206.33891957414772,105.49313817403362,80125.73037469777,0.6646516378651401,,1.0,0.004955790879304829,40.0,39.98395134261341,0.0016435066390646717,1.6465461040150866e-05
125,0.45797771002549953,0.4845621750887503,0.71,207.9625897849181,148.7656249952171,80125.73037469777,0.6646516378651401,,1.0,0.008093717390363873,40.0,39.99610047946857,0.0033364840609709056,3.337982308087196e-05
126,0.3300790518398827,0.42984807381089507,0.71,207.11917061897637,148.22224034533102,80125.73037469777,0.6646516378651401,,1.0,0.001359602217696421,40.0,39.75397618106806,0.00041421321236596317,4.2611334794671215e-06
127,0.40260877675981266,0.4585940153789387,0.71,146.14814443320876,135.10215443698647,80125.73037469777,0.6646516378651401,,1.0,0.006823927961812853,40.0,39.98236372017229,0.0015676445931269547,1.570830853515895e-05
128,0.4808352594166573,0.3268703474596786,0.71,144.61429932165046,141.47656810235446,80125.73037469777,0.6646516378651401,,1.0,0.0067372674191166,40.0,39.983258211270616,0.0016090611452605663,1.6121655526602144e-05
129,0.3207682607028282,0.32701757250185315,0.71,207.8760579103815,131.25689284560005,80125.73037469777,0.6646516378651401,,1.0,0.0005733053800048559,40.0,39.1680822636871,0.00021763168479481783,2.395068897267516e-06
130,0.49897229086049977,0.4622046797568684,0.71,200.20071376922502,110.09039758852978,80125.73037469777,0.6646516378651401,,1.0,0.00901226428978057,40.0,39.996550292499926,0.003547437645441664,3.5488468335898135e-05
131,0.3327890855785869,0.4227583382094204,0.71,207.94959133791536,93.91442210164374,80125.73037469777,0.6646516378651401,,1.0,0.0013410604266177243,40.0,39.758693501047,0.0004183570114137136,4.301425217283948e-06
132,0.5085959145718918,0.35725932083323414,0.71,211.2082953951922,144.60382018993622,80125.73037469777,0.6646516378651401,,1.0,0.00805907489213916,40.0,39.99576550232427,0.0032017346419173703,3.203295914717167e-05
133,0.333888076158956,0.4635407549489616,0.71,164.75380402079082,119.29583329311086,80125.73037469777,0.6646516378651401,,1.0,0.0014743682045759306,40.0,39.83072848076512,0.000501596707238644,5.114677474801294e-06
134,0.4257451882164522,0.4628013038500224,0.71,137.44839009538063,124.866713020782,80125.73037469777,0.6646516378651401,,1.0,0.008880020303629728,40.0,39.990366941571985,0.002122116330153331,2.124471162124747e-05
135,0.36888691012108776,0.4958456578379125,0.71,193.5183232600738,127.39645212976814,80125.73037469777,0.6646516378651401,,1.0,0.00490068779386962,40.0,39.97928709127807,0.0014462839990610217,1.4497370126811926e-05
136,0.47203869697298534,0.30602549927506484,0.71,211.88465855211084,131.18610327292322,80125.73037469777,0.6646516378651401,,1.0,0.0065644390424273264,40.0,39.991633673896175,0.0022772754775576753,2.2794700262739433e-05
137,0.5205993036140247,0.3446202989987841,0.71,137.4736087766819,128.1392743114608,80125.73037469777,0.6646516378651401,,1.0,0.009470715078247486,40.0,39.99107077446133,0.002204255790284459,2.2065229636234852e-05
138,0.468911062561877,0.40954035912847325,0.71,174.48395530856052,96.9711768421476,80125.73037469777,0.6646516378651401,,1.0,0.00869236690617574,40.0,39.9940298214538,0.0026961821190994496,2.6980359559025263e-05
139,0.47247746927309076,0.31479237475828103,0.71,154.7596283434396,153.65426996329046,80125.73037469777,0.6646516378651401,,1.0,0.0060218042961629244,40.0,39.985392428243095,0.0017228118477878517,1.7257116395491336e-05
140,0.4918374802856025,0.44054786111641103,0.71,158.18046668091182,147.50742416578717,80125.73037469777,0.6646516378651401,,1.0,0.009693458874474977,40.0,39.995074980071635,0.0029686911804015313,2.9703749468012607e-05
141,0.4518179884463027,0.4524626845062387,0.71,174.1108727491317,138.5196489150025,80125.73037469777,0.6646516378651401,,1.0,0.008118435631085578,40.0,39.994294862818826,0.002758141009357562,2.7599532292216012e-05
142,0.4150726070751898,0.44926447201826236,0.71,176.15900974552503,97.72274494619981,80125.73037469777,0.6646516378651401,,1.0,0.007506940467583398,40.0,39.99056155167681,0.0021439065466314646,2.146237470711184e-05
143,0.4529908450115724,0.37975176902558827,0.71,190.06485714613828,125.4489081451327,80125.73037469777,0.6646516378651401,,1.0,0.007245989734085371,40.0,39.992646343660255,0.0024291628079347854,2.4312202589333435e-05
144,0.36476005245812465,0.49425685284013465,0.71,182.76650537201104,112.41956779529258,80125.73037469777,0.6646516378651401,,1.0,0.0046657635823915845,40.0,39.974292817461446,0.0012978422806930081,1.3016891278461442e-05
145,0.4141572965390155,0.41028017545950085,0.71,203.28718150202388,120.09154625703935,80125.73037469777,0.6646516378651401,,1.0,0.0055900601395458506,40.0,39.988375725617125,0.0019316060525840116,1.934192840017546e-05
146,0.45750934736395443,0.3307592835771826,0.71,130.1197196692663,148.20771152192185,80125.73037469777,0.6646516378651401,,1.0,0.002977601964515799,40.0,39.95390608241911,0.0009680927729379174,9.732438630752106e-06
147,0.34988860710476655,0.4852791074604678,0.71,130.00468129977867,140.79906606810783,80125.73037469777,0.6646516378651401,,1.0,0.002197638220676873,40.0,39.918752026604395,0.0007276985694659871,7.345374108935455e-06
148,0.5227378837032426,0.48456167517775184,0.71,192.0761109190143,115.27584029322375,80125.73037469777,0.6646516378651401,,1.0,0.010133114420584385,40.0,39.99697184540749,0.00378640814481222,3.7877284273145676e-05
149,0.475727483075913,0.4647780223334252,0.71,141.47471238432792,139.51950176054,80125.73037469777,0.6646516378651401,,1.0,0.010280871936657904,40.0,39.995031926802504,0.002955792540574804,2.957483650488552e-05
150,0.4626688506406471,0.3688813515585714,0.71,196.8444544635649,96.55238598065118,80125.73037469777,0.6646516378651401,,1.0,0.006797809598280774,40.0,39.99335770247038,0.002556035694417621,2.5579911006746376e-05
151,0.4371070212341172,0.44375427537509426,0.71,139.9308612715058,115.33478150473998,80125.73037469777,0.6646516378651401,,1.0,0.008913281052830704,40.0,39.99013499625094,0.002096992399925345,2.099375413150442e-05
152,0.4129290415534718,0.4562932055544062,0.71,210.4547204281649,146.4868778289985,80125.73037469777,0.6646516378651401,,1.0,0.006558850796646831,40.0,39.99162734113007,0.0022764132615527874,2.278608640677354e-05
153,0.43362913503979555,0.303665163875022,0.71,207.53781581980093,149.32399411824133,80125.73037469777,0.6646516378651401,,1.0,0.00566024797953196,40.0,39.982253884426044,0.0015627758770229243,1.565972043748699e-05
154,0.39873903998683174,0.4068788454506722,0.71,147.1979108701242,152.7931424157973,80125.73037469777,0.6646516378651401,,1.0,0.0045080940459908524,40.0,39.96800448062935,0.001162912916891617,1.1672045460295614e-05
155,0.3863406435796582,0.3934663225010171,0.71,204.7328003925388,154.2054852992957,80125.73037469777,0.6646516378651401,,1.0,0.004747953035946709,40.0,39.97631825075014,0.0013523619832988035,1.3560541780732013e-05
156,0.477751893497228,0.37230549658614875,0.71,194.0850770514293,130.48674938834367,80125.73037469777,0.6646516378651401,,1.0,0.007744436307882954,40.0,39.99436051166249,0.0027741586978698497,2.7759604609864015e-05
157,0.3689438726529242,0.3517053225115283,0.71,195.51178525110262,135.78810623018828,80125.73037469777,0.6646516378651401,,1.0,0.00215564811355475,40.0,39.909878208765136,0.0006905900348180282,6.97792659884987e-06
158,0.3323978867142206,0.37162408748582054,0.71,148.48393238424228,104.50346664037957,80125.73037469777,0.6646516378651401,,1.0,0.0008087591681432509,40.0,39.52429122956098,0.0002939140257182917,3.104600691133347e-06
159,0.37142231961852773,0.3079527394225318,0.71,144.65327621118783,115.17931239587972,80125.73037469777,0.6646516378651401,,1.0,0.0011300477863519813,40.0,39.70394170275882,0.00037649571256776816,3.8954976778552375e-06
160,0.436119453003546,0.31881476509230494,0.71,164.11325236666576,115.50497190224972,80125.73037469777,0.6646516378651401,,1.0,0.005697996934611784,40.0,39.978678187696055,0.0014254330833110486,1.4289364838913376e-05
161,0.44763840709832337,0.47492647558910756,0.71,129.3406752705304,147.1280957204339,80125.73037469777,0.6646516378651401,,1.0,0.009358978735229711,40.0,39.9923385683067,0.002379828299598101,2.3819283649097788e-05
162,0.3258481895313281,0.33695903229736973,0.71,195.70578184360184,137.22649468116214,80125.73037469777,0.6646516378651401,,1.0,0.0007046371122241897,40.0,39.39926029859356,0.00025963151263378863,2.7822387092490725e-06
163,0.3492050537766556,0.4917267662128841,0.71,186.28767925857764,155.3115617343717,80125.73037469777,0.6646516378651401,,1.0,0.00327073550937445,40.0,39.95029948110396,0.0009321117791769484,9.374605959076662e-06
164,0.4564553013355652,0.378982129455134,0.71,141.40499379739012,111.12470079030633,80125.73037469777,0.6646516378651401,,1.0,0.008050249828044328,40.0,39.98699623802702,0.0018261332945697973,1.8288692707606826e-05
165,0.5181463057040501,0.41221539894526593,0.71,152.94433039747776,119.21033094996486,80125.73037469777,0.6646516378651401,,1.0,0.010449347205543994,40.0,39.99493528970408,0.0029274414726866917,2.929148950804214e-05
166,0.3457715132189599,0.4538830107657429,0.71,160.2030285085694,119.59995984152316,80125.73037469777,0.6646516378651401,,1.0,0.0019322106388241316,40.0,39.89085904424668,0.0006268505934438475,6.34776863551726e-06
167,0.45983537791147727,0.3153044358233046,0.71,176.95757950218143,139.367803627917,80125.73037469777,0.6646516378651401,,1.0,0.007364156574668049,40.0,39.98775894827795,0.0018822473350146142,1.8849018622108543e-05
168,0.4587089472624333,0.32978629099698226,0.71,195.6642833254175,154.6561950421251,80125.73037469777,0.6646516378651401,,1.0,0.006754701562486768,40.0,39.99138608608702,0.002244277257482595,2.2465040414939583e-05
169,0.4995748985409386,0.4923890160487622,0.71,204.26093739555404,132.57306301559112,80125.73037469777,0.6646516378651401,,1.0,0.009261456414954383,40.0,39.996990417944865,0.003798077454634335,3.7993936820745545e-05
170,0.49481078128035716,0.4115489094731384,0.71,141.1827127493741,116.75499635401695,80125.73037469777,0.6646516378651401,,1.0,0.010004364828937814,40.0,39.994037145329756,0.002697838541444159,2.699691240807551e-05
171,0.36185275431153313,0.38563289981872173,0.71,160.29504319508186,131.9589442811863,80125.73037469777,0.6646516378651401,,1.0,0.0018973076596521163,40.0,39.88573050006772,0.0006124406249849948,6.2055098028415e-06
172,0.47187741867830346,0.3508081827585279,0.71,128.79962081072048,131.50911591024564,80125.73037469777,0.6646516378651401,,1.0,0.004429481370329034,40.0,39.97405036584424,0.0012917470309807134,1.2956119758807952e-05
173,0.3341684425789872,0.46646922490014076,0.71,212.30991287845302,96.0485848542078,80125.73037469777,0.6646516378651401,,1.0,0.0016789688304954047,40.0,39.84050414307329,0.0005170325117670074,5.2661429739783936e-06
174,0.4362509005743218,0.30138531590285367,0.71,179.2939116488338,104.94274211957716,80125.73037469777,0.6646516378651401,,1.0,0.00471418058609624,40.0,39.97633756358295,0.001352915262334457,1.3566059512827307e-05
175,0.35129858705406947,0.4134007232454585,0.71,166.76642231037843,121.99432648982197,80125.73037469777,0.6646516378651401,,1.0,0.002329820571511365,40.0,39.8923774099226,0.0006313123929697397,6.391833363884592e-06
176,0.5105726685028434,0.38023321089998835,0.71,196.76855758387842,106.44759727886442,80125.73037469777,0.6646516378651401,,1.0,0.00846352570257954,40.0,39.99579596669377,0.003213319962771648,3.214875609278936e-05
177,0.392106688626741,0.3697631109165849,0.71,200.77297808017622,155.69160137758738,80125.73037469777,0.6646516378651401,,1.0,0.004525485192393784,40.0,39.973504882481805,0.0012783404044110235,1.282245760198906e-05
178,0.43587722513609556,0.4317394610102362,0.71,147.63189752440806,135.01415693097707,80125.73037469777,0.6646516378651401,,1.0,0.00864377940840332,40.0,39.989059751421394,0.001991154671124086,1.9936641954787868e-05
179,0.4250821979481093,0.4259836393669003,0.71,151.22290259102783,123.69942647956904,80125.73037469777,0.6646516378651401,,1.0,0.007826257076377642,40.0,39.98710304488429,0.0018336905959025179,1.8364153129120582e-05
180,0.4007535173049078,0.3561646656072007,0.71,188.4802477394984,98.92030737488227,80125.73037469777,0.6646516378651401,,1.0,0.004182451466638954,40.0,39.97313051001713,0.0012693762268978209,1.2733090769376512e-05
181,0.5211217483707934,0.42886419243024926,0.71,175.4337733562759,129.8044664689131,80125.73037469777,0.6646516378651401,,1.0,0.010184670056932124,40.0,39.996182924057344,0.003372339746814105,3.373822071172304e-05
182,0.41680116461301653,0.36271922424464365,0.71,137.90416913706784,139.763036417812,80125.73037469777,0.6646516378651401,,1.0,0.0037149608884255395,40.0,39.956263540734625,0.00099397626909502,9.98993905648449e-06
183,0.5079590859731979,0.4896641763739884,0.71,203.03116533999295,95.33774508572773,80125.73037469777,0.6646516378651401,,1.0,0.009497951318484901,40.0,39.997105103454466,0.0038726054733297945,3.873896378589817e-05
184,0.4722261414770145,0.4250375280978044,0.71,184.67100650832148,133.6015117445666,80125.73037469777,0.6646516378651401,,1.0,0.008820434822919169,40.0,39.995638647443464,0.0031548049601581142,3.1563894462860756e-05
185,0.343143158113224,0.45741836213721937,0.71,180.72411943639764,94.21256495778499,80125.73037469777,0.6646516378651401,,1.0,0.002217167256209766,40.0,39.89357673074343,0.0006349036777929091,6.427306434848222e-06
186,0.5108402475422331,0.37514121454457094,0.71,138.60365008011024,128.1686591803067,80125.73037469777,0.6646516378651401,,1.0,0.009833569837790783,40.0,39.993328209555216,0.0025503755770058477,2.5523353196198674e-05
187,0.4448418986464043,0.3775439753224574,0.71,174.2014317516654,148.7697635730587,80125.73037469777,0.6646516378651401,,1.0,0.0074083902088673955,40.0,39.99075345591385,0.0021660637215501115,2.1683708275595128e-05
188,0.40018736873311217,0.3659766744789452,0.71,201.7488309502638,132.85747021053461,80125.73037469777,0.6646516378651401,,1.0,0.00499532772509763,40.0,39.97917512280915,0.0014423813594677281,1.4458436935361398e-05
189,0.49581156042916846,0.3341795994969794,0.71,137.68534846552342,139.2664689212783,80125.73037469777,0.6646516378651401,,1.0,0.007644932488973398,40.0,39.98623417808822,0.0017747894797432143,1.7776044828373914e-05
190,0.40519992589887405,0.35477399757965644,0.71,206.19889430941984,97.50303775765792,80125.73037469777,0.6646516378651401,,1.0,0.0048833366310040835,40.0,39.97999580911033,0.0014717409156562349,1.475134340599112e-05
191,0.3820246697040666,0.45619311635363663,0.71,188.54574691912657,127.41873975497455,80125.73037469777,0.6646516378651401,,1.0,0.005284759554916567,40.0,39.98259472922256,0.0015780344733320928,1.581199797312789e-05
192,0.38226140316082613,0.4856151023039315,0.71,205.3897269980777,121.03256098163506,80125.73037469777,0.6646516378651401,,1.0,0.005435364463546601,40.0,39.98564550624119,0.0017379579081639148,1.7408324705573508e-05
193,0.4029451391096638,0.44272261308145117,0.71,179.62584419537214,132.50736541039913,80125.73037469777,0.6646516378651401,,1.0,0.0060218586557599365,40.0,39.98838053044305,0.0019320059201412985,1.9345921729031427e-05
194,0.4078549967101047,0.4291990226881763,0.71,165.06133743284343,151.1164868042078,80125.73037469777,0.6646516378651401,,1.0,0.008056612794984812,40.0,39.987103302163774,0.0018337089133904866,1.836433603222455e-05
195,0.32661888944851547,0.4523086216554312,0.71,135.11971267829108,122.48108459124721,80125.73037469777,0.6646516378651401,,1.0,0.0010321006411327536,40.0,39.67198127608327,0.00035701853053260473,3.7075899334139853e-06
196,0.4804793332369278,0.392372402947115,0.71,173.3484077471212,153.38592320084285,80125.73037469777,0.6646516378651401,,1.0,0.008631794687867704,40.0,39.994098372346194,0.002711806487441498,2.713649650438049e-05
197,0.3942276654082302,0.40869516985914917,0.71,182.4962368900857,100.68817277022946,80125.73037469777,0.6646516378651401,,1.0,0.005436202775300191,40.0,39.980592786752844,0.0014942566787350443,1.4975990858511714e-05
198,0.351863886347984,0.40454023865916744,0.71,196.96110647999882,136.18093414900184,80125.73037469777,0.6646516378651401,,1.0,0.0019255515074256301,40.0,39.89460766051968,0.0006380393976050525,6.4582836179273146e-06
199,0.4122805753258381,0.4704032180392158,0.71,199.732762296249,120.65749724948208,80125.73037469777,0.6646516378651401,,1.0,0.006773982573163104,40.0,39.992327793780376,0.002378155171502931,2.3802567129916766e-05
200,0.37559602811496356,0.3243439385152884,0.71,166.69747033325007,126.41302198243329,80125.73037469777,0.6646516378651401,,1.0,0.00207794866431994,40.0,39.88727459593825,0.0006166759685640686,6.2473134242166734e-06
201,0.40283453425135723,0.31979333516370634,0.71,133.58936151239652,155.3930227479217,80125.73037469777,0.6646516378651401,,1.0,0.0016253680132107971,40.0,39.83777465466301,0.0005125834077846838,5.222468285550748e-06
202,0.46294832317745077,0.4280353617179524,0.71,165.6385191223651,110.65555352840609,80125.73037469777,0.6646516378651401,,1.0,0.00874936152901564,40.0,39.9941739193951,0.0027293437875537075,2.731175115339675e-05
203,0.380195407033194,0.3105171142244987,0.71,133.7340757418892,144.2171955221543,80125.73037469777,0.6646516378651401,,1.0,0.0010977598679780642,40.0,39.68222351308271,0.0003629429997109216,3.764672907957061e-06
204,0.4881074258516231,0.3660110688194995,0.71,127.92258705905051,99.31792853818516,80125.73037469777,0.6646516378651401,,1.0,0.006001100910350621,40.0,39.98509850774677,0.0017057077829209521,1.7086366028838927e-05
205,0.41523679754357257,0.41020961259055116,0.71,180.0036040898042,102.12886702988993,80125.73037469777,0.6646516378651401,,1.0,0.006398593828199702,40.0,39.988091321051755,0.0019083699837730817,1.9109882247054214e-05
206,0.4647154385194551,0.39348507152912565,0.71,179.60239950866108,112.3204462714954,80125.73037469777,0.6646516378651401,,1.0,0.008311334682751597,40.0,39.99402483697735,0.0026950565346731013,2.6969111451949946e-05
207,0.5102811095276987,0.32895265474268326,0.71,134.59237433076328,117.41067204855487,80125.73037469777,0.6646516378651401,,1.0,0.0076742071530651185,40.0,39.985610583129386,0.001735844123597979,1.7387221806332925e-05
208,0.3711962311778744,0.4389108776968237,0.71,179.87781862858836,137.7433940812374,80125.73037469777,0.6646516378651401,,1.0,0.004318083051401857,40.0,39.96744860976324,0.0011529038561115593,1.1572326047233593e-05
209,0.479789959354231,0.4492627870296749,0.71,142.39508513667604,109.12805560501135,80125.73037469777,0.6646516378651401,,1.0,0.009981697285615002,40.0,39.99448301557895,0.0028048092918574394,2.8065913781102966e-05
210,0.48131581124048634,0.44196023808168505,0.71,178.99699751353228,99.31861705763806,80125.73037469777,0.6646516378651401,,1.0,0.008754986092347693,40.0,39.995462486744636,0.0030929276017759902,3.094543770867583e-05
211,0.44958074174939383,0.38468103447195123,0.71,210.8689096890785,100.7751927092089,80125.73037469777,0.6646516378651401,,1.0,0.006754254549189629,40.0,39.99349468582504,0.0025828272781878918,2.5847624163441196e-05
212,0.5186942199721928,0.33943854718898914,0.71,184.95848571834506,135.7537035329242,80125.73037469777,0.6646516378651401,,1.0,0.008638484311693706,40.0,39.99496548578676,0.0029362125785961407,2.9379149590651018e-05
213,0.5259684834524211,0.4707719597025067,0.71,145.3062652905521,137.43192407670938,80125.73037469777,0.6646516378651401,,1.0,0.012028584350300872,40.0,39.996679309755486,0.0036157213164684896,3.617103902067189e-05
214,0.36327343081870167,0.4908314064361027,0.71,143.2055972416972,115.02734547525031,80125.73037469777,0.6646516378651401,,1.0,0.004283508356978228,40.0,39.96236058929108,0.0010718378345795827,1.076492611974207e-05
215,0.4096342392931047,0.3880603807403089,0.71,183.26742489827433,93.76653149877824,80125.73037469777,0.6646516378651401,,1.0,0.00581537383402432,40.0,39.98498807741044,0.001699411650540032,1.7023513027540893e-05
216,0.37141398864982417,0.4522536888089502,0.71,167.6400170505492,131.6491462915684,80125.73037469777,0.6646516378651401,,1.0,0.005019751944378075,40.0,39.97085044597884,0.0012185603755390099,1.222656692956898e-05
217,0.40727115117698975,0.45693110959215133,0.71,143.73741939188866,105.44521759016101,80125.73037469777,0.6646516378651401,,1.0,0.007827120130874516,40.0,39.985216940430085,0.0017125383700385246,1.7154555280891243e-05
218,0.46921738254412276,0.41044154798987587,0.71,169.77969703067123,117.74934763501223,80125.73037469777,0.6646516378651401,,1.0,0.008543437484293507,40.0,39.99385458424544,0.0026574363256181045,2.659317172641831e-05
219,0.3593310940022716,0.428297614188786,0.71,141.92893956030724,111.00850192146963,80125.73037469777,0.6646516378651401,,1.0,0.0022375987160841242,40.0,39.89485271678563,0.0006387915197351912,6.4657142349876645e-06
220,0.393799199156168,0.3177116746522558,0.71,144.44010724688206,134.5744804750575,80125.73037469777,0.6646516378651401,,1.0,0.0017466489760868268,40.0,39.85736039626061,0.0005472633236585429,5.563246762651255e-06
221,0.41342011644097276,0.47031361397022614,0.71,211.45242760481716,146.0600827023153,80125.73037469777,0.6646516378651401,,1.0,0.006448966947468174,40.0,39.9918566999471,0.002308279117027359,2.310444217482611e-05
222,0.3273535799372797,0.4214929052705335,0.71,174.70433820573095,96.88383094206768,80125.73037469777,0.6646516378651401,,1.0,0.0011780212463716744,40.0,39.69618503281269,0.0003714906796398134,3.847146020872029e-06
223,0.4172161980212253,0.34329713635737696,0.71,155.51292379093084,143.56354579604024,80125.73037469777,0.6646516378651401,,1.0,0.003703258050398148,40.0,39.966516367353165,0.001136680063053005,1.1410703596804e-05
224,0.4053096657350554,0.3738141237100454,0.71,136.27056422514426,150.92777666859445,80125.73037469777,0.6646516378651401,,1.0,0.0035000910752485364,40.0,39.943551674055904,0.0008742867276959413,8.799870920783572e-06
225,0.39870499965023576,0.313347231009368,0.71,143.42354800761768,125.7607223996661,80125.73037469777,0.6646516378651401,,1.0,0.001828169175895358,40.0,39.8606192220969,0.0005537284975943725,5.62685746263266e-06
226,0.45735431281611716,0.46966388076479826,0.71,162.58881466288867,126.53056644667396,80125.73037469777,0.6646516378651401,,1.0,0.0092297550179303,40.0,39.994403665070784,0.0027848408636297526,2.7866357199560848e-05
227,0.4847586389932185,0.41815978045935265,0.71,175.5379542980073,119.53103603420521,80125.73037469777,0.6646516378651401,,1.0,0.0091405650312987,40.0,39.99514687275191,0.002990611346361339,2.992282778244145e-05
228,0.3396509535494687,0.4716786854920571,0.71,187.39017444462922,139.06425999313416,80125.73037469777,0.6646516378651401,,1.0,0.002140095556357325,40.0,39.902188363130044,0.0006625932570417353,6.700968767848683e-06
229,0.4050284208564967,0.33715782487380586,0.71,134.9041361651464,128.20403811943592,80125.73037469777,0.6646516378651401,,1.0,0.002221501772521569,40.0,39.88761569072517,0.000617623267705693,6.2566644532934565e-06
230,0.4629198800187038,0.32572884486352727,0.71,182.0239487746496,100.85675313320807,80125.73037469777,0.6646516378651401,,1.0,0.00788167635081552,40.0,39.990761637628225,0.0021670236889974846,2.1693297740708997e-05
231,0.4543559050015979,0.3403558268880813,0.71,200.04385400703865,107.3761648178585,80125.73037469777,0.6646516378651401,,1.0,0.006110079721155389,40.0,39.991022747778175,0.0021983456177013167,2.200618879965783e-05
232,0.46769935817987596,0.3830443861281423,0.71,167.5094720068884,115.57173779485122,80125.73037469777,0.6646516378651401,,1.0,0.008699193460764365,40.0,39.99285943705442,0.002465172935221074,2.4672003567890836e-05
233,0.329973141913319,0.36029065591993553,0.71,166.14662410248246,118.0672970806626,80125.73037469777,0.6646516378651401,,1.0,0.0009638358023149149,40.0,39.58883735461178,0.0003173402600770662,3.327233695815235e-06
234,0.4305028398793406,0.42495047543564585,0.71,185.6051238261385,140.16902836803575,80125.73037469777,0.6646516378651401,,1.0,0.008008801357720502,40.0,39.99327550898792,0.0025403544256491196,2.5423218930554262e-05
235,0.3203438620693156,0.40841250975109306,0.71,183.11185772723056,146.95881331788678,80125.73037469777,0.6646516378651401,,1.0,0.0008803636588490172,40.0,39.57407057336452,0.0003115215377550122,3.2717834354546592e-06
236,0.51463517088406,0.4656656595979678,0.71,128.58996507002146,109.58274316767003,80125.73037469777,0.6646516378651401,,1.0,0.012026359901129128,40.0,39.996233344788116,0.0033948457654991073,3.396318267111678e-05
237,0.44831338581993435,0.4693992448040891,0.71,192.47556061571854,152.53768230587727,80125.73037469777,0.6646516378651401,,1.0,0.00834518576301335,40.0,39.99522038163648,0.003013533637900297,3.0151923631418564e-05
238,0.45042284939475263,0.3995397471750513,0.71,200.53272572881687,108.33505309950695,80125.73037469777,0.6646516378651401,,1.0,0.007336840478308731,40.0,39.99398276874364,0.002685612538944118,2.6874736667222757e-05
239,0.3502722062690421,0.44907068036444,0.71,169.81958282235146,121.83395518462875,80125.73037469777,0.6646516378651401,,1.0,0.00271625828514368,40.0,39.92598596280712,0.0007627498481243181,7.692771482456458e-06
240,0.3861867245372255,0.41494756386543846,0.71,161.94007182932722,125.39998545438425,80125.73037469777,0.6646516378651401,,1.0,0.0037625484279784666,40.0,39.96762554358168,0.0011560617944605582,1.1603787625642457e-05
241,0.43554883906778286,0.4748233062481482,0.71,175.92342139321417,99.15190381193581,80125.73037469777,0.6646516378651401,,1.0,0.008924002820375728,40.0,39.99349837816329,0.002583561130362351,2.585495719259974e-05
242,0.4731622821148647,0.4424320140054331,0.71,197.23121747695367,119.37035044915612,80125.73037469777,0.6646516378651401,,1.0,0.00819382465337208,40.0,39.99582068493632,0.0032228130091511487,3.224364075588288e-05
243,0.5154632464522646,0.4605879937587271,0.71,130.13067658585024,131.3780390788744,80125.73037469777,0.6646516378651401,,1.0,0.010795208021414935,40.0,39.99512927604833,0.002985201269565126,2.9868757288852082e-05
244,0.3251776348669531,0.37565452894778223,0.71,155.75395001756036,104.75283298805502,80125.73037469777,0.6646516378651401,,1.0,0.0007657379680448265,40.0,39.48445323732494,0.0002816708921794298,2.98895452459686e-06
245,0.4520887787197591,0.44316096691638196,0.71,164.83547587646447,116.96481770024755,80125.73037469777,0.6646516378651401,,1.0,0.009105102816128082,40.0,39.994572979204136,0.002827976022701345,2.8297435192901867e-05
246,0.327932120498417,0.4466090597602781,0.71,188.33449185927887,98.8840501482808,80125.73037469777,0.6646516378651401,,1.0,0.0012885150870568427,40.0,39.7639978610211,0.0004231627346908851,4.348180079422314e-06
247,0.4147125715035996,0.48297519612416595,0.71,166.1925135784138,131.10878982885228,80125.73037469777,0.6646516378651401,,1.0,0.008216239356714512,40.0,39.99263626146312,0.0024274978626860353,2.42955672363069e-05
248,0.38137032793314796,0.3647309402643175,0.71,202.35378122161862,139.14821486697693,80125.73037469777,0.6646516378651401,,1.0,0.003762529967118475,40.0,39.95831454789655,0.0010182558825674252,1.0231544567570983e-05
249,0.35629984196190617,0.32914681206644014,0.71,145.78506442105768,145.05177298958372,80125.73037469777,0.6646516378651401,,1.0,0.0010692872895690954,40.0,39.66641297483388,0.00035391137844883775,3.6776794829815272e-06
250,0.35041218021195364,0.3433196928925634,0.71,127.5265229895353,116.75183106188533,80125.73037469777,0.6646516378651401,,1.0,0.0007562903227633791,40.0,39.455811614478606,0.0002736974618400412,2.913937209646101e-06
251,0.31692752989101775,0.4981724357818414,0.71,143.91204483124608,142.9333926141503,80125.73037469777,0.6646516378651401,,1.0,0.0012947837647220171,40.0,39.73221830189359,0.000396527005587385,4.089421305759142e-06
252,0.3420903178753152,0.4533653103789346,0.71,146.69056179286142,151.0523895853536,80125.73037469777,0.6646516378651401,,1.0,0.0018759292223363793,40.0,39.85149016882919,0.0005361560708121465,5.454019914415992e-06
253,0.3911563817056912,0.32934385358472035,0.71,194.28511528366315,127.6080348134695,80125.73037469777,0.6646516378651401,,1.0,0.002806124552897444,40.0,39.9469288773501,0.0009018512033981764,9.07378417789209e-06
254,0.4424377049565529,0.3557264550319948,0.71,194.64157203002216,119.60209445919214,80125.73037469777,0.6646516378651401,,1.0,0.006365847356487296,40.0,39.98958133921783,0.002040448734993824,2.042897706722929e-05
255,0.3958509507041184,0.43518996919910546,0.71,139.22221524087706,128.5849672988433,80125.73037469777,0.6646516378651401,,1.0,0.005379163024291681,40.0,39.97414821502363,0.0012941966546853806,1.2980543058736873e-05
256,0.42330426015581973,0.42105174640516063,0.71,180.74502766828385,98.3222604578214,80125.73037469777,0.6646516378651401,,1.0,0.007198271552513702,40.0,39.99103017408177,0.002199256397750479,2.2015287195587534e-05
257,0.37974874819714005,0.33766403723784066,0.71,161.7837373076506,138.7983489733331,80125.73037469777,0.6646516378651401,,1.0,0.002138204093815959,40.0,39.902799992221844,0.0006646981552171918,6.7217827809947855e-06
258,0.45875499738223363,0.30323276159873,0.71,192.69187808306066,99.83889220187494,80125.73037469777,0.6646516378651401,,1.0,0.006428588643301337,40.0,39.987110989425986,0.0018342564742110175,1.8369803518769834e-05
259,0.3679870581084259,0.3154988836666645,0.71,173.52665802341232,151.70640498495948,80125.73037469777,0.6646516378651401,,1.0,0.0016626442942192221,40.0,39.842132428952254,0.0005197410838157677,5.292738366910532e-06
260,0.42022737161463486,0.31352155163846523,0.71,147.4239595355729,138.3036377426321,80125.73037469777,0.6646516378651401,,1.0,0.0026896230488684557,40.0,39.935314471278375,0.0008163369304140229,8.224390457393908e-06
261,0.48806730748895183,0.4268617608557317,0.71,174.10861818971435,104.3249947350283,80125.73037469777,0.6646516378651401,,1.0,0.009470807031170054,40.0,39.995425785703475,0.0030804881080551383,3.082110800062082e-05
262,0.43346399932575447,0.40131370331623173,0.71,142.44401718619744,115.12536070636656,80125.73037469777,0.6646516378651401,,1.0,0.007404433843914198,40.0,39.985073824544415,0.001704294424050304,1.707225668693366e-05
263,0.5195702039450001,0.340472235869969,0.71,171.68171175997398,109.83151249402268,80125.73037469777,0.6646516378651401,,1.0,0.009255167471933832,40.0,39.994591360740166,0.002832780455189343,2.834544955948837e-05
264,0.4326331889869483,0.3674301352954605,0.71,199.59934145533353,150.2756077603637,80125.73037469777,0.6646516378651401,,1.0,0.006700438487323687,40.0,39.99071977175943,0.0021621249072237697,2.16443621168041e-05
265,0.3672123010740665,0.44579421719558293,0.71,205.46841508038773,151.99917007579376,80125.73037469777,0.6646516378651401,,1.0,0.004289575114969756,40.0,39.96942087212456,0.0011896375977238959,1.193833160000515e-05
266,0.51709995590951,0.4404137818486799,0.71,141.1093395597262,108.73483800958103,80125.73037469777,0.6646516378651401,,1.0,0.011091660847911862,40.0,39.99622237774516,0.003389912152462308,3.3913867961941996e-05
267,0.4460188703724461,0.3921998931904178,0.71,149.21361237265256,118.29641992516015,80125.73037469777,0.6646516378651401,,1.0,0.007849910033392707,40.0,39.98735250852193,0.0018517130779010693,1.854411314370754e-05
268,0.33018734546298284,0.43518331604847094,0.71,180.7331537851815,148.71104200627045,80125.73037469777,0.6646516378651401,,1.0,0.001345999374362429,40.0,39.77296743921477,0.0004316657013416247,4.43097368209948e-06
269,0.46694238047390235,0.42404169154954535,0.71,143.74921770437177,123.13126122084117,80125.73037469777,0.6646516378651401,,1.0,0.009519696181600656,40.0,39.99291984231025,0.00247567517797637,2.4776940058936504e-05
270,0.4637223416766017,0.3242394197723255,0.71,154.17421313890668,113.97447010088298,80125.73037469777,0.6646516378651401,,1.0,0.005975589137287984,40.0,39.98347943660406,0.0016198193537757238,1.622903182221261e-05
271,0.5129857035942587,0.3020038247920634,0.71,194.62172162759222,106.1833260741547,80125.73037469777,0.6646516378651401,,1.0,0.008152647615062415,40.0,39.994078724963636,0.002707300663926211,2.7091468924529203e-05
272,0.37834698931504585,0.38068741105025516,0.71,207.6903354885544,105.11350603550433,80125.73037469777,0.6646516378651401,,1.0,0.003628894662100397,40.0,39.961300560898756,0.0010569917947375804,1.0617116624307778e-05
273,0.49804184950469194,0.36034959508713515,0.71,204.6009624844058,115.94988151493638,80125.73037469777,0.6646516378651401,,1.0,0.00825324271644514,40.0,39.99518833330369,0.003003475437035447,3.0051397140340474e-05
274,0.47549955137100336,0.45788448073623916,0.71,150.30907962840797,121.92749339661376,80125.73037469777,0.6646516378651401,,1.0,0.01039367861543985,40.0,39.99550350902425,0.0031070115693552507,3.1086204162133224e-05
275,0.45303120285159604,0.3058635226899593,0.71,203.58864388108142,115.30707766007114,80125.73037469777,0.6646516378651401,,1.0,0.005949150781964117,40.0,39.98793013406257,0.001895566897144784,1.898202797792564e-05
276,0.4790495972295576,0.3222617148497485,0.71,178.60258679199018,149.3852083476478,80125.73037469777,0.6646516378651401,,1.0,0.007503952522670809,40.0,39.99137991793902,0.0022434733642364914,2.245700945369297e-05
277,0.5211845903129578,0.38713601650613433,0.71,128.6744880661701,115.55256389206549,80125.73037469777,0.6646516378651401,,1.0,0.008683909707470532,40.0,39.99134471853136,0.0022389022858528653,2.2411344104252067e-05
278,0.5063883657410383,0.4710063700525634,0.71,131.027065269279,107.71673557961353,80125.73037469777,0.6646516378651401,,1.0,0.011040651152608882,40.0,39.995475977670594,0.003097538229941501,3.0991519946494864e-05
279,0.3353602722822655,0.358824935091255,0.71,166.98865270249073,128.71870760942244,80125.73037469777,0.6646516378651401,,1.0,0.001056906009279048,40.0,39.6696488141296,0.0003557075573646566,3.6949677450043766e-06
280,0.49623696049223526,0.45314170531151315,0.71,202.7159010965334,95.76241255519722,80125.73037469777,0.6646516378651401,,1.0,0.008487625323219432,40.0,39.99650015813961,0.0035219277529266258,3.5233471439559794e-05
281,0.3270921424662645,0.47520075549144525,0.71,155.50027792943771,153.17996939523243,80125.73037469777,0.6646516378651401,,1.0,0.0013920709545874052,40.0,39.79702982284622,0.0004571745265674019,4.67983490886082e-06
282,0.42888105810559696,0.36586727679087655,0.71,194.2360843905197,144.8802062647363,80125.73037469777,0.6646516378651401,,1.0,0.0066688376001424274,40.0,39.98928476747291,0.0020119788899217615,2.0144624725933252e-05
283,0.4888325912515506,0.4925155315185643,0.71,133.68128643348263,115.2317465267845,80125.73037469777,0.6646516378651401,,1.0,0.010500729975237788,40.0,39.99511288594877,0.0029801884618378643,2.9818657360889973e-05
284,0.3539516713449036,0.4244257020272726,0.71,171.67887451756474,94.79934972416359,80125.73037469777,0.6646516378651401,,1.0,0.0025588814237163674,40.0,39.91600867261556,0.000715602362938088,7.225557015497725e-06
285,0.3478699878780012,0.34436746400399265,0.71,156.74535385052695,131.4430152719843,80125.73037469777,0.6646516378651401,,1.0,0.0011081568314163632,40.0,39.70631440109084,0.00037806573372653826,3.9106738424219404e-06
286,0.3345581552868218,0.39570449540757696,0.71,189.96004997417353,112.11284356082297,80125.73037469777,0.6646516378651401,,1.0,0.00123354977451327,40.0,39.751629461609625,0.0004121955146142836,4.2415226307067254e-06
287,0.5211257969098527,0.480078193326275,0.71,211.23907979358086,153.80069060075772,80125.73037469777,0.6646516378651401,,1.0,0.008863066180814446,40.0,39.997095187346126,0.0038659876927210584,3.867280807008741e-05
288,0.3345973398570201,0.32884211514857437,0.71,156.27197090415532,123.43441750914016,80125.73037469777,0.6646516378651401,,1.0,0.0007710585346262932,40.0,39.48123690516346,0.00028074333937055425,2.9802151365438177e-06
289,0.5135659082676385,0.488845015564598,0.71,172.19332084652928,135.73042667766543,80125.73037469777,0.6646516378651401,,1.0,0.010731265465508455,40.0,39.996941456308846,0.003767544085263179,3.768870976086235e-05
290,0.3270599107447085,0.40384680592594235,0.71,170.53739537857317,110.3252008710757,80125.73037469777,0.6646516378651401,,1.0,0.0011086096402688477,40.0,39.668570290713824,0.0003551059947937891,3.689176975130844e-06
291,0.34376576706373696,0.3787655921847317,0.71,129.26213776903361,117.51428761728621,80125.73037469777,0.6646516378651401,,1.0,0.0008627151949738667,40.0,39.57906398106705,0.00031345537372211464,3.290201685538135e-06
292,0.3214483621547403,0.45762127875969577,0.71,147.74799778484635,132.34971136435425,80125.73037469777,0.6646516378651401,,1.0,0.0010804102804185972,40.0,39.6470337179246,0.00034367000365616746,3.5792327587473334e-06
293,0.5238693918803434,0.42628583926645613,0.71,200.69450972730667,105.40575605944852,80125.73037469777,0.6646516378651401,,1.0,0.009287905020435064,40.0,39.99678019362124,0.0036719501531626256,3.673311575036537e-05
294,0.4941396891398534,0.30568130298012414,0.71,163.3065191388858,153.2650255456472,80125.73037469777,0.6646516378651401,,1.0,0.008124218876309456,40.0,39.990727123479516,0.0021629827408118575,2.1652931295891325e-05
295,0.515648904858947,0.39868667427167614,0.71,154.850386344463,110.7983505117164,80125.73037469777,0.6646516378651401,,1.0,0.01062875841635035,40.0,39.99587626049295,0.0032444676037294406,3.246008322792789e-05
296,0.4770224611993524,0.4217406829944983,0.71,210.0885667213459,132.1058888135201,80125.73037469777,0.6646516378651401,,1.0,0.00757207400463555,40.0,39.99558615370508,0.0031359793715332453,3.137573364668012e-05
297,0.3653338088795916,0.3762788709250004,0.71,150.28798621838015,129.30365793626504,80125.73037469777,0.6646516378651401,,1.0,0.0018275680316715203,40.0,39.86828846512843,0.0005698743896561487,5.7858173146552965e-06
298,0.47106102108174175,0.4122926839855594,0.71,131.5046796372401,154.13241696800122,80125.73037469777,0.6646516378651401,,1.0,0.007611669595236748,40.0,39.99011517971495,0.002094886987950029,2.0972723934378778e-05
299,0.36267157046870063,0.30864752768790327,0.71,162.9934630272922,143.3061500965042,80125.73037469777,0.6646516378651401,,1.0,0.0014447558742019305,40.0,39.780441630853716,0.0004391420998144719,4.5038404038028035e-06
