signal_idx,requested_snr_db,measured_snr_short_db,measured_snr_long_db,noise_rms_short,noise_rms_long,clean_rms_short,clean_rms_long,noisy_rms_short,noisy_rms_long
0,40.0,39.281518282439855,39.64280475182107,2.5609362213548186e-06,3.558836196466352e-06,0.00023576035141330132,0.0003415437757197573,0.00023590896175823073,0.00034162872671705656
1,40.0,39.62813978096712,39.85074749141584,3.490860315433596e-06,5.440664711525489e-06,0.00033445486604144036,0.000534796526758271,0.00033465401397958294,0.0005350854794539491
2,40.0,39.6309633770918,39.710984913003216,3.5036281849572785e-06,3.941097758158054e-06,0.00033578729068322704,0.0003812105919223176,0.0003357396867191377,0.0003812453354969059
3,40.0,39.60556468829403,39.97371143523766,3.3938333839816274e-06,1.2872580016536898e-05,0.000324314739693402,0.001283367508869986,0.00032466506161786437,0.0012819422977755955
4,40.0,39.51037129696922,39.83296676474878,3.0625588871677495e-06,5.148173281979817e-06,0.0002894679073296075,0.000505010773561486,0.0002893524350361242,0.0005044846003481645
5,40.0,39.38069610883777,38.83089449356305,2.7430826603012827e-06,2.058437433067734e-06,0.00025542909938478615,0.00017991844446465445,0.00025539094706602655,0.00018021066672713925
6,40.0,39.65363085196539,39.89512505592669,3.611804507971199e-06,6.474002786440788e-06,0.0003470595309714544,0.0006396296747250215,0.0003469985158729268,0.0006398302375170231
7,40.0,39.60910878071962,39.82231022209829,3.4084991234134977e-06,4.9944541662354465e-06,0.0003258491410809518,0.0004893308943715772,0.0003255631642166157,0.0004891352780099741
8,40.0,39.414936655717376,38.751156599587794,2.8167812213315747e-06,2.0003758876459023e-06,0.00026332786500583985,0.000173245597112252,0.0002632178811945128,0.00017312098159162365
9,40.0,39.64332318196254,39.70802485189763,3.5613168163562715e-06,3.921730064537935e-06,0.00034180224496736003,0.00037920794689877017,0.0003418251539658057,0.0003788978289889552
10,40.0,39.39511492917791,39.30025704137264,2.7733351782363007e-06,2.592278327361023e-06,0.0002586752406174616,0.00023916117842392036,0.000258830744344016,0.00023907964346217095
11,40.0,39.551340965478644,39.4923002546922,3.1919337525695686e-06,3.010631090501953e-06,0.00030312276524209535,0.0002839683003982173,0.00030303453940181324,0.0002841836876503155
12,40.0,39.55558128354412,39.90135500714685,3.206355820307518e-06,6.6729226347410435e-06,0.00030464106168456964,0.0006597559889025943,0.0003042923813983547,0.0006597150590266028
13,40.0,39.39339934108292,39.08758707186511,2.7696777842131993e-06,2.2972462813455203e-06,0.0002582830816831046,0.00020681490461667705,0.0002584580939767324,0.0002070051993484294
14,40.0,39.20832793214971,38.6715049006131,2.4496877291461567e-06,1.9479534868442452e-06,0.00022362625003193154,0.00016716527112146237,0.00022346408604647074,0.00016728984898210322
15,40.0,39.53000895208967,39.8915714473624,3.122419039098224e-06,6.368327645320106e-06,0.00029579385821432527,0.0006289316099400682,0.0002957192527129804,0.000629475556553946
16,40.0,39.62243958573802,39.90378180672764,3.465529183846747e-06,6.755610010217246e-06,0.00033181007404997496,0.0006681180031266532,0.0003319513260387054,0.0006681185883443607
17,40.0,39.44182993185661,38.764299989227816,2.879477584270391e-06,2.009537598015176e-06,0.0002700239092807157,0.00017430264937285693,0.00026994729550324664,0.00017454771071162098
18,40.0,39.585244321770396,39.736524907429526,3.313464817989748e-06,4.1216959392493e-06,0.0003158947467126411,0.0003998534408460626,0.0003159412882935963,0.00039969503226708515
19,40.0,39.32727039304111,38.45357383022001,2.6398124369121485e-06,1.8270155384039802e-06,0.00024430533563722906,0.00015290146426937638,0.00024436261432396917,0.00015283405245103862
20,40.0,39.525425452454364,39.44864750702979,3.108109202568097e-06,2.896112918575006e-06,0.00029428290495877885,0.0002717971677031099,0.00029417877880421754,0.0002721057354467374
21,40.0,39.41693768823857,39.49512708233102,2.8212928708448016e-06,3.0185660251287567e-06,0.0002638104141819923,0.00028480942484528446,0.00026388361950045193,0.0002849938964524259
22,40.0,39.47164476884445,39.1664042202125,2.9546370061269493e-06,2.3928807739715676e-06,0.00027802481612229017,0.00021738855532083714,0.000278262159289613,0.00021753266642714555
23,40.0,39.46585073863771,39.409656964063245,2.939528810141977e-06,2.8049902464735327e-06,0.0002764186973716177,0.0002620662184032477,0.0002763835580809916,0.0002618961385847885
24,40.0,39.576467494824705,39.874656864019265,3.2805831668588466e-06,5.928815278062118e-06,0.00031244400961910146,0.0005843864355151832,0.0003125209103682755,0.0005840888801811377
25,40.0,39.58260563609162,39.55785994341547,3.3034684060626713e-06,3.214193047739089e-06,0.0003148460498380744,0.000305465823753558,0.000314906511871449,0.00030527319121930786
26,40.0,39.473506210741256,39.15519622704429,2.959544798228354e-06,2.378439303915089e-06,0.00027854632312648245,0.00021579790366017695,0.00027867484126698047,0.00021604540808785878
27,40.0,39.14838520770022,38.75513632153028,2.369807848824619e-06,2.003133831026821e-06,0.00021484620639785468,0.00017356396933138713,0.00021466951035820536,0.00017353898342120644
28,40.0,39.60979149338022,39.783952877981214,3.411347532443501e-06,4.53938167957264e-06,0.0003261470831866976,0.0004427853433985668,0.0003260331429869333,0.0004425853063921351
29,40.0,39.617060113231254,39.75304113476139,3.4421517268805787e-06,4.2532857496248065e-06,0.0003293677050179221,0.0004134046403704366,0.0003295724802877767,0.00041362549743324464
30,40.0,39.4621409436538,39.01817035705908,2.929986585079197e-06,2.223092803277422e-06,0.00027540372889182067,0.0001985457532154202,0.00027543679290820296,0.00019857811520561307
31,40.0,39.35065633789148,38.70607298547587,2.6834049435030463e-06,1.97007558617863e-06,0.0002490092787593079,0.00016973796909529695,0.00024902461890649564,0.0001697309505899631
32,40.0,39.47313726933612,39.89196400441279,2.958569953608833e-06,6.379743488547629e-06,0.0002784427440319432,0.0006300875096343253,0.00027858141172146993,0.0006294534370881471
33,40.0,39.56561479025139,39.600648746397844,3.2413338358163282e-06,3.373820030109777e-06,0.0003083203696679308,0.0003222198255163937,0.0003081680221655571,0.00032225499098824644
34,40.0,39.519733659544094,39.28018477670621,3.090630624331501e-06,2.5587539606538525e-06,0.00029243627777799497,0.00023552328613467857,0.0002924178649877176,0.00023600732571172868
35,40.0,39.27251538353546,38.11206509456197,2.5463233179125487e-06,1.68418537724939e-06,0.00023417221097626353,0.00013551311320099678,0.00023426397191304163,0.00013535202002648293
36,40.0,39.57967080048546,39.88043573339218,3.292462666711893e-06,6.068393053288128e-06,0.0003136910966492527,0.0005985423481194107,0.0003139300667186724,0.0005990654406003327
37,40.0,39.298403460253255,38.30160433797419,2.5891205530335427e-06,1.757723818659826e-06,0.0002388188693999413,0.00014455078770750083,0.00023879525408942916,0.00014477000346893525
38,40.0,39.46534191908981,39.54779172699904,2.9382140369849746e-06,3.1800212611366145e-06,0.00027627887590519335,0.0003018681040005714,0.0002762041618916193,0.00030162774945945533
39,40.0,39.53812464126643,39.30638009417735,3.148287012307211e-06,2.602802036829667e-06,0.0002985232170513845,0.00024030144491721112,0.000298430395951256,0.00024050002081662234
40,40.0,39.70291925009398,39.967231370683784,3.889014684132644e-06,1.1534047044616893e-05,0.0003758235651660567,0.0011490611003229997,0.00037610951250549975,0.001150083209747526
41,40.0,39.60593051533398,39.85126063654171,3.3953378989897393e-06,5.4498816077775585e-06,0.0003244721782884605,0.0005357341648506075,0.00032414609995096865,0.0005352799584572474
42,40.0,39.68129951757808,39.9479740193716,3.7594090780193133e-06,9.163921689921083e-06,0.0003623955934598042,0.0009109191003546396,0.0003623217854811572,0.0009104630742052506
43,40.0,39.63791386037028,39.678402324471264,3.5357005006774684e-06,3.743053509805365e-06,0.0003391323934763941,0.0003606986218060704,0.00033923224284657696,0.0003608055810338751
44,40.0,39.52542922618804,39.78440827571514,3.1081208973196675e-06,4.544055317063106e-06,0.0002942841401156935,0.00044326446648192813,0.0002943206783391995,0.00044304167034104437
45,40.0,39.625802345422,39.79669116702916,3.4804019270146055e-06,4.676026080229465e-06,0.00033336312893865965,0.0004567835362949101,0.00033325952774253015,0.0004567966636544074
46,40.0,39.497080239816114,39.61940520262003,3.0240884000308475e-06,3.4522808556283922e-06,0.0002853946504615978,0.0003304261355605765,0.00028519405072738015,0.00032998416277242316
47,40.0,39.43915106717895,39.55171461892127,2.8730260182762674e-06,3.193196238854285e-06,0.00026933582200850927,0.0003032557043130842,0.0002690635584240775,0.0003031930479063326
48,40.0,39.51826929426039,39.85285970681714,3.0861849388827133e-06,5.478913813691627e-06,0.0002919663932201,0.0005386872615710382,0.0002920079037148608,0.0005380524700170602
49,40.0,39.50276613711119,39.5249534544096,3.040353371660069e-06,3.106647606993749e-06,0.0002871175477844202,0.00029412853234679994,0.00028700412787691846,0.00029413315900960266
50,40.0,39.59461717613284,39.82373563181769,3.3497718427124244e-06,5.014199355515903e-06,0.00031970097588587213,0.0004913460611105002,0.0003197036871354678,0.0004908794813783153
51,40.0,39.291660568672256,38.549039121311274,2.577741099315015e-06,1.8764169460884531e-06,0.00023758470437095592,0.00015877155146845477,0.0002375790534559317,0.00015892682979752362
52,40.0,39.452276031798455,38.54062410688494,2.9050960017963128e-06,1.8718552549193256e-06,0.00027275415266610203,0.000158232174205234,0.00027281937922653753,0.00015817165359697174
53,40.0,39.62964653273527,39.613070987536844,3.4976551785079536e-06,3.425136782054394e-06,0.00033516401578563267,0.0003275891020133752,0.0003352645926930346,0.0003275923295599599
54,40.0,39.53095503607531,39.529085028099246,3.1253993295170867e-06,3.1195173927030716e-06,0.00029610844244896045,0.0002954875422650772,0.0002959995582703151,0.0002949090312739324
55,40.0,39.609238655854185,39.863174055815016,3.4090404035311485e-06,5.678316513213002e-06,0.0003259057605032167,0.0005589559770166005,0.0003259118162977834,0.0005582255501583635
56,40.0,39.47230052240397,39.59233681282791,2.9563629092446534e-06,3.3408214971837128e-06,0.00027820822509705585,0.00031876305112190175,0.0002781968462245005,0.00031876290440941487
57,40.0,39.60055986399533,39.972743410602476,3.3734616380008194e-06,1.2642630873343605e-05,0.00032218229968566,0.0012603016123126443,0.0003219776231823926,0.0012595333653589555
58,40.0,39.35884175070652,39.50929072622013,2.699238945308385e-06,3.059371777560283e-06,0.0002507147958114192,0.0002891306914414169,0.0002505975092423145,0.0002891623801380387
59,40.0,39.402705272937574,39.81993932743134,2.789710071139486e-06,4.962136259414011e-06,0.0002604300727839348,0.00048603185345214765,0.00026016754266548547,0.0004861115377454393
60,40.0,39.43937590061171,39.68006158842189,2.873565670484797e-06,3.7523930516044763e-06,0.00026939338638127034,0.00036166771508864057,0.0002695544837353767,0.0003612922278750758
61,40.0,39.6533227532414,39.938806188789925,3.610262389396956e-06,8.454081950895706e-06,0.00034689904180189594,0.0008394724631132425,0.0003471133026637623,0.0008389043351675012
62,40.0,39.27885917177582,39.727075080825195,2.556590810876595e-06,4.0518928515073055e-06,0.00023528826095375416,0.00039265424587177247,0.00023526892185590431,0.000392498508580151
63,40.0,39.49220827601159,38.56849879208837,3.010374041869231e-06,1.8871295058656235e-06,0.0002839410479653844,0.00016003617628247767,0.0002842154222532454,0.00016000516888480223
64,40.0,39.463352163592404,38.93587733457672,2.933090930498373e-06,2.145143992181476e-06,0.0002757339733616145,0.0001897773102137444,0.00027561387342129023,0.0001894956628560932
65,40.0,39.34506242289477,39.75267370303153,2.672759693646553e-06,4.250214245247478e-06,0.00024786174331646273,0.0004130886240326767,0.00024770556410424864,0.00041263034685674345
66,40.0,39.398150406171055,39.70222833883831,2.779845615710748e-06,3.88465301220764e-06,0.0002593731221077504,0.0003753722022908478,0.0002593279019285991,0.0003757933190330903
67,40.0,39.416893466971594,38.9187018450965,2.821192910013591e-06,2.130057336848956e-06,0.0002637997239482576,0.00018807031286908498,0.00026386123155823466,0.0001879538155155457
68,40.0,39.49338161234085,39.352319207292,3.0136584671176718e-06,2.6865966692671236e-06,0.00028428924278694464,0.0002493531965570708,0.00028454112491721847,0.0002494415545667161
69,40.0,39.6777950654417,39.97899459989574,3.7396536920870336e-06,1.439632358922376e-05,0.00036034580248359724,0.0014361547022721801,0.0003604554001056003,0.0014371995298113544
70,40.0,39.63492613999553,39.7811626344605,3.5218001080724538e-06,4.5110680479233385e-06,0.00033768292822159075,0.00043988219937864185,0.0003378210275130163,0.00044000665426884917
71,40.0,39.221768349115344,38.773290181024976,2.468897437612355e-06,2.015893530652452e-06,0.0002257289205541479,0.00017503504583168096,0.00022573982761051373,0.00017471932302809434
72,40.0,39.489362972955654,39.81771024806169,3.0024574473860958e-06,4.93233234785149e-06,0.0002831015846542,0.000482988637440755,0.00028317993274965377,0.00048376426852175694
73,40.0,39.42327225253544,39.19308841728989,2.8357333601092157e-06,2.428509021566951e-06,0.000265354172562696,0.00022130422652623732,0.0002653263561779967,0.00022149640873792727
74,40.0,39.652642190059794,39.92754450965,3.6068633591624955e-06,7.774373020461894e-06,0.00034654528263532765,0.0007709784423791823,0.0003461426367401266,0.0007712004500612138
75,40.0,39.42821861194103,39.34240542487173,2.8471796686217556e-06,2.6677523399741486e-06,0.0002665770444997019,0.00024732170441440425,0.0002665870084219811,0.00024727538982519847
76,40.0,39.327634893592915,38.47203810894321,2.640473909073e-06,1.8361837616362756e-06,0.0002443768087299019,0.00015399580534870751,0.00024460249592037905,0.00015391683816605133
77,40.0,39.529086049791296,39.74349321421359,3.119520596589805e-06,4.175647548614332e-06,0.0002954878805053884,0.00040541253619332554,0.00029552260959151317,0.00040561327012025595
78,40.0,39.388941531471666,38.71965093935988,2.7602482611039156e-06,1.9790231732589957e-06,0.0002572716553165827,0.00017077566338033305,0.0002575664637298734,0.0001709836755922626
79,40.0,39.53684943977193,39.790835449645876,3.144176603727837e-06,4.61164896941946e-06,0.00029808969313679343,0.00045019113959703685,0.00029814985473624055,0.00045119501808674894
80,40.0,39.42023889634433,39.055165064252584,2.828788186981457e-06,2.2615541307106216e-06,0.0002646118403778017,0.00020284297094400337,0.0002644957551546744,0.00020261635663587014
81,40.0,39.54758980953002,39.90172242411198,3.1793478492677162e-06,6.685243709319822e-06,0.00030179716278740565,0.000661002144119392,0.00030182707951327076,0.000660829973350133
82,40.0,39.23057085429577,38.55958957333201,2.481759232931653e-06,1.88219629853458e-06,0.00022713495746466355,0.00015945415975194253,0.00022703240602080335,0.00015956853749846494
83,40.0,39.49552467482714,39.350203978871534,3.0196875282346156e-06,2.6825388589089526e-06,0.0002849282851558158,0.00024891594423745423,0.00028485511823622315,0.0002489910021235818
84,40.0,39.47572542302166,39.18019636889827,2.9654307264856348e-06,2.4110711362432153e-06,0.0002791716209358186,0.00021938924367503087,0.0002790948422565284,0.00021922868054752775
85,40.0,39.50734003813729,39.93772451068849,3.053645384407855e-06,8.380860429073642e-06,0.00028852469796748434,0.0008320980803467914,0.0002884711991402621,0.0008326595254827194
86,40.0,39.24206627948689,38.544521548633746,2.4989028984136274e-06,1.8739627782432937e-06,0.00022900689281561077,0.0001584814340622885,0.00022896101244334303,0.00015870086676238827
87,40.0,39.55767802457469,39.78776121261263,3.213565092255346e-06,4.57893142462645e-06,0.00030539974790709865,0.0004468390425136606,0.0003057433210328256,0.0004477202045756979
88,40.0,39.1185671161552,38.63294734380114,2.3332473793875205e-06,1.924332437689957e-06,0.0002108066254514535,0.00016440667050787806,0.00021081723887295904,0.00016430611770391969
89,40.0,39.614025921701256,39.66947210389526,3.4291854973818928e-06,3.69401699190451e-06,0.00032801239573323186,0.0003556073893564515,0.0003278094690719118,0.000355333987940227
90,40.0,39.591361849417545,39.94424631317101,3.3370180567747004e-06,8.854167040399332e-06,0.0003183644061645464,0.0008797509532780725,0.00031843265849943304,0.0008797965207379532
91,40.0,39.66974008630586,39.868216215341604,3.6954591189435457e-06,5.784255010051543e-06,0.00035575719388082725,0.000569714893796313,0.00035587868988893034,0.0005696365370172633
92,40.0,39.32464814067634,38.472078566405195,2.6350699758753285e-06,1.8362040452708962e-06,0.0002437928173217151,0.00015399822388172105,0.00024363868774698516,0.00015404060489397547
93,40.0,39.5263616233908,38.69217675836741,3.1110147479529398e-06,1.961071109538906e-06,0.00029458976156663413,0.00016869202401628307,0.00029446145080294146,0.00016876505995637605
94,40.0,39.37743496564221,39.08321900224967,2.7363901788096313e-06,2.292323161410304e-06,0.0002547102512796139,0.00020626791986015113,0.00025464550419114143,0.00020625495141752802
95,40.0,39.60513639411875,39.43359168837666,3.3920746636644226e-06,2.8597869377128406e-06,0.00032413069160269336,0.0002679231481063451,0.00032373367466721775,0.0002676241450681269
96,40.0,39.66306676901806,39.90387517568951,3.6600676090988314e-06,6.758853985337248e-06,0.00035207946408712516,0.0006684460127426179,0.0003519447079127328,0.0006676773642282969
97,40.0,39.502778297443456,39.945588438918406,3.0403884620408477e-06,8.962010148760816e-06,0.00028712126358246964,0.0008906038732601216,0.0002869820491692268,0.0008901365096109743
98,40.0,39.390624811907436,39.295648923197916,2.7637964087945713e-06,2.584451618549388e-06,0.00025765229650192347,0.00023831261335959943,0.00025782008222247375,0.00023838801621202372
99,40.0,39.236426294569256,38.365689192811004,2.4904418079369066e-06,1.785676688423219e-06,0.0002280833268506422,0.00014793719057695797,0.00022810408358689906,0.00014790569995770645
100,40.0,39.65723663041858,39.979441016676695,3.6300088347683585e-06,1.4551411097341243e-05,0.00034895363790208683,0.0014517006059240908,0.00034874563156166665,0.0014520355611139036
101,40.0,39.53573700452158,39.84245127129927,3.140604944211029e-06,5.297994649873672e-06,0.0002977129391815677,0.0005202753819864264,0.00029791274865923536,0.0005203517041189651
102,40.0,39.61013119106309,39.56217228294363,3.4127676471763436e-06,3.2291950228354696e-06,0.00032629561770920436,0.00030704397886155074,0.0003264159775788792,0.00030698126783823315
103,40.0,39.62950399288464,39.780251653785314,3.497010578327346e-06,4.501941968252895e-06,0.00033509674699919926,0.0004389462550875469,0.0003351986492914188,0.0004390686329384415
104,40.0,39.220193083918176,38.49115236909252,2.4666194822563143e-06,1.8458637589649e-06,0.00022547974787664606,0.00015514873562688777,0.00022561250998344846,0.00015507562642628288
105,40.0,39.364051569893675,38.8279917526511,2.7094799642749315e-06,2.056214903822023e-06,0.0002518170303377701,0.0001796641235946304,0.00025200802335499856,0.00017963107453266354
106,40.0,39.39019819491492,39.63076473073472,2.762895728206022e-06,3.5027250788180132e-06,0.000257555679513108,0.00033569305887658256,0.00025755015763184003,0.0003357323083631093
107,40.0,39.30295433337133,39.023734557489945,2.596896588517605e-06,2.228731860570415e-06,0.00023966167594049632,0.00019917694912627472,0.00023981747278829972,0.00019939412891217082
108,40.0,39.5030504610287,39.80809991571272,3.041174172796492e-06,4.8098818649773275e-06,0.0002872044628708489,0.0004704770297800255,0.0002873567486568711,0.0004697168420622067
109,40.0,39.298470962768995,38.928625191893296,2.5892353248004236e-06,2.1387275454781647e-06,0.00023883131216823357,0.00018905172609081413,0.00023902100537712007,0.00018910909895418347
110,40.0,39.42395662654826,38.85110309897454,2.837308062391885e-06,2.0741550793309334e-06,0.00026552244803259493,0.00018171459195996258,0.000265415393286167,0.00018176162602281633
111,40.0,39.20128892025821,38.37942072524516,2.439827609124292e-06,1.7918973079523465e-06,0.00022254569782969924,0.00014868745617062354,0.0002224837838309704,0.00014883229434088405
112,40.0,39.56022182107519,39.872211434155545,3.2223818479076155e-06,5.872635393711934e-06,0.0003063273538836348,0.000578685981059808,0.0003062159705158175,0.0005785205833522455
113,40.0,39.35035468279876,39.72823203166425,2.6828272928090375e-06,4.060240811178142e-06,0.00024894702816154695,0.0003935156343116719,0.0002489320132069583,0.00039366011242381006
114,40.0,39.6297399750337,39.86613148942947,3.4980779524827686e-06,5.739724616222095e-06,0.00033520813477086486,0.0005651932295251215,0.0003351259903082583,0.0005652334169225926
115,40.0,39.58833655525212,39.96681396691494,3.3253035947687466e-06,1.1461556701214277e-05,0.00031713631134562266,0.0011417844893642174,0.0003173498302674291,0.0011428173488151681
116,40.0,39.34470419674782,39.177478030466375,2.672082760110389e-06,2.4074485113267086e-06,0.0002477887462514231,0.00021899105768716383,0.00024814258503498055,0.00021881540452293828
117,40.0,39.53240947730623,39.944197096813454,3.129998976975473e-06,8.850286654614838e-06,0.00029659389062953236,0.0008793604145567848,0.00029642241420909233,0.0008790485543386298
118,40.0,39.368760100013574,38.48525844711777,2.718847322969208e-06,1.8428580439978303e-06,0.0002528246579276549,0.00015479101299267686,0.00025293475165415587,0.00015484421000107348
119,40.0,39.63126924395966,39.93638807717462,3.5050201956018254e-06,8.29299208534744e-06,0.0003359325314938467,0.0008232473366352597,0.00033593358968514653,0.0008238490529048345
120,40.0,39.32368260093209,38.76574090980097,2.633330899145559e-06,2.010551380390792e-06,0.00024360483624920288,0.0001744195187814224,0.00024363488015626637,0.0001743397926591116
121,40.0,39.49684941116895,39.60253933254556,3.0234340436352388e-06,3.3814721697729446e-06,0.00028532531286623586,0.00032302095961345086,0.0002853142736637671,0.0003232856716994352
122,40.0,39.42380312199951,39.66538232236346,2.836954608107983e-06,3.672226394116894e-06,0.00026548467843690124,0.00035334327062591214,0.00026541067026527904,0.000353042347431075
123,40.0,39.30533379768249,38.8423575741091,2.6009936273610165e-06,2.067300020535734e-06,0.00024010555698648353,0.00018093173781596797,0.00024019021135221764,0.00018084582593139138
124,40.0,39.43275749152371,39.29661270840042,2.857817582998467e-06,2.5860820219047913e-06,0.0002677129309111367,0.00023848941745965938,0.00026760841648793297,0.00023840451471707495
125,40.0,39.676367346543,39.85486337504119,3.731698636784331e-06,5.515970777504196e-06,0.00035952016238022857,0.0005424558380025856,0.00035946240675532274,0.0005414979979094321
126,40.0,39.45275967691845,38.605989057995515,2.906300249235247e-06,1.9084375006245164e-06,0.0002728824131143639,0.0001625433386451901,0.0002730479356577305,0.00016238653396688494
127,40.0,39.550643237671196,39.739845086769535,3.18958058919822e-06,4.147129018081715e-06,0.00030287496322740595,0.000402474584199185,0.0003031756951238966,0.0004023986089280922
128,40.0,39.37137953445604,39.82211553995454,2.7241052319468493e-06,4.9917759369160875e-06,0.00025339000206651486,0.0004890575324478847,0.000253532817007004,0.0004885948930117375
129,40.0,39.17931034825508,38.038510383770245,2.409888325474779e-06,1.6587994352033498e-06,0.0002192592470402245,0.00013234483617552528,0.00021930038819204577,0.00013237813876204368
130,40.0,39.678821199490564,39.9195488147571,3.7454043246469313e-06,7.3813212495664705e-06,0.0003609425654463245,0.0007313262157844357,0.00036102011824540477,0.0007319278030237192
131,40.0,39.44552827604903,38.597561177503984,2.8884628546487075e-06,1.903568375647722e-06,0.0002709818750893374,0.00016197137280300538,0.00027114107481471326,0.00016174391554714079
132,40.0,39.55782312439959,39.7906664947189,3.214065922399786e-06,4.60983201657375e-06,0.0003054524472571888,0.0004500050135392911,0.0003056360575002952,0.00045019748720024147
133,40.0,39.4810348391593,38.882158273452795,2.97966885571734e-06,2.0991764507564488e-06,0.0002806835672022743,0.0001845654835394156,0.00028047806860677707,0.000184513344374748
134,40.0,39.573670929049406,39.87648350048863,3.2703235818376e-06,5.97186885794561e-06,0.0003113666059475995,0.0005887539185138236,0.0003113066365116732,0.0005880067769742138
135,40.0,39.59507327531731,39.35559405116106,3.351571231532417e-06,2.692919483562253e-06,0.00031988950779989617,0.0002500343045454878,0.00032014704847262257,0.0002497654786725633
136,40.0,39.41120050852338,39.51564850247368,2.8084205921602004e-06,3.078279812566177e-06,0.00026243334815675073,0.0002911306683340085,0.00026229083679585986,0.00029075594753625954
137,40.0,39.452220331064666,39.927320429948374,2.904957415012147e-06,7.762478962611957e-06,0.00027273939178347066,0.0007697790569056175,0.0002725981760015449,0.0007704397022198327
138,40.0,39.5686298426494,39.81625151320297,3.252086621835283e-06,4.913124686280199e-06,0.0003094506001921759,0.0004810269658029524,0.00030952019436900313,0.00048103550464428875
139,40.0,39.343091190830116,39.74748209171794,2.669041740216442e-06,4.2075416534785865e-06,0.0002474607809537471,0.00040869679183686426,0.00024752013755553797,0.00040868108725516223
140,40.0,39.618109141848514,39.93471809163769,3.4466710789331587e-06,8.187017867928982e-06,0.00032983998433126587,0.00081257099117459,0.0003300252325274473,0.0008131655462079681
141,40.0,39.613365208491274,39.83057492235771,3.4263825918992373e-06,5.112404002955731e-06,0.0003277193565549571,0.0005013638867076779,0.00032781507374310225,0.0005006029825333859
142,40.0,39.57528502785155,39.64703350283939,3.2762325493455237e-06,3.579231711936744e-06,0.00031198717469472576,0.00034366843974600116,0.0003123946010671529,0.0003436880456432044
143,40.0,39.518186891395516,39.665826068255,3.0859353852034144e-06,3.674571079556434e-06,0.0002919400144149425,0.00035358694289700643,0.0002920189351822023,0.0003533408833222835
144,40.0,39.58146914207452,39.32463948922238,3.299192548529974e-06,2.6350543763365987e-06,0.0003143973834542186,0.00024379113122212655,0.0003144453373667728,0.00024382442455023567
145,40.0,39.53885591534026,39.486070523717295,3.1506519897144676e-06,2.9933806179716924e-06,0.00029877262191006483,0.0002821387517527018,0.000298699192341646,0.00028239945681329636
146,40.0,39.324853027404316,39.78286271287493,2.635439499649171e-06,4.528253871530806e-06,0.00024383275736282873,0.000441644462492771,0.0002440192803452895,0.00044179311238127725
147,40.0,39.51169865646004,39.46057524297085,3.0664886503302292e-06,2.9259895519422152e-06,0.0002898836429088674,0.00027497845112083204,0.00028969898641783876,0.00027504027704596613
148,40.0,39.70984209300547,39.962195205300986,3.933584760418155e-06,1.074145585475642e-05,0.0003804338190461918,0.0010694801254806433,0.00038023902098682685,0.0010694451445580383
149,40.0,39.62326286034836,39.95652290670043,3.4691516534329736e-06,1.0019543280171508e-05,0.00033218839827011765,0.0009969510897898544,0.00033252809152940023,0.000997835904220403
150,40.0,39.51621502630953,39.664768930288446,3.0799830754264094e-06,3.6689930949646927e-06,0.00029131075752400736,0.00035300722840918937,0.00029094001001134495,0.00035320942701809753
151,40.0,39.55875284459344,39.880436725635285,3.217280932560863e-06,6.0684178886826856e-06,0.00030579072253797114,0.0005985448660854118,0.00030548306772571095,0.0005985342929172222
152,40.0,39.6075375303863,39.58912935880821,3.4019722659636286e-06,3.3283607470524824e-06,0.000325166346635001,0.0003174568515961017,0.0003252804591914878,0.0003175568257680914
153,40.0,39.34096137290274,39.280630480476056,2.665043947311982e-06,2.5594826523782324e-06,0.00024702953752759634,0.0002356024500685423,0.0002468541568873571,0.00023578732522500448
154,40.0,39.4566581981939,39.62008456293184,2.916067288403726e-06,3.45523298577415e-06,0.00027392240562804446,0.00033073456103032903,0.0002740027850046075,0.0003310886855044306
155,40.0,39.47480302020387,39.188375861853515,2.9629796471012694e-06,2.422084975233313e-06,0.0002789112473376553,0.0002205990849313661,0.00027871847478406456,0.00022035587947730865
156,40.0,39.535482877307324,39.74460252514369,3.139790860800342e-06,4.184441529973542e-06,0.00029762705941453207,0.00040631823633432355,0.0002973471062745169,0.00040660573093635944
157,40.0,39.342584037140156,38.85833091187348,2.6680879731913835e-06,2.0798828295903346e-06,0.0002473579073467066,0.00018236810534815278,0.00024740157678693816,0.00018264203293835062
158,40.0,39.25665209201899,38.688181416947344,2.521243475891811e-06,1.9585102473551935e-06,0.00023144262063701931,0.00016839425135668743,0.00023148334735589965,0.00016883308074902342
159,40.0,39.114782576664034,39.01593874999526,2.3287445035213268e-06,2.220845184553217e-06,0.00021030813019675144,0.00019829405774648954,0.0002102415397714281,0.00019810552854950935
160,40.0,39.316552700396464,39.53886992987417,2.6206064041793464e-06,3.15069736938405e-06,0.0002422287746249815,0.0002987774073361888,0.0002423674800690784,0.0002985544130024499
161,40.0,39.603771756728314,39.94757458450698,3.3864903335087035e-06,9.129153974033666e-06,0.0003235462374832783,0.0009074213590261753,0.00032352175952046487,0.0009081562925805128
162,40.0,39.20614654030692,38.18619323594399,2.4466175886431753e-06,1.7114567318496214e-06,0.00022328989285374577,0.00013888787366055848,0.00022314145923632876,0.00013885623863656106
163,40.0,39.56034167358829,39.13078219299469,3.2227991748109337e-06,2.347988567856212e-06,0.0003063712538925851,0.00021243705690834677,0.00030608765416528067,0.00021244843850259487
164,40.0,39.46324398948664,39.848571901069704,2.932813244666019e-06,5.402112488667149e-06,0.00027570443464146484,0.0005308739901354865,0.00027573581795856296,0.0005306950135412886
165,40.0,39.594261448968794,39.954252923079835,3.3483705793617835e-06,9.769068479385017e-06,0.0003195541509157128,0.0009717746598621523,0.00031935676191322774,0.0009717320418169723
166,40.0,39.48018179090927,39.057034123294116,2.9773662452094995e-06,2.263559604622099e-06,0.00028043911564046064,0.00020306654287896185,0.0002803904447241702,0.00020319141929508907
167,40.0,39.364207448709784,39.59523645787055,2.7097883666525027e-06,3.3522157650782343e-06,0.0002518502132628038,0.00031995703673543533,0.0002519508746984721,0.00031985502506430417
168,40.0,39.428238205785526,39.55617455907384,2.847225312574539e-06,3.2083904167867462e-06,0.0002665819195026605,0.00030485519622502834,0.00026661324270707765,0.00030461835124928957
169,40.0,39.709716236117345,39.94088078983795,3.932760110630071e-06,8.600112802853717e-06,0.0003803485518281598,0.0008541770321301887,0.0003802363756178974,0.0008554681050603358
170,40.0,39.56225643118454,39.94832801065664,3.229490004141406e-06,9.19507092740262e-06,0.00030707500202489704,0.0009140526755063843,0.0003070761229552264,0.0009152893266418914
171,40.0,39.36860290073675,39.08825702849334,2.718532849874921e-06,2.2980046183743397e-06,0.00025279083954636117,0.00020689913547605575,0.00025262842883849333,0.00020696778285825458
172,40.0,39.39772489163286,39.864063890962036,2.778929940897719e-06,5.696580996787845e-06,0.00025927498175536926,0.0005608113323836869,0.0002591213193851072,0.0005609274041137836
173,40.0,39.52141545705161,38.76810682134707,3.095762058031525e-06,2.0122200198665103e-06,0.0002929785439235344,0.0001746118383259057,0.00029302266247466707,0.00017478909224299407
174,40.0,39.28951976808765,39.39247193951121,2.574163152569623e-06,2.7677073081239226e-06,0.00023719645731023437,0.0002580717679919334,0.00023740771451517527,0.00025813748745786636
175,40.0,39.41988264963272,38.97213675125958,2.827976185359322e-06,2.1782839635114113e-06,0.000264525032935762,0.000193515400567874,0.0002647421379484901,0.00019351313143825446
176,40.0,39.58202257146822,39.845023837399665,3.3012725135785394e-06,5.3410001103752915e-06,0.0003146156418380866,0.0005246540019771039,0.00031468893575102233,0.0005245513374883636
177,40.0,39.43129700240654,39.17461855841031,2.8543803720096343e-06,2.403657799922114e-06,0.00026734598011043725,0.00021857426241741852,0.0002677095274910018,0.0002188135554921507
178,40.0,39.54583668885745,39.84028743141896,3.1735202774430774e-06,5.262634233360567e-06,0.00030118318265387863,0.0005166741630289699,0.000301276745518838,0.0005166434818155227
179,40.0,39.52831997635865,39.77514491123935,3.117121273691177e-06,4.451823311382414e-06,0.00029523456835043395,0.0004338044582042503,0.00029526665120158834,0.00043400855936110344
180,40.0,39.39832112981163,39.231208225092196,2.7802132797187914e-06,2.4826993728033957e-06,0.0002594125263114931,0.000227237676799514,0.0002596923942891627,0.00022746716683057087
181,40.0,39.63893271047944,39.93587393378902,3.540480686389266e-06,8.259923690951089e-06,0.0003396307331603886,0.0008199160894896089,0.0003391397200528755,0.0008197844921671462
182,40.0,39.368027210074736,39.66938968692888,2.7173822234409455e-06,3.6935738284724094e-06,0.00025266709616171253,0.00035556135372659164,0.00025267984507007214,0.0003555386228644339
183,40.0,39.71172451169666,39.94709940011889,3.945984011840354e-06,9.088307854160919e-06,0.00038171572959092915,0.0009033119043391671,0.00038178543168856114,0.0009026275783501287
184,40.0,39.60332872116424,39.83453269066314,3.384683653752098e-06,5.172012931049465e-06,0.0003233571312958499,0.0005074408119078851,0.0003232067235670331,0.0005076744243407246
185,40.0,39.49879457417517,38.924384353017345,3.028962645816687e-06,2.1350068861258116e-06,0.0002859110825022626,0.0001886307080993813,0.00028602209345711887,0.0001886934737241516
186,40.0,39.508945195084735,39.94296076867003,3.05835490886409e-06,8.754467677266503e-06,0.0002890230916134671,0.0008697160704067231,0.00028885176721931403,0.0008699415935692388
187,40.0,39.48705993401005,39.676832385448016,2.9960989076058466e-06,3.7342839060623304e-06,0.00028242713510152185,0.00035978849746889165,0.00028260834630816905,0.0003594557868212568
188,40.0,39.43638307007839,39.23211658373889,2.866409273423777e-06,2.4840413146530383e-06,0.00026862989637745316,0.0002273842838216584,0.00026854345837827527,0.0002274704768048907
189,40.0,39.39854210004518,39.87793255856983,2.7806893910496726e-06,6.006711494184369e-06,0.0002594635521514138,0.0005922877930060564,0.00025951144005128374,0.0005934082534762904
190,40.0,39.42442488313321,39.21568526767379,2.838387147851247e-06,2.460140027886969e-06,0.0002656377533615019,0.00022477074891579302,0.0002657180789073992,0.0002250390717225714
191,40.0,39.55696222159426,39.38060478726592,3.2110980750244004e-06,2.742894513814193e-06,0.00030514014562875463,0.00025540889400954466,0.00030516280389676165,0.00025544893755712343
192,40.0,39.60600144608945,39.42691297439927,3.3956298580042875e-06,2.8441435801166967e-06,0.00032450272930411114,0.00026625275030177814,0.0003246556794268407,0.00026646381710982445
193,40.0,39.55540196114555,39.546857184768925,3.2057416628263702e-06,3.1769083331096676e-06,0.0003045764207680758,0.00030154015581661166,0.00030466830542862994,0.0003015739802554502
194,40.0,39.52731682843171,39.6140545211827,3.1139884316344343e-06,3.429306988324242e-06,0.0002949037801107648,0.0003280250969084311,0.0002951148610283433,0.0003279769943095407
195,40.0,39.422338608969724,38.98027701242387,2.8335897250241635e-06,2.1859767585278287e-06,0.00026512507859064393,0.00019438092470269605,0.00026509696172145143,0.00019460959879633028
196,40.0,39.550896858325444,39.834525788743534,3.1904353067003505e-06,5.171907109536156e-06,0.00030296497233589823,0.0005074300262075456,0.0003028467908856844,0.000507682699333112
197,40.0,39.49149275071436,39.35949158937795,3.008376827157851e-06,2.7005093392768963e-06,0.0002837292923578381,0.0002508515635097465,0.00028375817234134855,0.00025114684540047635
198,40.0,39.43421141268506,38.83172874361542,2.861252854241446e-06,2.059077799758842e-06,0.00026807961309865437,0.00017999170496062135,0.00026806158563798786,0.0001803042809629706
199,40.0,39.6165800209142,39.640022859569484,3.4400897105332607e-06,3.545618171146517e-06,0.00032915220212735596,0.00034016625663893795,0.00032871036019125515,0.00033992276768281536
200,40.0,39.22903502163499,39.00463005541675,2.4794987815985777e-06,2.209576677797362e-06,0.00022688795049439518,0.00019703119283681655,0.0002269298689532034,0.0001967874044920024
201,40.0,39.203861183782806,39.439822543655055,2.4434151193231796e-06,2.8746387027365718e-06,0.0002229389478162558,0.00026950784165358227,0.0002231372868057431,0.00026942447216382945
202,40.0,39.58290544214072,39.84966557189952,3.304599334396745e-06,5.421387498928887e-06,0.0003149647085135902,0.0005328352692302467,0.0003151789719402276,0.0005334356135511537
203,40.0,39.12128585663171,39.173099012443096,2.3365007689480986e-06,2.4016516685748608e-06,0.00021116666032543947,0.00021835362917008652,0.00021122335075767791,0.00021852491799205444
204,40.0,39.45202311474601,39.913636833773445,2.904466902585209e-06,7.126616333977483e-06,0.0002726871465291383,0.0007056100932651223,0.0002730158310794298,0.0007048923599754144
205,40.0,39.51826605376914,39.54385515301348,3.0861751239543646e-06,3.1669746574497116e-06,0.000291965355748321,0.00030049340227262627,0.0002920772973571623,0.0003005522817293692
206,40.0,39.54363187600987,39.76605032219374,3.166239827868672e-06,4.366700612566645e-06,0.0003004159557611982,0.0004250643979423612,0.00030004757637923883,0.00042528324430525315
207,40.0,39.39710492077295,39.8960730653396,2.7775975893359497e-06,6.503109831178085e-06,0.0002591321741561898,0.0006425755790286868,0.0002591195958596095,0.0006432402435535013
208,40.0,39.50972516178527,39.23729041661669,3.060651839921014e-06,2.491731877595747e-06,0.0002892661349902629,0.00022822418254496053,0.0002897304033553491,0.00022821742046364612
209,40.0,39.606894040401556,39.95119902701471,3.3993107352470176e-06,9.460123303320736e-06,0.0003248878802721933,0.0009407116078485945,0.0003246324765400574,0.0009411709053525316
210,40.0,39.62831859144109,39.88174173685263,3.4916644875827493e-06,6.101353044687484e-06,0.00033453880034844594,0.0006018837842637002,0.00033458964483707403,0.0006015324433696178
211,40.0,39.54408438377217,39.61871644676644,3.167729653370365e-06,3.4492960783510927e-06,0.00030057297211911766,0.0003301142747010294,0.0003002630947830991,0.0003304749988023244
212,40.0,39.50436946485015,39.820499007552044,3.044991362092542e-06,4.969707143367211e-06,0.0002876086298292598,0.00048680477699854463,0.0002873510635705693,0.00048716596777015396
213,40.0,39.667965445513246,39.983732919542774,3.685941979837055e-06,1.6354749565901108e-05,0.00035476849181877173,0.0016324145716194853,0.0003547389911697215,0.0016327578286334877
214,40.0,39.54801045448369,39.50331466698351,3.1807512542356413e-06,3.041937540755612e-06,0.00030194500395486126,0.00028728529377374727,0.00030175486145332626,0.0002873910145356822
215,40.0,39.47389844303511,39.425977753763604,2.9605823322784743e-06,2.8419753667407602e-06,0.0002786565582613848,0.0002660211267017917,0.0002788268172351804,0.00026597948975652007
216,40.0,39.52092592849765,39.32998037357874,3.094265586289238e-06,2.644743597986506e-06,0.00029282041456332817,0.00024483808321210267,0.00029263095136148075,0.00024481036597922184
217,40.0,39.55119606382891,39.76984243114156,3.1914445962794917e-06,4.401574464692915e-06,0.00030307125583154743,0.00042864621505680746,0.0003029438967899551,0.0004286217309157784
218,40.0,39.56590256950202,39.834444351381336,3.242355239853522e-06,5.170658999686201e-06,0.00030842774682922315,0.0005073028138208882,0.0003085156042970043,0.0005072619231244761
219,40.0,39.43678668145281,39.327305089525964,2.8673709758205955e-06,2.639875378063661e-06,0.0002687325122307639,0.0002443121366554103,0.00026857804532414174,0.00024405028738785459
220,40.0,39.20051565544212,39.31646473798598,2.4387526436810087e-06,2.6204506999632354e-06,0.0002224278412669043,0.00024221192932932835,0.0002224465274790513,0.00024242137561464457
221,40.0,39.62515851269454,39.62285364436175,3.4775386800891e-06,3.4673495676288565e-06,0.00033306418707999174,0.0003320001961467114,0.0003333725698885494,0.00033180898974941774
222,40.0,39.40153225099761,38.58765583210869,2.7871586344451334e-06,1.8979049372027866e-06,0.0002601567460891364,0.00016130539825627013,0.0002602990162540847,0.00016123191939507734
223,40.0,39.343436840247406,39.54188516358168,2.6696924282404202e-06,3.160510096454863e-06,0.00024753096092025595,0.00029981200892896287,0.00024738642012381735,0.00029948380920043324
224,40.0,39.377123663105635,39.63706058395211,2.7357541468845595e-06,3.531712865887209e-06,0.0002546419201978141,0.00033871663329522315,0.0002545408264692993,0.00033855911946025776
225,40.0,39.19214524540307,39.34396895873415,2.4272186608179104e-06,2.6706951781947835e-06,0.000221162619523001,0.00024763910706589675,0.00022103578643414205,0.0002474236393685574
226,40.0,39.630673668342695,39.88725050540124,3.5023113289498576e-06,6.246654599952689e-06,0.0003356498867108697,0.0006166084145642474,0.0003353253536122989,0.0006172414453594819
227,40.0,39.596602831034126,39.868829116550025,3.3576282125738327e-06,5.797549325391797e-06,0.000320524058595939,0.0005710646038793724,0.0003205256184209224,0.0005718048246956938
228,40.0,39.52003007930524,38.92791798330634,3.0915330522556333e-06,2.1381054783454853e-06,0.0002925316497953248,0.00018898134925262274,0.0002925524482020653,0.0001887903663978104
229,40.0,39.26983295132544,39.51735684892227,2.5420232894985234e-06,3.0834252706379255e-06,0.00023370456573115625,0.00029167467150262186,0.00023381480495816894,0.00029173629305256845
230,40.0,39.403941815484295,39.60374380313918,2.7924080216760847e-06,3.386376249017758e-06,0.0002607190549140582,0.00032353429648060607,0.00026073029351278583,0.00032341478104459283
231,40.0,39.452533376925054,39.54292979342104,2.905736572690674e-06,3.1639327697692356e-06,0.0002728223786620056,0.00030017279309802223,0.00027302643494569773,0.0003001207099119825
232,40.0,39.515282392339955,39.800156586177195,3.0771807165700056e-06,4.715461063964931e-06,0.00029101445260396546,0.0004608196289850966,0.00029099013025137764,0.0004608163892320898
233,40.0,39.243732059275914,38.47484131596049,2.5014205596320734e-06,1.83759120971461e-06,0.00022928159141445475,0.0001541635966764752,0.00022940532086631213,0.00015423297965504377
234,40.0,39.56424217635883,39.66820432753178,3.2364762431884968e-06,3.687218561786972e-06,0.00030780965665055764,0.00035490112316528463,0.0003078760010219808,0.0003549233653234049
235,40.0,39.36864528758609,38.42202510185832,2.7186176318077863e-06,1.8117502335414395e-06,0.00025279995704078126,0.0001510741178607308,0.00025283290094702524,0.00015111308377751325
236,40.0,39.64199971534648,39.98544664375471,3.5549950407870046e-06,1.7289176491931248e-05,0.0003411435143752965,0.0017260229539882426,0.00034094431715476375,0.0017279811994482153
237,40.0,39.643548625551645,39.8239488184807,3.5623972462803543e-06,5.017173218586906e-06,0.0003419148160041605,0.0004916495408858388,0.0003418714558800364,0.0004914304877612372
238,40.0,39.5592186263826,39.67933773364317,3.218895516229872e-06,3.7483096441582707e-06,0.0003059605913253299,0.0003612440337016607,0.00030595837381533627,0.0003611806618832037
239,40.0,39.48734666881422,39.04652551111382,2.9968881791746066e-06,2.252363845795812e-06,0.00028251086277316945,0.00020181781125194238,0.00028282801792499677,0.0002019649528127023
240,40.0,39.47132907670912,39.42310693667516,2.9538072937276713e-06,2.8353534086991227e-06,0.00027793663897525704,0.00026531356829663716,0.0002781451951763927,0.0002650034780889774
241,40.0,39.62761269183181,39.799752625896154,3.4884932356788286e-06,4.71081110044672e-06,0.0003342077954714409,0.00046034379787412115,0.0003342761787831318,0.00045988792175086365
242,40.0,39.63608458181365,39.849291306293836,3.527169150252022e-06,5.414767639198703e-06,0.00033824284492802484,0.0005321617102586686,0.00033803106036048536,0.0005325300952484626
243,40.0,39.63759530512285,39.98423354244302,3.5342101184637574e-06,1.6611893370138812e-05,0.00033897700750144214,0.0016581764120297176,0.0003389396593185902,0.0016565074761945217
244,40.0,39.26281824065033,38.52080552478823,2.5308929867155806e-06,1.8612760515401778e-06,0.00023249342593311393,0.00015697925149648836,0.00023241134950748694,0.0001570630470042634
245,40.0,39.59385186751625,39.83947242961494,3.346759493596088e-06,5.249502745168187e-06,0.00031938533322597675,0.0005153365800285079,0.0003193525132045982,0.0005152196915111215
246,40.0,39.46201956046154,38.65458658059899,2.9296760718376463e-06,1.9374565634393477e-06,0.00027537069353700836,0.00016594089113949632,0.00027525505348134914,0.0001660822815272449
247,40.0,39.611417292451456,39.74645645466504,3.418161351199038e-06,4.1992683454995585e-06,0.00032685971031683474,0.0004078450028813799,0.000327101070193883,0.0004080687924706143
248,40.0,39.40494891238715,39.035213168569484,2.794611719214334e-06,2.240525082805854e-06,0.00026095506626958384,0.00020049570186632103,0.000261122286784639,0.0002004849963268774
249,40.0,39.165157548959534,38.92284513667318,2.3912595710582363e-06,2.133662158839816e-06,0.00021721009037755344,0.00018847849235571418,0.0002173585796911954,0.00018824880040326525
250,40.0,39.16865366189477,38.961636363246235,2.395815549630156e-06,2.168500564806445e-06,0.00021771155568444978,0.00019241347924636072,0.00021778228111522007,0.00019233430100426907
251,40.0,39.49079798122554,38.864316162105325,3.0064416600702534e-06,2.0846692866013962e-06,0.0002835240987185127,0.00018291380578029979,0.0002834107537486422,0.0001829450589965725
252,40.0,39.461469877367186,39.12964384877392,2.9282712576122373e-06,2.3466012259928283e-06,0.000275221230252423,0.00021228370907433726,0.0002752019586684179,0.0002125368637553652
253,40.0,39.32051404348926,39.03036175044271,2.6276506621082748e-06,2.235514090583335e-06,0.00024299069945336478,0.00019993557085223643,0.00024270372889483878,0.00020021770117718599
254,40.0,39.463860100974216,39.53459052248499,2.9343959675376526e-06,3.1369376306705103e-06,0.00027587279123371687,0.00029732604491913893,0.00027557998445878443,0.0002972295893650192
255,40.0,39.498043615006154,39.69921709519883,3.0268243607303243e-06,3.865821136883427e-06,0.00028568454124641793,0.0003734229915576711,0.00028548244680150057,0.00037401413824248467
256,40.0,39.54609504520762,39.62009349982304,3.174376922816145e-06,3.4552718742035484e-06,0.00030127344469960035,0.0003307386237601098,0.00030133559131637663,0.000330855801331036
257,40.0,39.27198319681261,39.14301735768936,2.5454682580895914e-06,2.3630805106391208e-06,0.00023407923130741476,0.0002141039350354653,0.00023424276839540922,0.0002140182662228676
258,40.0,39.354379307738725,39.47382453194158,2.690568389614545e-06,2.960386731826949e-06,0.0002497810693227145,0.00027863577663294145,0.00025008395261349596,0.0002787231505853761
259,40.0,39.194629438301995,38.83253766782622,2.430622344755387e-06,2.0596994151316967e-06,0.00022153611404981925,0.00018006281350398145,0.00022177289231213612,0.00017991638274164558
260,40.0,39.24162311089768,39.5049327735728,2.498234534472121e-06,3.046626314616887e-06,0.0002289339596747088,0.0002877817211173332,0.0002290328936446888,0.0002874376197638083
261,40.0,39.61016389228122,39.88611584345167,3.4129044549115513e-06,6.215862274252268e-06,0.00032630992657847415,0.0006134887432750044,0.00032638704846547933,0.0006139987548310098
262,40.0,39.4835729052965,39.80740097725044,2.9865542107324316e-06,4.801338192964696e-06,0.000281414392909324,0.0004696035396293963,0.00028135594293274746,0.0004703599143214551
263,40.0,39.49004132261983,39.856412090859735,3.004338704398733e-06,5.545146536855381e-06,0.00028330109514007243,0.0005454223144979424,0.00028333868133231826,0.0005452323942611582
264,40.0,39.48133997439512,39.502443897612906,2.9804939073922602e-06,3.03942398168093e-06,0.0002807711511535784,0.00028701913072868944,0.00028097711382272817,0.00028674619054469314
265,40.0,39.535640340330744,39.15195155096466,3.1402952052357023e-06,2.37431396526724e-06,0.0002976802643111508,0.0002153431402591554,0.0002979185294122029,0.00021501089204812785
266,40.0,39.622129078852886,39.976136564796676,3.464166052373745e-06,1.350896223186256e-05,0.00033166770175025774,0.0013471895211219255,0.0003316807040701541,0.001349112006211785
267,40.0,39.48803459460763,39.81420862048009,2.9987845358726814e-06,4.886609129123066e-06,0.00028271202119113664,0.0004783183958499884,0.00028262041003770125,0.0004782859943565974
268,40.0,39.43927980923291,38.67812731278923,2.873334988338304e-06,1.952120367561377e-06,0.00026936877983940006,0.00016765064656754273,0.0002692089677227847,0.00016760680876520584
269,40.0,39.560013740972416,39.91676612244072,3.2216577244418954e-06,7.258044316512735e-06,0.0003062511794828675,0.0007188818213066103,0.0003060520114223408,0.0007194018713592592
270,40.0,39.35674834817987,39.73341620701773,2.695159917858855e-06,4.098319278117489e-06,0.0002502755877595498,0.00039744334068398036,0.0002501926698052379,0.0003975725349279832
271,40.0,39.4273924485361,39.70328216104545,2.8452572993943505e-06,3.89131188648623e-06,0.00026637171583641337,0.0003760612742350203,0.0002660355254811735,0.00037605291804409624
272,40.0,39.440599502217935,39.03436374683149,2.876508428917187e-06,2.239644882813556e-06,0.00026970726244649894,0.00020039733533949098,0.00026963702757022375,0.00020061139939862472
273,40.0,39.54595605004597,39.77051186250343,3.1739159569116324e-06,4.407821261729821e-06,0.0003012248744965636,0.00042928764570369834,0.0003010558746705465,0.0004298458661727148
274,40.0,39.62135067346386,39.93742595812535,3.4607563219377902e-06,8.360986537589355e-06,0.0003313115500528765,0.0008300963551409593,0.00033138744797549274,0.0008300699539041834
275,40.0,39.37092108619231,39.42086545660554,2.723182571275204e-06,2.8302181811399673e-06,0.0002532908075020463,0.00026476470597234337,0.00025332663522911785,0.0002649216488723538
276,40.0,39.41146652107508,39.690545004552604,2.8090131695232965e-06,3.8131496151803257e-06,0.0002624967616288324,0.00036796752557480364,0.00026234027009473457,0.000368188985396218
277,40.0,39.529033863610245,39.962967987051115,3.1193569614383347e-06,1.0852471107201354e-05,0.00029547060518572634,0.001080629580997831,0.00029538473643461114,0.0010801561107538378
278,40.0,39.64481231788659,39.98241148691698,3.5684727463624e-06,1.572958110065967e-05,0.0003425477739169171,0.001569775848974929,0.0003425329086189345,0.0015705944036890306
279,40.0,39.252898181270545,38.55644801706896,2.5154293125181073e-06,1.880468357987048e-06,0.00023080911217456356,0.00015925015684113643,0.00023093068000489396,0.00015918306953903729
280,40.0,39.66917517877707,39.90388537846511,3.6924211856256762e-06,6.759208754152564e-06,0.0003554416156286317,0.0006684818844385747,0.0003556711435723812,0.0006689702663116058
281,40.0,39.48122230878982,38.87944874097938,2.9801756646605524e-06,2.09694998573338e-06,0.000280737368233073,0.00018431221453476046,0.0002807500907973251,0.00018432427290132714
282,40.0,39.4671799371657,39.48404691720856,2.9429724909579028e-06,2.987845872545614e-06,0.0002767848818585005,0.0002815514687955853,0.00027660270791431764,0.0002815896340636933
283,40.0,39.65947979006563,39.98104527231288,3.6414813812471743e-06,1.5153294952578067e-05,0.00035014692130564475,0.0015120259518939883,0.00035010452622197534,0.0015135632671586564
284,40.0,39.450955795792765,38.99815575331636,2.901816978147396e-06,2.203215075860518e-06,0.00027240487834606154,0.00019631751502356622,0.00027248722189346505,0.00019629734434743426
285,40.0,39.21906385423033,38.78317893909342,2.464990910029752e-06,2.0229703152997717e-06,0.00022530157981102874,0.00017584962031768896,0.00022545186992035962,0.00017583231277120616
286,40.0,39.37651128579441,38.562013610088506,2.7345044057591313e-06,1.8835337021631624e-06,0.00025450764910161036,0.0001596120047861892,0.0002545874033702736,0.00015946151366697423
287,40.0,39.71580133208101,39.95121188663195,3.97326342499844e-06,9.461362984439799e-06,0.00038453507310054984,0.0009408362744039575,0.00038384147314018724,0.0009403610915776989
288,40.0,39.13153947338419,38.50584461343274,2.3489130592227757e-06,1.8534388847889914e-06,0.00021253923307925244,0.00015604921337997128,0.00021236616949646354,0.00015595783663907402
289,40.0,39.69665521555435,39.96395189273133,3.850023402184492e-06,1.0998956934095726e-05,0.0003717873074404719,0.001095339918190698,0.00037160907078255805,0.0010959825506030182
290,40.0,39.358256901964914,38.547943232189205,2.6980972963543245e-06,1.8758204846747154e-06,0.00025059187976869435,0.0001587010551548896,0.0002504133979075286,0.00015865604789758598
291,40.0,39.272924748668586,39.02692295749001,2.54698169938958e-06,2.2319858425905692e-06,0.00023424379985456783,0.00019954099332039922,0.000234371448989099,0.00019945903400567838
292,40.0,39.434761210270864,38.79540062945328,2.8625554280996094e-06,2.0318431951327244e-06,0.0002682186343069523,0.0001768696347485968,0.00026829061576174473,0.00017694327887978533
293,40.0,39.657251430219475,39.92078284292246,3.6300841534218552e-06,7.438064635702376e-06,0.00034896147295850093,0.0007370529528123477,0.0003489052685702968,0.000737543753001416
294,40.0,39.36180768097765,39.76911044583584,2.7050533412915625e-06,4.394775345250534e-06,0.00025134067675644246,0.00042794801477798915,0.0002511550129820905,0.00042741673767659463
295,40.0,39.573340001926795,39.94152642440711,3.26911632341101e-06,8.647140772603285e-06,0.00031123980362417534,0.0008589117739401319,0.00031109693733798904,0.0008588473471538827
296,40.0,39.62343158300022,39.815420050637854,3.4698955342026417e-06,4.902279289099823e-06,0.00033226608340742583,0.00047991918307524917,0.0003323200641263036,0.0004796986855766816
297,40.0,39.337919631124905,39.187988652690834,2.6593688113907786e-06,2.421559712753719e-06,0.00024641717624799696,0.0002205414120394744,0.00024648011496801735,0.00022044446644912114
298,40.0,39.531529625853075,39.93419063206312,3.1272138523906657e-06,8.15438950903808e-06,0.00029629995745179334,0.0008092834377718271,0.00029621408132187555,0.0008090848502889584
299,40.0,39.136034742679584,38.81093901780089,2.3544268216197127e-06,2.0433313593874243e-06,0.00021314843791045518,0.00017818818828024154,0.00021310260739992848,0.00017835963274577548
