parameter,signal_idx,openwind_controlled,openwind_varied_name,openwind_varied_value,sampled_value,true_value,estimated_value,relative_error,final_loss,elapsed_sec,n_iter,target_max_abs,target_std,ow_alpha,ow_beta,ow_Zplus,dg_alpha,dg_beta,note,param_train_time_total_sec,param_train_time_mean_sec
gamma_final,0,True,gamma_final,0.45089891602482685,0.45089891602482685,0.45089891602482685,0.45181722550959363,0.0020366194109817408,0.24300591603355493,266.36527037620544,300,0.0004595053828047849,0.00016222298727251727,80125.73037469777,0.6646516378651401,2679916.8499290883,80125.73037469777,0.6646516378651401,target parameter injected in OpenWind,1315.8498227596283,263.16996455192566
gamma_final,1,True,gamma_final,0.3734249966041766,0.3734249966041766,0.3734249966041766,0.37426450189718063,0.0022481229179574388,0.2477324849692229,261.2403337955475,300,0.0004077064795033783,0.00014325318684038795,80125.73037469777,0.6646516378651401,2679916.8499290883,80125.73037469777,0.6646516378651401,target parameter injected in OpenWind,1315.8498227596283,263.16996455192566
gamma_final,2,True,gamma_final,0.32514541355053705,0.32514541355053705,0.32514541355053705,0.3258710728792332,0.0022317993686950238,0.25235670638065777,261.49882197380066,300,0.00037316991472901765,0.0001317794905954275,80125.73037469777,0.6646516378651401,2679916.8499290883,80125.73037469777,0.6646516378651401,target parameter injected in OpenWind,1315.8498227596283,263.16996455192566
gamma_final,3,True,gamma_final,0.3199873310965196,0.3199873310965196,0.3199873310965196,0.32071073565273645,0.0022607287411595327,0.2528695735353457,263.8899884223938,300,0.0003693712212006486,0.0001305559258215234,80125.73037469777,0.6646516378651401,2679916.8499290883,80125.73037469777,0.6646516378651401,target parameter injected in OpenWind,1315.8498227596283,263.16996455192566
gamma_final,4,True,gamma_final,0.4881000204712574,0.4881000204712574,0.4881000204712574,0.4891231884053111,0.002096225960133853,0.24340865871437836,262.8554081916809,300,0.0004832675737067464,0.00017177447762051342,80125.73037469777,0.6646516378651401,2679916.8499290883,80125.73037469777,0.6646516378651401,target parameter injected in OpenWind,1315.8498227596283,263.16996455192566
zeta,0,True,zeta,0.4825511154555444,0.4825511154555444,0.4825511154555444,0.48231543658906195,0.0004884018685978366,0.25768971515696104,265.1306083202362,300,0.000501175896884487,0.00017747077294418725,80125.73037469777,0.6646516378651401,2679916.8499290883,80125.73037469777,0.6646516378651401,target parameter injected in OpenWind,1316.1810779571533,263.23621559143066
zeta,1,True,zeta,0.42132715515343605,0.42132715515343605,0.42132715515343605,0.4211173301002553,0.0004980098021555761,0.24857151661805477,263.07973551750183,300,0.0004566470045100257,0.00016064392160323324,80125.73037469777,0.6646516378651401,2679916.8499290883,80125.73037469777,0.6646516378651401,target parameter injected in OpenWind,1316.1810779571533,263.23621559143066
zeta,2,True,zeta,0.44589931219679974,0.44589931219679974,0.44589931219679974,0.44557255249682826,0.0007328105045994387,0.2523173572168489,262.99837851524353,300,0.0004748419022922508,0.00016728199757269809,80125.73037469777,0.6646516378651401,2679916.8499290883,80125.73037469777,0.6646516378651401,target parameter injected in OpenWind,1316.1810779571533,263.23621559143066
zeta,3,True,zeta,0.4087249982930846,0.4087249982930846,0.4087249982930846,0.40865515603269914,0.0001708783673060187,0.2468796122387457,262.0911192893982,300,0.00044730954848178604,0.00015730642010665944,80125.73037469777,0.6646516378651401,2679916.8499290883,80125.73037469777,0.6646516378651401,target parameter injected in OpenWind,1316.1810779571533,263.23621559143066
zeta,4,True,zeta,0.4870144847575537,0.4870144847575537,0.4870144847575537,0.4867905695467881,0.0004597711521394696,0.258307953354995,262.88123631477356,300,0.0005043009636171079,0.00017873226741438138,80125.73037469777,0.6646516378651401,2679916.8499290883,80125.73037469777,0.6646516378651401,target parameter injected in OpenWind,1316.1810779571533,263.23621559143066
fr,0,True,fr,196.84755210033026,196.84755210033026,196.84755210033026,197.98005552113068,0.0057532004270147,0.2471199415692436,280.4713840484619,300,0.00043481429988681926,0.00015265320252742833,80125.73037469777,0.6646516378651401,2679916.8499290883,80125.73037469777,0.6646516378651401,target parameter injected in OpenWind,1404.1925568580627,280.8385113716125
fr,1,True,fr,127.73277251446258,127.73277251446258,127.73277251446258,128.20940476811631,0.0037314797469049396,0.2411944991462201,280.44392228126526,300,0.00044962512350502656,0.00015995552368694907,80125.73037469777,0.6646516378651401,2679916.8499290883,80125.73037469777,0.6646516378651401,target parameter injected in OpenWind,1404.1925568580627,280.8385113716125
fr,2,True,fr,200.3793635099434,200.3793635099434,200.3793635099434,201.56220527920703,0.0059030119097315936,0.24739695116817198,281.7154197692871,300,0.000434045377057259,0.00015235906079588018,80125.73037469777,0.6646516378651401,2679916.8499290883,80125.73037469777,0.6646516378651401,target parameter injected in OpenWind,1404.1925568580627,280.8385113716125
fr,3,True,fr,130.35477390096446,130.35477390096446,130.35477390096446,130.8472700373196,0.0037781212119572796,0.24130700940041053,280.4770426750183,300,0.0004490952898874676,0.0001595527946607889,80125.73037469777,0.6646516378651401,2679916.8499290883,80125.73037469777,0.6646516378651401,target parameter injected in OpenWind,1404.1925568580627,280.8385113716125
fr,4,True,fr,189.52071294654522,189.52071294654522,189.52071294654522,190.59170027520824,0.0056510304969415,0.2465283502966798,281.08478808403015,300,0.00043638850394275874,0.00015327649212679766,80125.73037469777,0.6646516378651401,2679916.8499290883,80125.73037469777,0.6646516378651401,target parameter injected in OpenWind,1404.1925568580627,280.8385113716125
Qr,0,True,Qr,104.72847628765994,104.72847628765994,104.72847628765994,127.20137996697666,0.21458255171773827,0.24585348132545698,276.1025323867798,300,0.00044067192429833417,0.00015500041430613107,80125.73037469777,0.6646516378651401,2679916.8499290883,80125.73037469777,0.6646516378651401,target parameter injected in OpenWind,1373.8603706359863,274.77207412719724
Qr,1,True,Qr,147.69868264686792,147.69868264686792,147.69868264686792,191.69561762693192,0.2978830561763104,0.245842697296519,274.41394090652466,300,0.0004407684223859583,0.00015504214139520282,80125.73037469777,0.6646516378651401,2679916.8499290883,80125.73037469777,0.6646516378651401,target parameter injected in OpenWind,1373.8603706359863,274.77207412719724
Qr,2,True,Qr,127.59132626556824,127.59132626556824,127.59132626556824,161.038574136933,0.262143586482891,0.24584667814896166,274.286563873291,300,0.00044073132823185796,0.0001550260963739865,80125.73037469777,0.6646516378651401,2679916.8499290883,80125.73037469777,0.6646516378651401,target parameter injected in OpenWind,1373.8603706359863,274.77207412719724
Qr,3,True,Qr,112.48199315858655,112.48199315858655,112.48199315858655,138.79765264010166,0.23395442010360795,0.24585068645680092,274.3635776042938,300,0.0004406947646573407,0.00015501028697013442,80125.73037469777,0.6646516378651401,2679916.8499290883,80125.73037469777,0.6646516378651401,target parameter injected in OpenWind,1373.8603706359863,274.77207412719724
Qr,4,True,Qr,120.16795132485365,120.16795132485365,120.16795132485365,149.9834741577041,0.2481154293148367,0.24584851713993086,274.69375586509705,300,0.00044071450856724705,0.000155018823113454,80125.73037469777,0.6646516378651401,2679916.8499290883,80125.73037469777,0.6646516378651401,target parameter injected in OpenWind,1373.8603706359863,274.77207412719724
