signal_idx,true_gamma,true_kappa,true_zeta,known_Qr,estimated_gamma,estimated_kappa,estimated_zeta,relerr_gamma,relerr_kappa,relerr_zeta,signal_loss
0,0.45089891602482685,0.628274283386174,0.3081947047872389,94.78297722053307,0.4026989696597504,0.44880838987414173,0.2768577359942647,0.10689745451156182,0.2856489566066196,0.10167912785720172,1.3700610266680793
1,0.4881000204712574,0.8565282299335912,0.42132715515343605,139.34353506149992,0.40313248736123414,0.6043566234256934,0.3352946777975583,0.17407811830859513,0.2944113196682955,0.20419400056126705,1.406893799487425
2,0.43120487319920425,0.8644507104446577,0.4631707108243065,93.92115626063426,0.3727110981423682,0.6774621151645529,0.4074729516391135,0.13565193413251064,0.21630914639878226,0.12025319797546674,1.4152316538351908
3,0.4974123023599772,0.5444228792334398,0.4459310892859888,104.72847628765994,0.4401056521043048,0.3980126258538071,0.3982622759970567,0.11520955550110133,0.2689274440225249,0.10689726380203256,1.949646304099032
4,0.49863075261582607,0.7247187331884276,0.359942378107477,120.16795132485365,0.4456475976668505,0.6393661608985447,0.32158321596745953,0.10625729494425472,0.11777337659587055,0.10657028589327038,1.8012931333567863
5,0.3224754506116927,0.5766205631573451,0.4341248829387261,134.19934447339062,0.288482791190122,0.4127489721221582,0.3497757249259021,0.10541161926308247,0.28419310982926305,0.19429698993948094,1.2388504372177382
6,0.44634625852254456,0.6687055317629687,0.49944198715784227,155.05220867351437,0.39974306646035457,0.5846360227505344,0.4458729120710192,0.10441040150409618,0.1257197750268257,0.10725785269209505,0.9707293477254961
7,0.4611493587254266,0.7634130430750747,0.437689346114188,118.05758899869397,0.38264821834956014,0.6155007890724116,0.3546074493965584,0.17022931701094898,0.1937512796570301,0.18981932609333954,1.5770300443267493
8,0.3450053625597288,0.788628360768899,0.4050708644951452,113.14011722243472,0.2629123330489675,0.605641365695363,0.31831289345160035,0.23794711160916812,0.23203197371081968,0.21417973655467543,1.8528642693857496
9,0.41901126071350747,0.8482681811938951,0.48680870319124997,116.1121997943169,0.3641592715059205,0.6576019692451737,0.4295651112565743,0.130908150568992,0.2247711468799505,0.11758949985778432,1.5194775822279336
10,0.4244943628117542,0.869914612195707,0.3288319225439268,153.04059044607774,0.30655671389912575,0.6094323469521145,0.23109036027751925,0.27783089540091,0.29943429112671477,0.2972386668248451,2.4130449873976962
11,0.3822964363742124,0.6827808893852644,0.46554051876408836,119.32494602307258,0.3417084285063433,0.5978083656875591,0.41483431282590305,0.10616894118296033,0.1244506473727018,0.10891899607965289,0.7961707322915529
12,0.43246426809901556,0.5422834852012892,0.4507026217349614,127.3839570762049,0.3849893163462565,0.38732897420958634,0.40355196360443346,0.10977774409304344,0.28574447723442215,0.10461589495313649,1.1922191313309285
13,0.3860733921813085,0.8123921897170834,0.36063896585832905,122.09361809254071,0.30827228905243276,0.6184627163123537,0.2771225928631734,0.20151894614985183,0.2387141036797336,0.23157889441143648,1.5024774567471493
14,0.34478279811915175,0.6756051101887308,0.34069104813522993,110.1445837776156,0.3075311032060019,0.48362421478821727,0.2516380417061971,0.10804394858549819,0.28416140213457464,0.26138933475494547,2.4960176433331265
15,0.474826945924941,0.6320451090850442,0.3970381948863271,155.0460749875774,0.42370822411863085,0.4500722955493063,0.33918835600974306,0.10765758397879727,0.287911117292188,0.14570346032614456,2.1377212511959773
16,0.5194096678630591,0.7898004289746045,0.4082453711094869,111.05570025283568,0.4226205623026707,0.6153242145137542,0.32785557170682944,0.18634444360382327,0.22091177474716267,0.19691539718915219,1.5085497631206715
17,0.35039757385155174,0.876823521691727,0.40321371710957576,100.99160077942315,0.2784618701376536,0.741892582425331,0.3569082345812869,0.20529737955427216,0.15388608531630488,0.11484103978462884,1.295601539806592
18,0.4480563384184125,0.8082225055915158,0.42260066021060805,151.0811065494314,0.33741636774955813,0.567452147443519,0.298659362316202,0.24693316706421517,0.29790108105413815,0.29328231014272066,2.59004878486628
19,0.3248540969761468,0.7201491884573076,0.39186717657708076,97.64684869686722,0.29035808415821684,0.6345417380012321,0.34933543774845516,0.10618924969403393,0.11887460519043613,0.10853610960768885,0.7390800895038622
20,0.37170016032660574,0.6384643559120138,0.46284514811885613,99.49474638344356,0.33267384299641667,0.4537588415141423,0.33660551529941973,0.10499408258499916,0.28929651700607323,0.2727470155677612,2.7240292807143143
21,0.44312121097875296,0.791138987018187,0.3375802146733207,97.19666420831678,0.39206445566038967,0.6882808839155782,0.2967621236663385,0.11522074333925619,0.1300126839789331,0.12091375392507013,1.1358173873562827
22,0.374518536628174,0.7658887202808353,0.4124531325560856,103.1288914565835,0.32182630086149455,0.6525167956903797,0.3534830367262902,0.140693265121328,0.14802662787471857,0.14297405250468453,1.964610044998473
23,0.40778509685981007,0.7701005409939545,0.3845569346540256,133.32402495463228,0.35547256034424096,0.664068079201039,0.3325122909172038,0.1282845717472439,0.13768651773190724,0.13533664081144392,1.3351046158877269
24,0.5206289859761658,0.774988011919917,0.37832496661600523,105.45328560750613,0.4629089974245003,0.6700838298599915,0.33472829614335303,0.11086587590478085,0.13536232876691995,0.11523603864320758,1.1629967157425103
25,0.3894977004356357,0.7139284206171999,0.47824188190011585,142.22274640454307,0.3390075135181528,0.6109744795554269,0.41259386316915725,0.12962897306200244,0.14420765175977723,0.1372694889668188,1.6190844311236288
26,0.383628932729844,0.8605969982599225,0.3941819770831515,137.10992763763937,0.2844227094838632,0.76725317146207,0.35192158875580376,0.2585994297667923,0.10846403948257827,0.1072103515235884,1.7024496293380533
27,0.33912074208370707,0.5696129632436941,0.3403814895058901,149.02810460551837,0.2901912670110251,0.4351098202787412,0.2969874787919643,0.14428334513553417,0.23613076184049078,0.12748639997115613,1.9745808543526575
28,0.45994021837324717,0.8339788948831243,0.42888725384110354,119.15889985472103,0.3795024042191589,0.5913648311200282,0.3085974333281106,0.17488754177355287,0.2909115149695683,0.2804695626547077,1.6343079260343147
29,0.4254979989603743,0.7431724488033467,0.4724235969815256,121.13663538494532,0.355647022715165,0.6008978044503425,0.3875611670824473,0.16416287835871674,0.191442301961132,0.1796320726595646,2.0863584288175
30,0.33457197426730473,0.6165677298416153,0.46025489304127937,130.135127254023,0.29882295011593163,0.43936721426551434,0.3370758111913223,0.10685002600609811,0.28739829705589764,0.2676323135556744,2.302799281542508
31,0.33636114351272417,0.6862600637839481,0.3958102596281668,103.73368216481741,0.3011035476228495,0.6063122427252019,0.35335533317540646,0.10482065651718446,0.11649784866967836,0.10726080342799467,1.3561059741473946
32,0.4714957789473443,0.5728535670720982,0.3782456380991324,126.04626141383524,0.41349740495383985,0.4276572241507569,0.33423736791981506,0.12300931754466794,0.25346153234840063,0.11634838778440443,1.2994994412783052
33,0.4073625123073915,0.7408134928605399,0.4475675574584321,153.51670342725615,0.3548595656647977,0.633153113194371,0.38639054974479864,0.12888507178828382,0.14532723918196275,0.13668776186780532,1.8217843557258402
34,0.37646644555099495,0.7627342585133379,0.4392431993340311,112.04504681328045,0.31074094106734124,0.6219288048787048,0.35737768450253476,0.17458529242216556,0.18460617451362424,0.18637855965810893,2.190432369651197
35,0.31681440762036445,0.8780783975420764,0.35968024460337517,113.37412512714604,0.22577769389636884,0.7891898145321475,0.32265365559453696,0.28735029573870896,0.10123080496997357,0.10294307114272563,1.8696108201981922
36,0.5046510358639281,0.7402328436612724,0.3942619330363663,142.079813103051,0.45074992448994117,0.6481615181518581,0.35247849238396245,0.10680868073858589,0.12438157303858541,0.10597888649967584,1.1133465888424656
37,0.3229030076167814,0.7834726089577462,0.37484876669569417,99.42829459401611,0.2657031174922964,0.6761521791304503,0.3250403051758176,0.17714263656648674,0.1369804490932545,0.13287615151822427,1.6202835654798666
38,0.4558655142272858,0.8631696684331808,0.3414382336162003,133.13063748658394,0.33372889492187047,0.6046133453620327,0.2400217428130925,0.267922480410572,0.29954287381353145,0.29702734145791887,2.313446057438502
39,0.3794124121287166,0.7958236214246122,0.4444329616284235,107.41971403555029,0.27517964275469825,0.558575020191235,0.31288326630592794,0.2747215590265327,0.29811706368890634,0.29599446188800044,2.966237670057133
40,0.5154848382757695,0.7140212812490982,0.4952487411415408,98.80225149347513,0.44391965896972174,0.6030522721162472,0.4236260730961558,0.13883081323094604,0.15541414807514348,0.14461958627152866,1.913503979847972
41,0.4446520805509512,0.6661527374539318,0.46038024139716144,104.65798850900178,0.39852133790950744,0.5871959721978842,0.41110730584301075,0.10374570289716156,0.11852651924515714,0.10702660784185099,1.5321893913310896
42,0.5004150428535955,0.7255991972710418,0.4804430159431977,123.57209523995039,0.4288027370394523,0.6073733438016939,0.4081696458957221,0.14310582153121748,0.16293547996468574,0.15043068095305698,1.7794174758093089
43,0.40733471460090614,0.812576084728237,0.4968305999862243,116.85786204077681,0.33999404557492807,0.6820255651184826,0.4308301998861784,0.16532023078847174,0.1606625177178535,0.13284286455358413,1.2717219300832006
44,0.5209448354257254,0.8623043676567238,0.33553851715239624,131.80322605278423,0.38809667429740197,0.6170761082595849,0.24508441627279937,0.25501387497153627,0.2843871243091769,0.26957888962271975,2.1817076403934235
45,0.4652264613141607,0.8671953060908543,0.4331314833931507,102.08723471573082,0.3924751479943794,0.7266228914313332,0.37648669578179333,0.15637827890158076,0.16210006404807917,0.130779658794605,1.249755898190923
46,0.421550063343714,0.7077350410544208,0.4000452378697492,153.66139288182796,0.3777027276871982,0.6245780229199872,0.35733880985212385,0.1040145393615195,0.11749738717266545,0.10675399673556459,1.179627348747745
47,0.39033679136249577,0.6119387571062667,0.4044174004422896,133.82318274781426,0.34908234698701224,0.43562978886611337,0.33402922064020824,0.10568935670010053,0.2881153811435026,0.17404834639929334,1.718072646079155
48,0.5146515882724658,0.7391156092297012,0.3535666780583177,151.86091845675418,0.4605874391705836,0.6523279304007099,0.3159060749574481,0.1050499995217341,0.1174209795399133,0.10651626818367148,1.5716411508003039
49,0.4202540350532325,0.7724093070514017,0.3952077820950804,107.3112516513747,0.36072833086773026,0.653915154812242,0.3359787296416122,0.14164219548293513,0.15340849878091145,0.14986813300963464,1.44993957967803
50,0.4863556169102752,0.8193189803564552,0.4030651122084284,111.61258625550884,0.3809365924038567,0.575947450087691,0.28567975919487254,0.2167529701335116,0.29704124535584703,0.2912317376475265,2.2556403773017757
51,0.3278793782025295,0.668595952678859,0.38169464108399975,96.57969961890282,0.29295379603280586,0.4754346751451015,0.2766642791875558,0.10651960596360005,0.2889058432971654,0.2751685525323628,2.4437783009283667
52,0.3267878769634324,0.8872075208481004,0.4304738223175976,108.406887604364,0.27508597150852876,0.6981326470051941,0.3402423257026599,0.15821243411881253,0.213112343391956,0.20960971826148858,1.5231517539797172
53,0.408273933519505,0.8783360986070355,0.47953552162170976,146.5144398505463,0.3563827790176393,0.6570451649701136,0.41247904822562764,0.12709886730837935,0.2519433437699647,0.139836300696366,1.3481219993718332
54,0.3992973841746382,0.7075231716497686,0.43533787036621324,97.5501695598785,0.3571418327856397,0.6185687706452386,0.38861171533121475,0.10557432394939308,0.1257264844020732,0.1073330813046237,0.7023272789341399
55,0.4337307806702726,0.6288653196081859,0.4759302346669845,97.76340233201195,0.3874046126244668,0.4479075064985464,0.35675864570730836,0.10680857829415505,0.2877528899548558,0.25039718067725253,3.1675105615067474
56,0.45980730346750803,0.8413814183262636,0.3454637050321816,149.71551496338287,0.3867570100797197,0.6159205727890277,0.2567241682982201,0.15887153778746013,0.2679650876837033,0.2568707955172744,1.416708321457076
57,0.5005332437531347,0.5390736122729248,0.44149911346743553,93.82498022417678,0.44238596771221567,0.3940165052146524,0.393683063026522,0.1161706575269904,0.2690858980217199,0.10830384248198582,1.8969192619099016
58,0.4227097967318232,0.6875168035223567,0.340650567222913,114.05891528597537,0.37705066208558347,0.4911614430437014,0.2569775703904493,0.10801532162077361,0.2856008165511989,0.24562705858555126,2.8909434733216717
59,0.48661143484670616,0.644840491028594,0.32980771670671116,137.40699939489443,0.43331766018303675,0.4585046234150197,0.2967205430034922,0.10952018560858148,0.2889642790829518,0.10032261838385806,1.510120063063667
60,0.43005267816058,0.6543611587837351,0.3738134479590757,117.15604784924265,0.38430315815568444,0.46596391907071916,0.2958616789642517,0.10638120009059188,0.2879101810736918,0.20853120565999,2.434612416409455
61,0.5248508929293444,0.7571284767755369,0.43486478610089874,114.37271596159115,0.4490274339631931,0.6308722451258967,0.37121730619046284,0.1444666666049831,0.16675668069881738,0.14636154028730256,1.5954499888173284
62,0.4599626265056087,0.5761551930849524,0.31034584639675505,146.8869591755492,0.37760080304125804,0.5099994499698352,0.27756507793253593,0.17906199051445404,0.11482278370328394,0.10562657385242155,1.3893267513545258
63,0.3183770149679767,0.8799624845757804,0.4654006051638107,142.8256849578982,0.27604187163997373,0.6627600836380088,0.36582709443418554,0.132971732686988,0.24683143286782547,0.21395225881706256,1.5547434048897637
64,0.32664561575753726,0.6061409395034759,0.4699731262190424,120.78092572843943,0.2921532810084244,0.4314426396886698,0.34401439831896147,0.10559558458827084,0.28821399187771624,0.2680126178988686,2.129522700228323
65,0.4488957340113485,0.5759102515778921,0.3372672637355659,124.8292445463421,0.37757354026550777,0.4689145516500631,0.28888431093406663,0.15888365235397328,0.18578537130512907,0.14345582273716875,1.4016970072503032
66,0.47674744770951266,0.7241493075422748,0.3213760157138085,147.88662990717975,0.426339211173886,0.6412445817905597,0.2873616009744807,0.10573362642591624,0.11448567980143416,0.10583992916763987,2.211865520938563
67,0.34596802992014547,0.6885785039168628,0.41736989468889285,113.69684389977556,0.30990980960578285,0.6087274346729246,0.372925420334933,0.10422413979316351,0.11596509154688812,0.10648701528194492,1.0273640357487894
68,0.4047094290015008,0.8473723942434507,0.39082714031722543,127.4529445315753,0.29033100520094074,0.5932143747139474,0.27426304473492474,0.28261862858682224,0.29993662910911806,0.29824974664678683,2.433074182267827
69,0.5212732111017111,0.6304740134339264,0.4789580375775569,116.3659700892978,0.46618501339678836,0.44857411870035624,0.37874962589916006,0.10568008585841926,0.288512913867517,0.20922169337678198,3.627847661187051
70,0.44839514345358467,0.8510108993441993,0.45513713804903877,107.82544937441199,0.3881782361603449,0.6840357452110087,0.3993860312359968,0.1342942896960102,0.19620800892428508,0.12249298541538717,1.8451754030196823
71,0.37983508611626854,0.842611473115673,0.30105306091311496,145.0767761489229,0.30981434560192056,0.6736906832649858,0.23971318906148428,0.18434510942708027,0.20047292879371684,0.2037510320127042,1.613238032807363
72,0.48468164946668174,0.6986169082595208,0.36060648536386275,111.15160075629834,0.4347678793364848,0.6191130239974966,0.32205118543339994,0.10298258699317259,0.11380183233768845,0.10691793269208498,2.3792068092424463
73,0.3702774829950203,0.6905020885883395,0.4009096517915907,128.34358450465578,0.33176293138441026,0.6095709806568832,0.35733176672045946,0.10401537597987827,0.1172061739840811,0.1086975204422986,1.335402736751135
74,0.5265505598046568,0.8138949813208822,0.4244358458882325,155.5600092301178,0.41490262567914415,0.5725795975879001,0.3055487705053853,0.21203649307092665,0.29649449778071835,0.2801061138793493,2.5735090588905196
75,0.36193013532771134,0.5893752720195348,0.42250792085460614,96.49637549758647,0.3231895018131885,0.42092046452093806,0.3467853060363074,0.10703898275683772,0.28581926574790756,0.17922176385506502,1.5173348912735096
76,0.3240285388212288,0.7152855311963364,0.39324120506505783,151.07298582455326,0.289965775310339,0.6311178679453014,0.3504360270053062,0.10512272664255258,0.1176700206842742,0.10885221972776214,0.7272810727486108
77,0.4492667396976032,0.7150117645428274,0.3993746870787009,109.21968262670816,0.4022344486380907,0.6289096527066621,0.3561887466038105,0.10468678605313507,0.12042055264813484,0.10813389499164766,1.2218262993716211
78,0.31898853938946875,0.6008027611147853,0.4384064241763678,106.28792024918721,0.2848583168531366,0.4292858463482048,0.32753124715907994,0.10699513719726736,0.2854795714459301,0.25290500070930433,1.8204858603291374
79,0.3944721615370656,0.5338256559284869,0.46600954596034916,103.40381756633998,0.3521961742926102,0.3793670264243403,0.4191459363322031,0.107171028444001,0.28934283653994775,0.1005636258621481,1.344333002812924
80,0.3854911503637733,0.8829832793849635,0.3637421676971034,143.0343084887518,0.28028627523103145,0.7916018379053851,0.3197098136387331,0.27291125887965006,0.10349170093371367,0.12105375171964411,1.7707645815734687
81,0.5000481639679015,0.6713351063214138,0.3875763746245598,117.04680644308458,0.44692537759207496,0.4786969582257055,0.30084747019384384,0.10623533932070704,0.2869478242412654,0.22377242295722777,3.2219639185919626
82,0.33906720885575536,0.7025327362277645,0.3482704290169365,109.82157803444562,0.30404590081005334,0.6220463061894786,0.31073161603197375,0.10328721601799204,0.11456609192399503,0.10778639200268487,1.579818766778235
83,0.3554783584920615,0.6013219148610303,0.46276553403100423,120.18651175901415,0.3176766891377843,0.42806787529594403,0.34919146510727667,0.10634028331466312,0.28812194480742725,0.24542464935627287,2.2657214475927088
84,0.3704992265883857,0.7422705123767211,0.4208544592116912,134.17862669126174,0.32271037462626245,0.6422266113843962,0.3652648642636327,0.12898502488701635,0.1347809179055063,0.1320874562008543,1.3731387749691444
85,0.5087961962746386,0.5858231697464987,0.37427742568847927,111.53878984442578,0.4530060671733747,0.4205950924793566,0.3354787732148442,0.10965123070839428,0.28204428537478415,0.10366281750032176,1.250721269994826
86,0.32004101304045907,0.596951647763769,0.3789337162597206,118.33191938039526,0.2857715608619694,0.4273882476548686,0.3063803516997023,0.10707831428516744,0.2840488015136554,0.19146716548782994,1.1742263495610512
87,0.4466295962698772,0.693054617733637,0.42146613351429496,107.6912490883358,0.40002026756692877,0.6109314701326201,0.3762999957406938,0.10435790438478826,0.11849448153100606,0.1071643346453346,1.4021153710047838
88,0.34477128480966895,0.6493977287326727,0.31922168670562945,116.61499466673725,0.30801855917432164,0.46410739829721054,0.2530981812483891,0.10660030940696429,0.2853264220635081,0.20713976590887503,1.6836924039860737
89,0.41359783388038107,0.7877409685807775,0.4734049738670826,96.98972828229213,0.3256972217184385,0.553981506538286,0.336517603977687,0.21252677108402068,0.2967466100736653,0.2891549042487021,2.0229937209495437
90,0.5001225820376879,0.6343201092260822,0.4206296300103124,142.3458801825112,0.4462896026351942,0.451631480366425,0.35030166109478605,0.1076395694494695,0.28800699552557296,0.16719689697989687,2.76222681535931
91,0.46759174684635224,0.8574599427741302,0.47207872983657695,151.13985181554764,0.40632351717787485,0.6798459308481498,0.4146975678938963,0.13102932222755795,0.20713971938018214,0.12154998375492312,1.4002819169797314
92,0.322110011972663,0.6877230400459755,0.39698886539545764,97.82213733563172,0.2883149410057716,0.6072255510943285,0.35401506744015654,0.10491779116061603,0.11704928330780599,0.10824937851214808,1.2294298118350495
93,0.31768709669335193,0.8273706101247963,0.4966604488572351,142.78811579204248,0.2750769803793646,0.6630550673581898,0.4073680383912111,0.1341260528283804,0.19859968526295857,0.17978562752777413,1.6489363705750812
94,0.3830923363854156,0.7828934651292561,0.3598362146396494,140.0467801797343,0.3341260789467062,0.6783802937840723,0.31073238652231605,0.12781842075129948,0.13349603234704305,0.136461607030041,1.3664086951725634
95,0.37552666336688856,0.8103197749414867,0.4975481493789154,155.3899093300149,0.3221293059719129,0.6460437328098728,0.4337550255155155,0.14219325178198217,0.2027298940637062,0.12821497566221934,2.1788870982887976
96,0.5027840016362985,0.8565475683832908,0.4416413828206345,128.4060548289693,0.4331834112634005,0.6150809500305159,0.3755851345503316,0.13843039982653504,0.281906840046883,0.14956987918211131,1.896722695992968
97,0.5113032619028165,0.564354426848281,0.37402630902800155,131.62118396932894,0.44562365475375776,0.4282000043226153,0.3302129773539583,0.12845528679913346,0.24125694075979837,0.11713970546056729,1.7371058460655284
98,0.4173010082498427,0.8139645475765159,0.33901727869580933,97.64084358854147,0.3571722867470613,0.69229990278229,0.286202302881718,0.14408956679726412,0.14947167558644675,0.15578844835658281,1.7101522471910449
99,0.3431953839276227,0.8742874626455928,0.3265549074458861,107.88114546019821,0.2423642955174011,0.7843761490828667,0.2934473540340119,0.29380082930103196,0.10283953208096404,0.10138433891813589,3.4926549921775654
100,0.5182163607317137,0.6062270425780971,0.4656889770549062,103.08013269262626,0.4623937020016345,0.43061993203891574,0.40227559664749685,0.10772075712016982,0.2896721825413435,0.13617110030915056,2.641567964666442
101,0.4247017740681152,0.5807514594272798,0.43780729595622625,146.35923276951743,0.3790819232621332,0.41243812878955954,0.38943984991683056,0.1074162002409374,0.2898199012770557,0.110476564657871,1.3061739398786836
102,0.40628239845245007,0.872208731225945,0.46506658127695966,114.8884570294735,0.35235258731074937,0.6613315060380467,0.40079914319721505,0.13273971835137835,0.24177380670277965,0.13818975748221227,1.5844349591332982
103,0.43798547561629236,0.7999221619715092,0.4654207874049592,152.08990442822383,0.339742196806138,0.5622263369106192,0.3536635498890878,0.2243071614918636,0.2971486931616679,0.24012085523509763,1.8458124886631015
104,0.34709388063154395,0.7971809749205977,0.3278702787735645,150.40804725705792,0.30317126688668006,0.6914983509455936,0.2843157425029315,0.12654390122045903,0.13257042917454276,0.13284075773367934,1.4100530303612437
105,0.36421014550532527,0.8354001112164903,0.36126357310642476,154.36439801289512,0.2723865867545186,0.5918734549954141,0.25651387146255467,0.2521169711607171,0.2915090062251228,0.2899536777072507,1.987099953338796
106,0.4257630190731595,0.6469784683619517,0.356486703432936,131.61656223872976,0.3795038896772054,0.4622834374038857,0.29104518779372013,0.10864994685695174,0.2854732266835478,0.18357351062191027,2.0472353651476105
107,0.38692430036778036,0.7734203145953906,0.33088501409217885,109.3609699622677,0.34541970848322173,0.6796464259054986,0.29537437997996063,0.10726798974659273,0.1212457016194993,0.10732016440709996,0.781943741398657
108,0.5000476859178391,0.7456305762547513,0.3523966111941068,103.08843128631176,0.4467183767493051,0.6553306818530852,0.3140927247262204,0.10664844707889788,0.12110540699019608,0.10869538823909941,1.433939658654258
109,0.34536251054137496,0.6208669328449812,0.3765649333140815,134.31744103902722,0.30757883680422643,0.4446561946368913,0.2970736276026909,0.10940293918387527,0.28381401695955094,0.21109587929975748,1.718583674772209
110,0.34362831278430106,0.7097436411662408,0.4202996715246715,95.54306302324653,0.30652965296178886,0.622413612446685,0.3751586151244016,0.10796159234352556,0.1230444679660057,0.10740207394528066,0.7913313959560041
111,0.3477124038458432,0.8620149131509313,0.31408411523083934,101.86087183745613,0.2525964919749813,0.6089346990932444,0.22349424583522903,0.27354765265443653,0.29359145670995457,0.28842550451502574,2.117540639878097
112,0.5165973036445645,0.7532686754427159,0.3737986247459582,125.71187636270392,0.4610501368082314,0.6587481902522633,0.3336074732723383,0.10752508084043597,0.1254804404748418,0.1075208650137081,1.0960479421828322
113,0.4563598629810446,0.6302346295952008,0.3275936145733911,143.0024746564995,0.40699212832794907,0.4492419309157965,0.29458759170268667,0.10817720544180737,0.28718304291793006,0.10075294939337119,1.1114476055224563
114,0.4579460832456241,0.714395721286522,0.4633472871939317,128.06720430437665,0.40463073162585245,0.6165461428598359,0.40887633902801235,0.11642277021326854,0.13696831533435463,0.1175596570248631,1.109524222979274
115,0.5234727778917314,0.6051008587721659,0.41074607257304563,123.97654355771174,0.46655925224755057,0.4296809022121312,0.36895559746166934,0.10872299009205046,0.28990201222980627,0.10174284771510364,1.8171659105196754
116,0.39104099441775453,0.7425163329019104,0.3470602463335161,143.8876677361552,0.3491801898180081,0.6543382443374409,0.3093161642913395,0.10704965770168325,0.11875575614593008,0.10875368885062538,0.9934593040719927
117,0.4995073794387495,0.5782096832858872,0.39341464134765425,111.07155578335652,0.4452926278974749,0.4131105590872236,0.3530199388837078,0.10853643764420601,0.28553503853554935,0.10267717115350135,1.1495067450926681
118,0.3340376865221361,0.8505602294288804,0.38598973840956713,102.98070624763088,0.23673497047339526,0.7646705863878122,0.34674029604416134,0.29129262946889906,0.10098008356061977,0.10168519641773188,2.2697062531045304
119,0.45857945738521716,0.6042866898647534,0.4802862157376354,107.32176608865801,0.40883376068593835,0.4305201956244882,0.3850491663062205,0.10847781316442898,0.2875563820198593,0.19829228137465388,2.9693540551907214
120,0.36942396066088207,0.8685972947150956,0.3378640769079523,104.95571315113172,0.2628099167353187,0.7789949070115859,0.27679225597052703,0.28859536813702025,0.10315757169483213,0.1807585508833591,3.7853264514528644
121,0.390326629765747,0.6143421425394165,0.43408914855455694,100.94246138271546,0.34779947200505756,0.43807760247405014,0.3412658022017625,0.10895274500285042,0.2869159184436988,0.21383475413260247,2.2862052477738275
122,0.5056212778516875,0.8371363236247876,0.300565406437324,127.59163510742464,0.4390146829080574,0.7162083455901738,0.2571185696259739,0.1317321834765974,0.1444543434825496,0.14455035702989302,1.433028630603459
123,0.33904561881900913,0.6240740103601515,0.3833792081266205,122.10100761582979,0.3018894830024039,0.44655318633266317,0.2973089653022623,0.10959037295933932,0.2844547619040273,0.22450420106228447,1.837574893468662
124,0.41527893068916305,0.8617684288096757,0.3517542178844301,105.49313817403362,0.2973957511825522,0.6034480666861163,0.24676399170211605,0.28386506223896685,0.29975612181611994,0.29847609735502567,3.1007914081930013
125,0.45797771002549953,0.868549639689952,0.4845621750887503,148.7656249952171,0.3981823108479155,0.6605466078787293,0.42528172550092413,0.13056399442290478,0.23948318242981942,0.12233816966206378,1.286850362556176
126,0.3300790518398827,0.8650271243498424,0.42984807381089507,148.22224034533102,0.2716323371520487,0.7241205923852644,0.3564889173344828,0.17706883960690045,0.16289261688815124,0.17066298756682458,1.3010791425163888
127,0.40260877675981266,0.6103834267504601,0.4585940153789387,135.10215443698647,0.35908584367384805,0.4353728444558877,0.3550984832809047,0.10810229582235216,0.2867223692921811,0.22568007568200615,2.574516024597112
128,0.4808352594166573,0.6039773677551283,0.3268703474596786,141.47656810235446,0.42017894567826714,0.45048232760676477,0.2873083679623346,0.12614780748811463,0.2541403839664988,0.12103263512522859,1.3167832464948797
129,0.3207682607028282,0.868188241861005,0.32701757250185315,131.25689284560005,0.22696419536154971,0.6096551730584321,0.2772479286136528,0.2924356204561714,0.2977845775109719,0.15219256722945151,3.5845543529124955
130,0.49897229086049977,0.8361323928008808,0.4622046797568684,110.09039758852978,0.42084225736136094,0.5953760754183594,0.3804764969463652,0.15658190831478866,0.2879404260084155,0.17682249096546218,1.390884574688608
131,0.3327890855785869,0.8684953520583524,0.4227583382094204,93.91442210164374,0.27262668401878737,0.7240778805780028,0.35713692054793217,0.18078237588591947,0.1662846797488059,0.1552220541395485,1.3172388748057138
132,0.5085959145718918,0.8821052337093321,0.35725932083323414,144.60382018993622,0.37355290278902925,0.6231771200572742,0.25609325517198767,0.2655212279802412,0.29353426751958134,0.28317264172505663,2.1483030356855837
133,0.333888076158956,0.6880894167927145,0.4635407549489616,119.29583329311086,0.29825113136806475,0.6031430077335971,0.4128996587940363,0.1067332059319344,0.12345257314821827,0.10924842231078723,0.9847759115692113
134,0.4257451882164522,0.5740491586336485,0.4628013038500224,124.866713020782,0.3800947260502966,0.4077428471485718,0.40676929120394445,0.10722484582244189,0.28970743878611177,0.12107142348120077,1.5470133728787812
135,0.36888691012108776,0.8082235853803083,0.4958456578379125,127.39645212976814,0.30616674998983623,0.6797031605537031,0.43279135559214355,0.17002544251479007,0.15901592968996336,0.1271651798277537,1.3395274457647164
136,0.47203869697298534,0.8849300445411687,0.30602549927506484,131.18610327292322,0.3422762798960096,0.6213070000836065,0.21626106103353485,0.27489783763300657,0.29790269421155124,0.29332339446931854,2.2202346499029315
137,0.5205993036140247,0.5741544837143774,0.3446202989987841,128.1392743114608,0.4399938358889565,0.4612728647127201,0.3010584127078328,0.15483206981934336,0.1966049594725661,0.12640545672298023,1.615039752116647
138,0.468911062561877,0.7287271074651644,0.40954035912847325,96.9711768421476,0.4190392534943851,0.6374030562980422,0.36512102517818135,0.10635664851884544,0.12531995891409578,0.10846143233555527,0.9321025039673014
139,0.47247746927309076,0.6463490360226006,0.31479237475828103,153.65426996329046,0.4216635032644682,0.46081245828123985,0.2830179651537981,0.10754791352654362,0.28705322882986894,0.10093767242259748,1.2848218220993814
140,0.4918374802856025,0.660636066726161,0.44054786111641103,147.50742416578717,0.43942949915504703,0.47052474301848196,0.33427501885126815,0.10655548475102576,0.28777012531240104,0.2412288235739753,3.5573403143789095
141,0.4518179884463027,0.7271689391287264,0.4524626845062387,138.5196489150025,0.3988077529534051,0.6247882732037273,0.39761921206979944,0.11732652716016805,0.1407935081051024,0.12121103974858964,1.318991818429647
142,0.4150726070751898,0.7357229230548398,0.44926447201826236,97.72274494619981,0.361747062109216,0.6276555237136013,0.38773091595594084,0.1284728118815944,0.14688600280731398,0.13696510606745735,1.6028770314377507
143,0.4529908450115724,0.7938002857279892,0.37975176902558827,125.4489081451327,0.38463013747466174,0.6608173238904375,0.3172241829264791,0.1509096889919801,0.16752697653112322,0.16465383758329769,1.6827534062128695
144,0.36476005245812465,0.7633189342007519,0.49425685284013465,112.41956779529258,0.26628239570046686,0.5371263470389582,0.3791540499791282,0.26997928115761327,0.2963277563639019,0.23288054014748474,2.7893193482687098
145,0.4141572965390155,0.8490229345084527,0.41028017545950085,120.09154625703935,0.3056921623110754,0.7507888436610431,0.35726170719792144,0.2618935731287357,0.11570251739345862,0.12922503068104715,1.7605671579799158
146,0.45750934736395443,0.5434411821481121,0.3307592835771826,148.20771152192185,0.3367443088344229,0.3835068229602692,0.2333739823166769,0.26396190422195115,0.2942992994304462,0.2944295325811494,3.798090948470077
147,0.34988860710476655,0.5429607277814285,0.4852791074604678,140.79906606810783,0.31243024747798526,0.3866861023758681,0.41496551977684387,0.1070579574932121,0.28781938989235606,0.14489308647879898,1.0870921252263184
148,0.5227378837032426,0.8022002279558832,0.48456167517775184,115.27584029322375,0.4400601850339446,0.568249725849905,0.399043807273477,0.15816282164893555,0.291636045407412,0.17648500136314807,1.434239637213181
149,0.475727483075913,0.590864975252193,0.4647780223334252,139.51950176054,0.42456276403193655,0.4202024586197804,0.4068178740367494,0.10755047976871242,0.2888350533208884,0.12470501080426731,2.145057125382932
150,0.4626688506406471,0.8221150745243004,0.3688813515585714,96.55238598065118,0.3984757278989953,0.6042903150469134,0.28488569024466687,0.13874528759125457,0.2649565325187921,0.2277037344365932,1.3263422229078652
151,0.4371070212341172,0.584417126486877,0.44375427537509426,115.33478150473998,0.38978773895840546,0.4157499444204984,0.3945991793030182,0.10825559869093763,0.28860752777779186,0.11077098024695428,1.5111900445246829
152,0.4129290415534718,0.8789579500235122,0.4562932055544062,146.4868778289985,0.3579550622166722,0.6663588525294389,0.3964479514893943,0.1331317824728024,0.24187630078138117,0.13115526011898118,1.6052781359518709
153,0.43362913503979555,0.8667755837179921,0.303665163875022,149.32399411824133,0.3459463388959975,0.6348108297872508,0.2255182258699976,0.20220688385191438,0.2676180066537404,0.25734574558307577,1.531394086186705
154,0.39873903998683174,0.614767745398754,0.4068788454506722,152.7931424157973,0.3552205310887786,0.4401371037952157,0.3337943845317674,0.10914032621307994,0.28405953778571846,0.17962216943953938,1.9278443530078637
155,0.3863406435796582,0.8550605192864855,0.3934663225010171,154.2054852992957,0.2769170116635282,0.7649722755979854,0.3518005576230685,0.28323096141855525,0.10535890928945615,0.10589410705624214,1.916510169494429
156,0.477751893497228,0.8105906159206753,0.37230549658614875,130.48674938834367,0.3970482908356957,0.6610177102633998,0.30263888183313464,0.16892366887500482,0.1845233620023954,0.1871221762553102,1.8456234523078971
157,0.3689438726529242,0.816549220754605,0.3517053225115283,135.78810623018828,0.2990261818384219,0.6492456430248953,0.27938675162701526,0.18950766226784813,0.2048909893944886,0.20562262284825833,1.8393917444274508
158,0.3323978867142206,0.620138776428306,0.37162408748582054,104.50346664037957,0.29582613363661675,0.4454750902745891,0.2918090912385726,0.11002402403673057,0.28165257970110125,0.2147734738811657,1.6503828874227164
159,0.37142231961852773,0.6041401535879021,0.3079527394225318,115.17931239587972,0.3242805056114821,0.45260169624893026,0.2711811211693281,0.1269224048125676,0.25083328171287167,0.11940669312491685,1.5295576743366193
160,0.436119453003546,0.6854141716490159,0.31881476509230494,115.50497190224972,0.38948696792608667,0.48944400948087513,0.24878880567752257,0.10692594599094886,0.2859149551820069,0.21964465602622918,2.4904872188219445
161,0.44763840709832337,0.5401875261298622,0.47492647558910756,147.1280957204339,0.3998970536222039,0.3845398511601674,0.42706701864501495,0.10665160254140821,0.28813637383451307,0.10077234983525998,1.2165962200469225
162,0.3258481895313281,0.8173594418173958,0.33695903229736973,137.22649468116214,0.2640813296211699,0.6245995046665379,0.25951993744821683,0.18955716770744774,0.23583252029517993,0.229817536930757,1.4171465919255226
163,0.3492050537766556,0.7780250133740595,0.4917267662128841,155.3115617343717,0.25210208019770214,0.6937152799131255,0.4410789282498507,0.27806863769233575,0.10836378266979889,0.10299996144831854,2.0877628390454994
164,0.4564553013355652,0.590573797624394,0.378982129455134,111.12470079030633,0.40728743138211104,0.4211325057670501,0.3402739105033617,0.10771672452831957,0.28690959967903773,0.10213731979242252,1.1758826697982419
165,0.5181463057040501,0.638767497542407,0.41221539894526593,119.21033094996486,0.4622283853769393,0.45393852655308076,0.3485001012214305,0.10791917207849296,0.28935249789702344,0.1545679707426349,2.698856863866321
166,0.3457715132189599,0.6690832367122602,0.4538830107657429,119.59995984152316,0.30965586605092354,0.5900361722816495,0.4049496632324384,0.10444945805921871,0.11814234775785448,0.10781048502068707,1.0070321826248088
167,0.45983537791147727,0.7390581261561695,0.3153044358233046,139.367803627917,0.41122610041662516,0.6534654143534353,0.2815507110475475,0.10571017331382855,0.11581323413342418,0.10705122079117393,1.87370231710563
168,0.4587089472624333,0.8171861244767437,0.32978629099698226,154.6561950421251,0.394433452878423,0.6947911662678156,0.28135833616241385,0.14012260882985877,0.1497761091909134,0.1468464765110917,1.4755814990275822
169,0.4995748985409386,0.8530897973579021,0.4923890160487622,132.57306301559112,0.434928441752372,0.6239059744826607,0.42352362094159407,0.129402932327812,0.26865146387290634,0.13985973054351855,1.4844538571276775
170,0.49481078128035716,0.589645447365033,0.4115489094731384,116.75499635401695,0.4419025698517278,0.4182664184203947,0.36963855588175754,0.10692614920743174,0.29064759121008243,0.10183565701834599,1.4321863418964456
171,0.36185275431153313,0.6694675333441654,0.38563289981872173,131.9589442811863,0.3233526191015344,0.4769552301800791,0.28258423823022066,0.10639724239007026,0.28756032753737437,0.2672195801679322,2.6762374142885195
172,0.47187741867830346,0.5379278280918326,0.3508081827585279,131.50911591024564,0.35814959352042414,0.3791888783680622,0.24660063058555787,0.24101137425991526,0.29509339624026887,0.2970499472205849,3.5036895162675457
173,0.3341684425789872,0.8867061067276567,0.46646922490014076,96.0485848542078,0.29476697458975754,0.6562014727065402,0.36666747337568545,0.11790900327135577,0.2599560691780753,0.21395141672169335,1.6209323294611924
174,0.4362509005743218,0.7488157486510117,0.30138531590285367,104.94274211957716,0.3907491609374051,0.66204165893356,0.268730564714307,0.1043017666599976,0.11588176380341204,0.10834884603028355,1.5938520816862276
175,0.35129858705406947,0.6964950578845217,0.4134007232454585,121.99432648982197,0.3143381651298976,0.6142204925546715,0.3690291149297004,0.10521084708627984,0.11812656012196898,0.10733316566892472,0.954428430892625
176,0.5105726685028434,0.8217980934385509,0.38023321089998835,106.44759727886442,0.4463721474795236,0.5984157336374498,0.2869545390205261,0.12574218124831396,0.2718214626982513,0.24531963333417786,1.3924090749817783
177,0.392106688626741,0.8385224378642653,0.3697631109165849,155.69160137758738,0.2884318888502002,0.5878656664844464,0.26433657507683184,0.26440456840875814,0.29892673118950414,0.28511912823974567,2.245917279712089
178,0.43587722513609556,0.6165802778960571,0.4317394610102362,135.01415693097707,0.38932226198334235,0.4388883596168983,0.3542090076814035,0.10680751474963432,0.2881894290967153,0.17957694473286634,2.2919633173674407
179,0.4250821979481093,0.6315780049389986,0.4259836393669003,123.69942647956904,0.3796358989391645,0.4502529658360295,0.332949944520595,0.10691179077438698,0.2870984069821788,0.21839734264107558,2.6382055619355027
180,0.4007535173049078,0.7871822111473167,0.3561646656072007,98.92030737488227,0.3497148362136177,0.6797750283982825,0.3087748347118096,0.1273567888674525,0.13644513459277538,0.133055958301196,1.36639143266342
181,0.5211217483707934,0.732693994605623,0.42886419243024926,129.8044664689131,0.4656185966201723,0.6370790791125328,0.38277165810728064,0.10650707233797692,0.13049774694080235,0.10747582833105175,0.9910198663884098
182,0.41680116461301653,0.5759527063959892,0.36271922424464365,139.763036417812,0.3643040138908386,0.43328622655739235,0.32014074075436966,0.1259525048854397,0.24770519914964725,0.11738689499830875,1.5303181723679238
183,0.5079590859731979,0.8479536905376176,0.4896641763739884,95.33774508572773,0.44513521594661254,0.6156780086696687,0.425024289242055,0.12367899652040136,0.27392496130382077,0.13200860967734696,1.6948695574292192
184,0.4722261414770145,0.7712730271818132,0.4250375280978044,133.6015117445666,0.3968613276399434,0.6233389563115266,0.35016493997469106,0.15959475178851248,0.19180506209432624,0.1761552408282512,1.6992641524756804
185,0.343143158113224,0.7547889694108372,0.45741836213721937,94.21256495778499,0.25232146318351784,0.5781960262521264,0.3974540025694043,0.26467581469229967,0.23396333321690335,0.13109303108786566,2.0665875639483486
186,0.5108402475422331,0.5788740679816368,0.37514121454457094,128.1686591803067,0.4544953577821219,0.41731863573264305,0.3362728214183339,0.11029845442131683,0.2790856270557945,0.10361003168746478,1.4303214837806817
187,0.4448418986464043,0.7275471561393084,0.3775439753224574,148.7697635730587,0.3981817492197436,0.6403360713248256,0.33662936454445863,0.10489153465229202,0.11987000990734943,0.10837045073505394,1.1918137612740793
188,0.40018736873311217,0.842598058674631,0.3659766744789452,132.85747021053461,0.29320775785484254,0.5905246500100416,0.2573430174815434,0.2673238068881057,0.29916210471822063,0.29683218787663895,2.302437680206581
189,0.49581156042916846,0.575038808297186,0.3341795994969794,139.2664689212783,0.417160404021594,0.46945017707264264,0.28458201278068357,0.15863114675965803,0.183620009121148,0.14841596192871173,1.657303896270268
190,0.40519992589887405,0.8611836174099298,0.35477399757965644,97.50303775765792,0.290939705576959,0.6029121454435559,0.2489905698122736,0.28198480063501064,0.29990290890941873,0.29817131043723566,3.2506847448587735
191,0.3820246697040666,0.7874557665445874,0.45619311635363663,127.41873975497455,0.28304698886790164,0.5521505555789256,0.32101318909304566,0.2590871445889542,0.29881705228751837,0.29632171642809435,2.8548210769881455
192,0.38226140316082613,0.857804153933148,0.4856151023039315,121.03256098163506,0.3310961734200722,0.6477427435961821,0.4137100126599899,0.13384879906179686,0.2448827152139634,0.1480701265318936,1.5596210313397123
193,0.4029451391096638,0.7502020551689071,0.44272261308145117,132.50736541039913,0.3485863059660808,0.6389857812824504,0.37833845825517026,0.13490380666631868,0.14824842603425886,0.1454277530080345,2.053373701463807
194,0.4078549967101047,0.689373821043052,0.4291990226881763,151.1164868042078,0.3646476390903385,0.6065049790016868,0.3817422086924003,0.10593803672454986,0.12020886130543969,0.11057064785129894,1.2346487182935884
195,0.32661888944851547,0.5643235058916863,0.4523086216554312,122.48108459124721,0.29132454504379424,0.40491982356643696,0.36733726836578173,0.10805971591022949,0.2824686206777369,0.18786144950909348,1.2460532154139332
196,0.4804793332369278,0.7239845264732708,0.392372402947115,153.38592320084285,0.42953409596333564,0.6358858489320186,0.34943114509187223,0.10603002824363045,0.1216858569759844,0.10944005626468718,1.3957333093203819
197,0.3942276654082302,0.7621901658350638,0.40869516985914917,100.68817277022946,0.3434924993937096,0.6591664438690223,0.3528485495767141,0.1286950928773183,0.13516800213916114,0.1366461470579205,1.7105338723266263
198,0.351863886347984,0.822602268239995,0.40454023865916744,136.18093414900184,0.24950007253809578,0.5792222755994069,0.33258695548788625,0.2909187836021715,0.2958659391510234,0.1778643415294545,3.7268110890109343
199,0.4122805753258381,0.8341780072372753,0.4704032180392158,120.65749724948208,0.35685659863668706,0.6715879509794084,0.41060141305015146,0.13443266553450345,0.19491050452930425,0.1271288177796413,2.024801326095673
200,0.37559602811496356,0.6962070819800444,0.3243439385152884,126.41302198243329,0.3353870247090599,0.49676129882580305,0.23949282669430133,0.1070538567931724,0.28647479796816855,0.26160844013117734,2.7645345986191345
201,0.40283453425135723,0.557932039257656,0.31979333516370634,155.3930227479217,0.2997204922767892,0.5004540251006921,0.2855876673306261,0.2559712070520444,0.10301974095884499,0.10696179085649139,1.9057963598609917
202,0.46294832317745077,0.6917844033934071,0.4280353617179524,110.65555352840609,0.41470696933900136,0.6088607295795,0.3819104218658824,0.10420461944293126,0.11986924453217208,0.10775964786400836,1.4734744603039513
203,0.380195407033194,0.5585364339808313,0.3105171142244987,144.2171955221543,0.274812115242693,0.500358785095041,0.27920061079556685,0.27718191709059814,0.1041608843153587,0.10085274528955761,2.051189703388989
204,0.4881074258516231,0.5342649224230933,0.3660110688194995,99.31792853818516,0.3656273810151902,0.47905919918064616,0.32929707816627535,0.2509284603132935,0.1033302410947519,0.10030841627724076,2.7534725320744844
205,0.41523679754357257,0.7517797582574175,0.41020961259055116,102.12886702988993,0.3623597719168557,0.6466449282768071,0.35553043918214094,0.12734185876474075,0.13984791267100213,0.1332956901304699,1.2418319766678858
206,0.4647154385194551,0.750104139124408,0.39348507152912565,112.3204462714954,0.41567228184817484,0.6543060808549803,0.3511167939959757,0.1055337365755003,0.12771301113103062,0.1076744217220294,0.9172547118290089
207,0.5102811095276987,0.5621210927931878,0.32895265474268326,117.41067204855487,0.39545860498837215,0.5042355530975674,0.29600095707947105,0.22501813685715877,0.10297699274721449,0.1001715510974916,1.8436137942603203
208,0.3711962311778744,0.751254418978222,0.4389108776968237,137.7433940812374,0.3101651591528598,0.6173683153971209,0.3625847380099218,0.16441727285687066,0.17821672684894024,0.17389894752078558,1.7074306788648628
209,0.479789959354231,0.5947088849825881,0.4492627870296749,109.12805560501135,0.42886926016611615,0.42168705010104046,0.40020993497604496,0.10613123137601947,0.2909353454280633,0.1091852106824728,1.8750611310931078
210,0.48131581124048634,0.7475756954976936,0.44196023808168505,99.31861705763806,0.4183669026865149,0.6342944488549211,0.38175299060691736,0.13078504192857157,0.15153147343474865,0.13622774694867443,1.6689532056401188
211,0.44958074174939383,0.8806877992896807,0.38468103447195123,100.7751927092089,0.35414791754492636,0.7683930864901805,0.3391599572493889,0.21227071211529747,0.12750796921459748,0.11833460228952739,1.419202588283641
212,0.5186942199721928,0.7724736756472058,0.33943854718898914,135.7537035329242,0.4633743489898777,0.6782517844239188,0.30240741650592085,0.10665218321746626,0.12197424222171017,0.10909524268747968,1.0711151952181415
213,0.5259684834524211,0.6068673432723058,0.4707719597025067,137.43192407670938,0.47002260251807687,0.43054799908048474,0.40781503527260105,0.106367363624374,0.29054017512473945,0.13373125381063433,2.426887433976118
214,0.36327343081870167,0.5980939649506177,0.4908314064361027,115.02734547525031,0.3242695804971203,0.42655403356965904,0.364672659102144,0.10736774840284692,0.2868110053495057,0.2570307149862103,2.5366504991935916
215,0.4096342392931047,0.7654110098692632,0.3880603807403089,93.76653149877824,0.35740608973691723,0.6602952921103086,0.33679215362016507,0.12749947281339633,0.13733238273762102,0.132114046330467,1.2627588766569826
216,0.37141398864982417,0.700143600622882,0.4522536888089502,131.6491462915684,0.33196187781736863,0.6121115521162329,0.4029181070279304,0.10622139186483819,0.12573427569477377,0.10908829049233275,0.9321556683060891
217,0.40727115117698975,0.6003151045190644,0.45693110959215133,105.44521759016101,0.36345827647515583,0.42768150297477886,0.3660859040414909,0.10757667115683811,0.28757164403282676,0.19881597825927694,2.280703602248579
218,0.46921738254412276,0.7090799111280974,0.41044154798987587,117.74934763501223,0.41981952426534064,0.6230488279730764,0.36602838228990436,0.1052771276523137,0.12132776828799383,0.10820825990322748,1.3609388799661677
219,0.3593310940022716,0.5927620416930478,0.428297614188786,111.00850192146963,0.32057884072807125,0.42325927998051666,0.34657155925506883,0.10784553277194364,0.28595414313034806,0.19081604059016252,1.6525119916718514
220,0.393799199156168,0.6032498596781544,0.3177116746522558,134.5744804750575,0.3445998916082237,0.4515099878415502,0.2804845875910121,0.12493501168455519,0.2515373512354571,0.11717254992908208,1.4347342946186634
221,0.41342011644097276,0.8831248447024715,0.47031361397022614,146.0600827023153,0.3637341017672006,0.6511764653001172,0.4174701243461451,0.12018286652692725,0.2626450617868176,0.11235798423523066,1.6922231879882734
222,0.3273535799372797,0.7296475301533468,0.4214929052705335,96.88383094206768,0.2881154784995188,0.6307371238219351,0.3663469924246716,0.11986458631452526,0.1355591600654416,0.13083473566528175,1.297497983364772
223,0.4172161980212253,0.6494951523032994,0.34329713635737696,143.56354579604024,0.372327531513817,0.46408215973564276,0.2806222588618892,0.10759090064169717,0.2854724810649133,0.1825674346151329,1.9161094544667119
224,0.4053096657350554,0.5691300035285437,0.3738141237100454,150.92777666859445,0.3542176480305841,0.4276038693941462,0.3301598919857709,0.12605674629499056,0.24867101234682934,0.11678058413366849,1.5527710361479525
225,0.39870499965023576,0.5990042299141679,0.313347231009368,125.7607223996661,0.3479822215522529,0.45249900360524603,0.27452334645920345,0.12721881627388534,0.24458128839910664,0.12390051900284338,1.5949377682963803
226,0.45735431281611716,0.6790474024155938,0.46966388076479826,126.53056644667396,0.4091410503376458,0.5952400716602838,0.4187687054369011,0.10541774971269566,0.1234189696583477,0.10836510409320751,1.2415075993327997
227,0.4847586389932185,0.7331291032446187,0.41815978045935265,119.53103603420521,0.4334248284485271,0.6394507170152207,0.3730390355065064,0.10589560745385616,0.1277788397907058,0.10790311995878861,0.8328458975301644
228,0.3396509535494687,0.7826295520922749,0.4716786854920571,139.06425999313416,0.24015567562341125,0.5489337398689846,0.39038063077082996,0.2929338984221824,0.2986033578703104,0.17235897491619043,2.8520380338396762
229,0.4050284208564967,0.5634231569250232,0.33715782487380586,128.20403811943592,0.3361914809176535,0.47212259709913706,0.2912000741763785,0.16995582629307002,0.16204616140411113,0.13630931067558286,1.670425026863891
230,0.4629198800187038,0.7602176684117717,0.32572884486352727,100.85675313320807,0.4143809806850617,0.6721101553541243,0.2912503263148974,0.10485378016533006,0.11589774444695489,0.10585036938646182,1.2234085513908624
231,0.4543559050015979,0.835477272617632,0.3403558268880813,107.3761648178585,0.39345880257636845,0.6183718231804437,0.2632721119877556,0.13402951684982564,0.2598579956064822,0.22647978618468914,1.239193687517273
232,0.46769935817987596,0.6995983830875926,0.3830443861281423,115.57173779485122,0.41950746318083837,0.6188618294506253,0.3419802099659666,0.10304032741585056,0.11540414556226719,0.1072047461059466,1.8965504272957745
233,0.329973141913319,0.6939064888986032,0.36029065591993553,118.0672970806626,0.29574106049244847,0.614551472970906,0.32159692625900826,0.10374202343372235,0.11435981244915688,0.10739587337376261,1.5810242511394201
234,0.4305028398793406,0.7751743406856373,0.42495047543564585,140.16902836803575,0.35055776871191713,0.609023629587227,0.337899635114618,0.18570161160802132,0.21433979735636105,0.20484937740518128,1.5714375031023824
235,0.3203438620693156,0.764761288154904,0.40841250975109306,146.95881331788678,0.26171561231654583,0.6586982437672216,0.35152375987303935,0.1830166165009394,0.138687778827789,0.13929237846491171,1.6733754492172237
236,0.51463517088406,0.5370522070571484,0.4656656595979678,109.58274316767003,0.45742272801097994,0.3893891177842872,0.41605370858273333,0.11117087620497897,0.27495108917250605,0.10653985320297597,2.3110722948343247
237,0.44831338581993435,0.8038685178656478,0.4693992448040891,152.53768230587727,0.3715219225062144,0.5835736667892522,0.3501114404947953,0.1712896954287315,0.2740433866738565,0.2541286668645587,1.7095207352988295
238,0.45042284939475263,0.8375190309850586,0.3995397471750513,108.33505309950695,0.33107336866704057,0.586842362421994,0.2816242335879154,0.26497208320600457,0.29930862379118495,0.29512836813072646,2.590165727220534
239,0.3502722062690421,0.7092464929639385,0.44907068036444,121.83395518462875,0.3122481409518228,0.6194841643516668,0.39903856756367273,0.10855575931141175,0.12656013036758954,0.11141255706153887,1.2465924011176375
240,0.3861867245372255,0.676337947051896,0.41494756386543846,125.39998545438425,0.3458897822315294,0.5974962233739807,0.3702000817100404,0.10434574713562379,0.11657149213877499,0.10783888387861232,1.581579517779651
241,0.43554883906778286,0.7347389952304827,0.4748233062481482,99.15190381193581,0.3644291474668911,0.598387185741656,0.38971427596924557,0.16328752420305193,0.18557856650313503,0.17924358210509506,1.6304401510940885
242,0.4731622821148647,0.8237303788743358,0.4424320140054331,119.37035044915612,0.37640161412847184,0.5794411390389065,0.3358167459402181,0.20449784702598778,0.29656456299361134,0.24097548253799225,1.8672344163520442
243,0.5154632464522646,0.5434869433879628,0.4605879937587271,131.3780390788744,0.4563539792410977,0.3935626137057717,0.4102381111014064,0.11467212767931224,0.275856359579864,0.10931653308291797,2.3466621307853144
244,0.3251776348669531,0.6505017912498109,0.37565452894778223,104.75283298805502,0.29023022936895515,0.4646360715306572,0.27676174137123505,0.10747173775434077,0.28572668395278256,0.26325461283149804,2.233393735086583
245,0.4520887787197591,0.6884305168958222,0.44316096691638196,116.96481770024755,0.4044106811183116,0.6045519323077514,0.3954789128688788,0.10546180273809061,0.12184030563648575,0.10759533805354309,1.309054344977111
246,0.327932120498417,0.7865734660005176,0.4466090597602781,98.8840501482808,0.23376816214954366,0.5513447562659306,0.3553100252455921,0.2871446633704426,0.29905497693769423,0.20442718865508838,3.193139422706258
247,0.4147125715035996,0.69409814494514,0.48297519612416595,131.10878982885228,0.3687067195547154,0.6024204765977652,0.42834877922861403,0.1109343075424104,0.13208170777436784,0.11310397994332665,1.089919232440842
248,0.38137032793314796,0.8451246156902894,0.3647309402643175,139.14821486697693,0.27482597257347824,0.5922622381928146,0.2562353181721408,0.27937243030177833,0.2992012926885809,0.29746755790323365,2.601151860570452
249,0.35629984196190617,0.6088670337585349,0.32914681206644014,145.05177298958372,0.3156486173430113,0.44126435570729344,0.28699107048241324,0.11409273828204812,0.27526975309638707,0.12807580094537732,1.3283973380452179
250,0.35041218021195364,0.5326107724857062,0.3433196928925634,116.75183106188533,0.25083772660886156,0.4778513400781295,0.3084956913957617,0.2841637911754738,0.10281322728793714,0.10143316045578352,2.7045998049705435
251,0.31692752989101775,0.6010444225304983,0.4981724357818414,142.9333926141503,0.2838801763987211,0.4273640493948063,0.3606258186199987,0.10427416483402588,0.288964287206041,0.2761024241455158,2.0817226237584525
252,0.3420903178753152,0.6126488168995977,0.4533653103789346,151.0523895853536,0.30586813468922114,0.436027033003297,0.3363568014519769,0.10588485348274686,0.2882920508850765,0.2580888000212433,2.2818690529432786
253,0.3911563817056912,0.8114260697141225,0.32934385358472035,127.6080348134695,0.3334370893950379,0.6883989708391249,0.2773229230706772,0.1475606560704964,0.15161837099754732,0.15795324536293892,1.4658443089864317
254,0.4424377049565529,0.8129148008312689,0.3557264550319948,119.60209445919214,0.3679908285372419,0.6646291672973202,0.28819521512132623,0.16826521696793814,0.1824122692591093,0.1898403645705649,1.671855725311466
255,0.3958509507041184,0.5814574871824865,0.43518996919910546,128.5849672988433,0.3541149674746844,0.41261208348774914,0.3733857265336153,0.10543358088491711,0.29038305880778237,0.142016698544846,1.3411558090808653
256,0.42330426015581973,0.7548762920263619,0.42105174640516063,98.3222604578214,0.368790184025308,0.6454673206102722,0.36470419169740587,0.1287822525349613,0.14493629296847602,0.13382572377109642,1.6072380148797025
257,0.37974874819714005,0.6756850205201878,0.33766403723784066,138.7983489733331,0.339513265054058,0.4820922816412098,0.2545927110284834,0.10595290526723343,0.2865132909560985,0.24601768932486062,2.4252208106873447
258,0.45875499738223363,0.8047719614057239,0.30323276159873,99.83889220187494,0.40943001751591024,0.705303472442001,0.2711213620379112,0.1075192208210997,0.12359835299179384,0.10589686744769371,0.9382239630161306
259,0.3679870581084259,0.7247289835095454,0.3154988836666645,151.70640498495948,0.32989218722643987,0.6421525545094982,0.28132191517082306,0.10352231156662456,0.11394111575359624,0.10832674936482692,1.6159786302400136
260,0.42022737161463486,0.6157118310015103,0.31352155163846523,138.3036377426321,0.3730120060010707,0.4462103091353191,0.27995742873394414,0.11235671163482067,0.27529359244320806,0.10705523345720516,1.4631104235931431
261,0.48806730748895183,0.7271595230276305,0.4268617608557317,104.3249947350283,0.436412297215969,0.6345663053139635,0.38057716752312243,0.10583583346063821,0.12733549486932685,0.10842993581768094,0.8501023132031458
262,0.43346399932575447,0.5949132482482364,0.40131370331623173,115.12536070636656,0.3871092048045769,0.4232014219985938,0.3609183343437511,0.10694035627706484,0.2886333877338588,0.10065783609848337,1.1160424188820577
263,0.5195702039450001,0.7170236197034207,0.340472235869969,109.83151249402268,0.4658639375837979,0.6335060914201914,0.3034599133507548,0.10336671724710246,0.11647807127716966,0.10870878333042618,2.3739351230268086
264,0.4326331889869483,0.8336207790193341,0.3674301352954605,150.2756077603637,0.339460423744475,0.6023673711936566,0.2692621619713253,0.21536203789784641,0.277408401572862,0.26717452896234456,1.8344796947831674
265,0.3672123010740665,0.8581327923945604,0.44579421719558293,151.99917007579376,0.3092267730042187,0.6750708718078055,0.38917708902644177,0.1579073682996043,0.21332586542454962,0.12700283221552328,1.8876401521892419
266,0.51709995590951,0.5893390063965035,0.4404137818486799,108.73483800958103,0.4620762454051086,0.41931537179095374,0.39597756165515924,0.10640826763874303,0.2884988652713731,0.10089652509736478,1.9148212942761678
267,0.4460188703724461,0.6231862634387253,0.3921998931904178,118.29641992516015,0.39831096335855903,0.4443226083851396,0.33667004805324485,0.1069638757078793,0.2870147587442329,0.14158556925004706,1.8063143630033598
268,0.33018734546298284,0.7548267011028168,0.43518331604847094,148.71104200627045,0.2709049546935356,0.6458674581806564,0.3706200518382152,0.17954168015228605,0.14435001141714887,0.14835877624284802,1.9778856692336588
269,0.46694238047390235,0.6003643798241409,0.42404169154954535,123.13126122084117,0.41699909414878905,0.4266488587881534,0.38118161372190146,0.10695813533658176,0.2893501461343732,0.101075150584895,1.5941139437044172
270,0.4637223416766017,0.6439040666389632,0.3242394197723255,113.97447010088298,0.4143673639963313,0.4576102331173145,0.291292045476913,0.10643217555968093,0.2893192374045116,0.10161433893061952,1.3692276565207102
271,0.5129857035942587,0.8128318962093557,0.3020038247920634,106.1833260741547,0.4574536899784136,0.7107612905088804,0.2682651074237112,0.10825255602009441,0.12557406540821286,0.11171619230843217,0.9137913241433944
272,0.37834698931504585,0.8674125776286683,0.38068741105025516,105.11350603550433,0.2719727629409139,0.776399555040707,0.3401380693283084,0.2811552077279917,0.10492472087132124,0.10651610887283519,1.8809862230648229
273,0.49804184950469194,0.8545099021407536,0.36034959508713515,115.94988151493638,0.3643589354765026,0.5990558990428152,0.254108206743966,0.26841702993661765,0.2989479729350877,0.2948286602555477,2.657170355178317
274,0.47549955137100336,0.6277614502127626,0.45788448073623916,121.92749339661376,0.424359585608751,0.4469372123004588,0.3601384688119824,0.10754997689230411,0.2880461007139231,0.2134730833573776,3.233341885449312
275,0.45303120285159604,0.8502819832680458,0.3058635226899593,115.30707766007114,0.3681965605323208,0.6742010091585088,0.24333555300776594,0.18726004254295342,0.20708538764137105,0.20443094728093905,1.6171721757392281
276,0.4790495972295576,0.7459284507194883,0.3222617148497485,149.3852083476478,0.42910634782673523,0.6596406233045987,0.2875034357822911,0.10425486148335046,0.115678423757212,0.10785730189409297,1.6054275028430034
277,0.5211845903129578,0.5374052148645928,0.38713601650613433,115.55256389206549,0.4573145556477111,0.4623526925184228,0.34228433353540594,0.12254781866611676,0.1396572274890942,0.11585510275047659,2.0442068256149404
278,0.5063883657410383,0.5472306843599299,0.4710063700525634,107.71673557961353,0.4458192769248758,0.40603967882598463,0.41954588084936795,0.11960995337546305,0.25801003044829224,0.10925646121824757,2.4274408752708863
279,0.3353602722822655,0.6974231965809906,0.358824935091255,128.71870760942244,0.3005653658784581,0.6173340685261722,0.3202116144688176,0.10375381128782382,0.11483576750449791,0.1076104719774211,1.5495935567827286
280,0.49623696049223526,0.8466369986972865,0.45314170531151315,95.76241255519722,0.42644203596973873,0.6041449393141206,0.3830585981316404,0.14064837986526524,0.28641798049965506,0.15466046571832093,1.7730533606968724
281,0.3270921424662645,0.6494423372347103,0.47520075549144525,153.17996939523243,0.2934812825646694,0.5729632218706643,0.4233460646596316,0.10275654941806396,0.11776120985535053,0.10912165065517697,1.066573496788855
282,0.42888105810559696,0.8112212936309939,0.36586727679087655,144.8802062647363,0.35620250416975613,0.6676873912895739,0.2967577784010357,0.16946086231196128,0.17693557043968616,0.1888922644189977,1.954954132774878
283,0.4888325912515506,0.558315960986898,0.4925155315185643,115.2317465267845,0.43672362729998687,0.39547445589688884,0.4432134236659308,0.10659879247852509,0.29166550209699366,0.10010264590158446,1.8832847056889732
284,0.3539516713449036,0.7170117700439468,0.4244257020272726,94.79934972416359,0.3158845136492103,0.6277610955929984,0.37868555568276796,0.10754902654096879,0.124475884747998,0.10776950153119019,0.9991575407286947
285,0.3478699878780012,0.6546423601992597,0.34436746400399265,131.4430152719843,0.31031880190713684,0.46773248241373194,0.2636937684968457,0.10794603524128578,0.2855144872211389,0.2342663112512034,2.0429730902698138
286,0.3345581552868218,0.7933625616568424,0.39570449540757696,112.11284356082297,0.26213959264641584,0.6714222497020151,0.34043608813075504,0.21646031189501397,0.15370061287007236,0.13967091078885843,2.2955672191811787
287,0.5211257969098527,0.8822338038437789,0.480078193326275,153.80069060075772,0.4603787269208487,0.6633155833182431,0.42863880006863553,0.11656891742688455,0.24814082114257843,0.10714794792330792,1.3959259655725227
288,0.3345973398570201,0.6526652902467663,0.32884211514857437,123.43441750914016,0.2985950866324806,0.466894835737872,0.2528492082897557,0.10759874313383362,0.2846335744906189,0.2310923794675273,1.8665747401298534
289,0.5135659082676385,0.7191603400060927,0.488845015564598,135.73042667766543,0.44748779459242477,0.613703400204188,0.4237117149788368,0.1286653039297498,0.14663898151142665,0.13323916274472924,2.1044072797676847
290,0.3270599107447085,0.7122444159928645,0.40384680592594235,110.3252008710757,0.29269220085493364,0.6283329525046376,0.3605666246971762,0.10508077804925813,0.11781273619569875,0.10716979952220518,0.7074592559842389
291,0.34376576706373696,0.5398595165647874,0.3787655921847317,117.51428761728621,0.2841509986208822,0.42971813352093596,0.3274155996246223,0.1734168266725688,0.20401860051425727,0.1355719569560716,2.0064251716624906
292,0.3214483621547403,0.6170651672190641,0.45762127875969577,132.34971136435425,0.28730474238185866,0.43990710104209235,0.3331667509000229,0.1062180548813792,0.287097823031192,0.2719596610476366,2.1398891003132006
293,0.5238693918803434,0.8381947170963984,0.42628583926645613,105.40575605944852,0.4313575907153566,0.5994246323579452,0.32784577298200046,0.17659325511065047,0.2848623116661721,0.23092502076505592,1.6290206706090196
294,0.4941396891398534,0.6820448740506405,0.30568130298012414,153.2650255456472,0.4416553369847395,0.4852653781664626,0.2627984963303066,0.10621359366310595,0.2885140016015536,0.14028599797157315,2.019871113793223
295,0.515648904858947,0.6467280841445219,0.39868667427167614,110.7983505117164,0.46046118889566895,0.4598940462374007,0.33445274298689925,0.107025760053489,0.2888911777416644,0.16111381550968545,2.6671478204272008
296,0.4770224611993524,0.8774287198362093,0.4217406829944983,132.1058888135201,0.40847434378636016,0.7289060633735904,0.36764425867996586,0.1436999784887389,0.16927033855279294,0.12826939988437902,1.2775294327234974
297,0.3653338088795916,0.6276733542061759,0.3762788709250004,129.30365793626504,0.32628404971401936,0.4481724291459901,0.3023751128536207,0.10688788777948126,0.28597824626027374,0.19640687740372795,1.7633507619535647
298,0.47106102108174175,0.549225426720238,0.4122926839855594,154.13241696800122,0.4151769643850668,0.4050592152869159,0.365588035235851,0.11863443204946811,0.26249005311758233,0.1132803238180774,1.4795865615806694
299,0.36267157046870063,0.6807374044081026,0.30864752768790327,143.3061500965042,0.32387868792202673,0.48662104908258375,0.23343626814421659,0.10696422246866415,0.285156000050125,0.24368009718755448,2.2541176980746913
