signal_idx,requested_snr_db,measured_snr_db,clean_rms,noise_rms,noisy_rms
0,20.0,19.999693952505574,0.0011912148198803295,0.00011912567930976973,0.0011975539466125469
1,20.0,19.99995960237308,0.0032787869427729644,0.00032788021922782194,0.0032153780975293783
2,20.0,19.999940689940697,0.002705991791394854,0.0002706010268843712,0.002764644338721401
3,20.0,19.99994064005029,0.002704854415460543,0.00027048729006793763,0.0027040555281538235
4,20.0,19.99994479456803,0.0028047867780242046,0.0002804804604633127,0.0027961172626432746
5,20.0,19.99556367410705,0.000312801996895531,3.12961801601639e-05,0.0003222517025006688
6,20.0,19.99994197832625,0.002735870662646046,0.00027358889383013687,0.00273195894244072
7,20.0,19.999940414730666,0.002699735359291639,0.00026997538795603713,0.002726665027997446
8,20.0,19.998602822661514,0.0005574827814533162,5.5757246310830024e-05,0.0005608114534888244
9,20.0,19.999930167904836,0.0024938071148159517,0.00024938271644001705,0.0024775585855125993
10,20.0,19.999842768194153,0.001661950240371902,0.00016619803252352326,0.001698609476135921
11,20.0,19.99979105013927,0.0014416700745572269,0.00014417047561381807,0.0014482874865381016
12,20.0,19.999872385195758,0.001844753865023567,0.00018447809687104178,0.0018772986308267531
13,20.0,19.99957929624532,0.001015999377331047,0.00010160485887673236,0.0010084330653965354
14,20.0,19.9966935775162,0.00036235171137624064,3.624896725938057e-05,0.0003629458978114549
15,20.0,19.999926219444628,0.002426159445147373,0.00024261800537619192,0.0024401837461436125
16,20.0,19.999964753458038,0.0035102090903545136,0.00035102233344893333,0.003508530304417369
17,20.0,19.998857322648973,0.0006164555651331438,6.165366686444827e-05,0.0006212361046201407
18,20.0,19.999931331976086,0.0025148561612168565,0.0002514876042989805,0.0025070424170154297
19,20.0,19.995668668684687,0.00031657248148784584,3.167303838208277e-05,0.0003137220182300264
20,20.0,19.999620975108353,0.0010704066811752122,0.00010704533913736327,0.0010815554719905088
21,20.0,19.99988060678875,0.0019072136594703148,0.00019072398755446424,0.0019035395443071312
22,20.0,19.999626482698968,0.0010782698304837455,0.00010783162000686138,0.0010709532596706423
23,20.0,19.999848897775053,0.001695324907677797,0.0001695354400292189,0.0016996413446506125
24,20.0,19.999952809179398,0.0030336270836200914,0.00030336435654942966,0.003065718035761092
25,20.0,19.999883243347934,0.0019286277477662702,0.00019286536727597647,0.0019287996387316508
26,20.0,19.999739847852418,0.0012920280437290251,0.00012920667419992097,0.001297062251709288
27,20.0,19.993716262987153,0.0002628004126454329,2.629906022779905e-05,0.0002652686012155187
28,20.0,19.99994931768676,0.0029272691524126395,0.0002927286233127587,0.002953040171080421
29,20.0,19.999934701247625,0.002578921184901876,0.0002578940572779902,0.002618889768748535
30,20.0,19.997998740282174,0.00046579025131439925,4.658975834014192e-05,0.00046465741183174963
31,20.0,19.997267444352364,0.00039860186858842894,3.9872728730549646e-05,0.0003994090610065626
32,20.0,19.999893882616067,0.002023001603152143,0.00020230263187492938,0.002050154607698949
33,20.0,19.999900523812315,0.0020894409114476185,0.0002089464841156047,0.0020845851017716266
34,20.0,19.999735378076046,0.0012810693043058593,0.00012811083336053473,0.0012849221341031144
35,20.0,19.99087883423769,0.00021809158677052007,2.1832072787538502e-05,0.00022218998527387133
36,20.0,19.999957052577994,0.003179966195081303,0.0003179981918477923,0.0031911424907903247
37,20.0,19.994768352693455,0.0002880329165848151,2.8820645557700678e-05,0.0002909067813140058
38,20.0,19.999922812237006,0.002372007113713997,0.00023720281928140164,0.002400829941169165
39,20.0,19.99978334973496,0.0014158169940329136,0.00014158523088901421,0.0014199342573978022
40,20.0,19.999970682468142,0.0038488207150165848,0.00038488337059845875,0.0038725206559942368
41,20.0,19.999925996662352,0.0024225047575323596,0.00024225253972375252,0.002406527897436657
42,20.0,19.999963357567157,0.003442699069311207,0.0003442713592767155,0.003454699678549475
43,20.0,19.999931566467694,0.0025191611722057677,0.0002519181020003031,0.0025044973749677258
44,20.0,19.99995251565155,0.0030242361703932854,0.00030242527034466196,0.003077903898142481
45,20.0,19.99994796930482,0.0028890896984255453,0.00028891070048618395,0.00294249317382745
46,20.0,19.999897783188292,0.0020612393413145247,0.00020612635984214135,0.0020960606728275973
47,20.0,19.999544248305135,0.0009761501236946986,9.762013439799678e-05,0.000982907908713564
48,20.0,19.999954420231795,0.0030867747594957285,0.00030867909575886185,0.0031013752451950565
49,20.0,19.999901152288565,0.002096072805915158,0.0002096096659911404,0.0021033311662361103
50,20.0,19.999952870255584,0.0030355921074035285,0.00030356085786084695,0.0030555399436246592
51,20.0,19.995203208654956,0.00030081314539762524,3.0097931564129317e-05,0.0003089389154528473
52,20.0,19.99664780430059,0.0003598683584255164,3.6000727130955654e-05,0.0003625482975834152
53,20.0,19.999921718740307,0.0023553816091178427,0.0002355402837003296,0.002326222218362265
54,20.0,19.999865615449906,0.0017976871740439952,0.00017977149873436106,0.0018007397595961557
55,20.0,19.999929072542855,0.0024744755949119316,0.00024744958011297877,0.0024771493715233174
56,20.0,19.99992843758946,0.0024634733840464247,0.00024634936805073787,0.0025089734427895605
57,20.0,19.999941200786676,0.0027177212702101388,0.000271773966791265,0.002694930321271831
58,20.0,19.999778866489354,0.0014013910568304692,0.00014014267352102235,0.001400161670099315
59,20.0,19.999895522137486,0.0020388130104783816,0.00020388375344034348,0.0020508909175631107
60,20.0,19.999835565777428,0.0016251443217464839,0.0001625175087952797,0.0016517104057846897
61,20.0,19.999958906524352,0.0032509078832210865,0.0003250923263501692,0.003275361847136057
62,20.0,19.999620747269773,0.0010700850914989921,0.00010701318157344495,0.0010635688525006935
63,20.0,19.995910819071963,0.0003258155100946289,3.2596893505074234e-05,0.00032925919139645564
64,20.0,19.997473962939914,0.0004145807589913844,4.147013452180705e-05,0.0004224489822717026
65,20.0,19.999679807104727,0.0011646040650458531,0.0001164646997299915,0.00117599121374544
66,20.0,19.999914136710366,0.0022489833267994187,0.00022490055589563166,0.0022425992015920144
67,20.0,19.998551499183897,0.0005475156901654189,5.4760700413433e-05,0.0005464540426195509
68,20.0,19.999842387098244,0.0016599397550929275,0.00016599698763938172,0.0016805269981999696
69,20.0,19.999960700587224,0.003324284015995771,0.00033242990567930545,0.0033185580845391358
70,20.0,19.999947320183683,0.002871234697556148,0.00028712521116129066,0.002899205504039287
71,20.0,19.99892363173464,0.0006351624314148676,6.352411465580916e-05,0.0006386621795646115
72,20.0,19.999936869628346,0.002622837522556196,0.00026228565858089225,0.0026339610698231093
73,20.0,19.999417520093495,0.0008634498493072164,8.635077546079517e-05,0.0008567619115284234
74,20.0,19.999967687328507,0.003666104937777267,0.0003666118576203474,0.003621811482614972
75,20.0,19.998912559105698,0.0006319200536869596,6.319991726666675e-05,0.0006525834207303882
76,20.0,19.995928242729356,0.0003265122001049659,3.2666529784673015e-05,0.00033014894140117115
77,20.0,19.999928707740338,0.0024681364617153245,0.00024681567198299177,0.002477583705451735
78,20.0,19.995076412428183,0.00029691232155800974,2.9708067371149144e-05,0.00030322170182980706
79,20.0,19.999731008205583,0.0012706206545188073,0.00012706600047565544,0.0012772556259815911
80,20.0,19.99964223721999,0.0011017565244296262,0.00011018019055720633,0.0011235948496665102
81,20.0,19.999947767370866,0.002883499555713568,0.0002883516895700839,0.0028720506102370637
82,20.0,19.99667869125887,0.00036153845116312775,3.6167672259813044e-05,0.0003614323294419299
83,20.0,19.99923113408666,0.0007515322620137323,7.515987898120601e-05,0.0007598735278744268
84,20.0,19.999586487644002,0.0010247963494644174,0.00010248451384840683,0.0010164519786569023
85,20.0,19.999922725715642,0.002370678789824388,0.0002370699880734986,0.0023497318902405886
86,20.0,19.99223943462174,0.00023645659507851174,2.36667955913082e-05,0.00023662117436940876
87,20.0,19.99993203321556,0.0025277963503095536,0.00025278161303055003,0.002534107332656737
88,20.0,19.995622126889725,0.00031488437765319146,3.150431260794636e-05,0.00031218915690280237
89,20.0,19.99993272381265,0.002540737373832307,0.00025407570530813723,0.0025522452510909786
90,20.0,19.99995758864618,0.003200000184535468,0.00032000158094946886,0.0032272730173790146
91,20.0,19.999962524918406,0.003404237870774982,0.0003404252558316789,0.0034168016127980373
92,20.0,19.995017178134653,0.0002951412363706351,2.953105981950203e-05,0.000295603867628097
93,20.0,19.9966968663114,0.00036253212454238383,3.62670017130026e-05,0.00036542412158952885
94,20.0,19.999553476481122,0.000986185971878345,9.862366709509616e-05,0.0010000357161883805
95,20.0,19.99984025648296,0.001648832484064723,0.00016488628082724941,0.0016535451018640079
96,20.0,19.999968299964316,0.0037013611113847406,0.00037013746199023837,0.003733473328225138
97,20.0,19.999925340946852,0.0024118430374431604,0.00024118637683871272,0.0023920673014257523
98,20.0,19.999790886423444,0.0014411056096131996,0.000144114030477839,0.0014526881198026248
99,20.0,19.996291251966504,0.0003421257524716614,3.4227186636385846e-05,0.0003458349308406282
100,20.0,19.999961716724066,0.0033681128024831072,0.00033681276475572817,0.0033474462410088657
101,20.0,19.99988483363554,0.0019418981091668113,0.00019419238569989096,0.001981723558311372
102,20.0,19.99991010708585,0.0021979973649376527,0.0002198020112798735,0.002237348258050316
103,20.0,19.99994751989534,0.0028766927334595662,0.00028767101144761453,0.0029336355504632054
104,20.0,19.99721412151169,0.00039476752577739105,3.948941622868697e-05,0.00039319500667591497
105,20.0,19.999072784638397,0.0006843506192168923,6.844236772803699e-05,0.0006920570002689111
106,20.0,19.999771247788548,0.00137785584139789,0.00013778921291858256,0.0013915744987828963
107,20.0,19.999398257045705,0.0008495160791289853,8.495749341276166e-05,0.0008638900048207599
108,20.0,19.999941607569557,0.0027271712191680847,0.0002727189553120926,0.0027524709481186113
109,20.0,19.997124111311855,0.00038853864196364594,3.8866730798822956e-05,0.00038788007686551575
110,20.0,19.998568343016252,0.0005507276412619014,5.508184227579609e-05,0.000548942340336809
111,20.0,19.996578408800836,0.0003561988802772436,3.563392236488224e-05,0.0003555828757168076
112,20.0,19.99995050562506,0.0029621904421554698,0.0002962207321506718,0.0029795826865093938
113,20.0,19.99980407338683,0.0014888143161997111,0.00014888478995917057,0.001502930387340979
114,20.0,19.999949021162852,0.00291874329291272,0.0002918760423521311,0.0029830550123739617
115,20.0,19.999956035644416,0.003142973204702213,0.00031429891131637546,0.003167802287474729
116,20.0,19.99953765999071,0.0009691697625046253,9.692213516798778e-05,0.0009808139532023943
117,20.0,19.99993306302465,0.0025471670515332797,0.0002547186681107476,0.002545111373769575
118,20.0,19.99690056050312,0.0003742597155805211,3.7439328881039933e-05,0.00037381775179399276
119,20.0,19.999947552614486,0.002877589924285349,0.000287760729988302,0.002889126983039288
120,20.0,19.99898211012918,0.0006531550827708264,6.532316297830481e-05,0.0006581711504241652
121,20.0,19.999676033639638,0.0011578014662654715,0.0001157844650756387,0.0011622043615191536
122,20.0,19.99994176388795,0.002730828937525025,0.000273084724692104,0.002699193768594089
123,20.0,19.99663306159998,0.00035907931750475225,3.592185355177877e-05,0.0003644617301984339
124,20.0,19.999839219514296,0.0016435066390646717,0.0001643537061537482,0.0016335914233502557
125,20.0,19.999960987461595,0.0033364840609709056,0.00033364990467709,0.0033688520678608813
126,20.0,19.99746947936557,0.00041421321236596317,4.1433390556211525e-05,0.00042168033348629095
127,20.0,19.99982328222051,0.0015676445931269547,0.00015676764877861358,0.0015687111994156966
128,20.0,19.9998322622491,0.0016090611452605663,0.00016090922189806946,0.0016256086198088663
129,20.0,19.99084028425194,0.00021763168479481783,2.1786130961366766e-05,0.00022016664741705632
130,20.0,19.999965489363102,0.003547437645441664,0.0003547451740091816,0.0035828567734153814
131,20.0,19.997519346143584,0.0004183570114137136,4.1847650949469384e-05,0.00041972084367155634
132,20.0,19.999957634583595,0.0032017346419173703,0.0003201750258412372,0.0031936367198946163
133,20.0,19.998274207155646,0.000501596707238644,5.0169637901064965e-05,0.00049958405472817
134,20.0,19.999903563575863,0.002122116330153331,0.00021221398914067076,0.0021435317500853915
135,20.0,19.999792381161008,0.0014462839990610217,0.00014463185700037834,0.001430990322731424
136,20.0,19.999916256912876,0.0022772754775576753,0.00022772974335122172,0.002300051233896969
137,20.0,19.999910616811942,0.002204255790284459,0.00022042784735594933,0.002222084595529978
138,20.0,19.999940257576256,0.0026961821190994496,0.00026962006637753914,0.0026973302430425227
139,20.0,19.999853680811604,0.0017228118477878517,0.00017228408698644686,0.0017000721488836619
140,20.0,19.999950722148693,0.0029686911804015313,0.0002968708022791159,0.0029743220464350222
141,20.0,19.999942911519245,0.002758141009357562,0.00027581591374485165,0.002782963288420486
142,20.0,19.999905513912392,0.0021439065466314646,0.00021439298684156486,0.002142118665096134
143,20.0,19.999926401771624,0.0024291628079347854,0.00024291833910695,0.0024110252383465723
144,20.0,19.999742173486194,0.0012978422806930081,0.00012978808056030627,0.0013174338586265117
145,20.0,19.99988360311479,0.0019316060525840116,0.00019316319376048687,0.0019249032049957122
146,20.0,19.999536630779758,0.0009680927729379174,9.68144419502359e-05,0.000969960063078336
147,20.0,19.999179950132092,0.0007276985694659871,7.277672759901982e-05,0.0007149721631824974
148,20.0,19.99996970800426,0.00378640814481222,0.00037864213499143074,0.0038271602052760397
149,20.0,19.99995029113095,0.002955792540574804,0.00029558094564614764,0.0029425153044664973
150,20.0,19.99993352671652,0.002556035694417621,0.00025560552558836916,0.0025639374194879197
151,20.0,19.99990123896272,0.002096992399925345,0.00020970162434613113,0.0021173174910895302
152,20.0,19.999916193464028,0.0022764132615527874,0.00022764352258233708,0.0022653927847405366
153,20.0,19.999822179424033,0.0015627758770229243,0.00015628078710457272,0.001590967997229293
154,20.0,19.99967887518985,0.001162912916891617,0.0001162955911577079,0.0011802661825413307
155,20.0,19.9997625421551,0.0013523619832988035,0.00013523989551422264,0.0013549609430813566
156,20.0,19.999943568855855,0.0027741586978698497,0.00027741767212922534,0.00274153473841269
157,20.0,19.999089461808367,0.0006905900348180282,6.906624328782949e-05,0.0006947442066308219
158,20.0,19.994975504757196,0.0002939140257182917,2.9408409428912774e-05,0.00029649679295470547
159,20.0,19.996937253202592,0.00037649571256776816,3.7662849279064846e-05,0.0003804221347573483
160,20.0,19.99978626288274,0.0014254330833110486,0.00014254681599375478,0.0014436879943308324
161,20.0,19.999923318746962,0.002379828299598101,0.00023798493094231348,0.0023889166929508105
162,20.0,19.993562050486947,0.00025963151263378863,2.5982402189258686e-05,0.00025813881662684973
163,20.0,19.99950016884425,0.0009321117791769484,9.321654192682524e-05,0.00093589018158333
164,20.0,19.999869769462045,0.0018261332945697973,0.0001826160674621133,0.001826418621487019
165,20.0,19.999949323653397,0.0029274414726866917,0.0002927458552396161,0.0029267379879750824
166,20.0,19.998894901546773,0.0006268505934438475,6.269303521927826e-05,0.000632205292144345
167,20.0,19.999877418541484,0.0018822473350146142,0.0001882273898816521,0.0018755946889397767
168,20.0,19.999913776239147,0.002244277257482595,0.0002244299536258181,0.002271627642669556
169,20.0,19.99996989385751,0.003798077454634335,0.0003798090619164851,0.0038289412272487803
170,20.0,19.999940330914566,0.002697838541444159,0.0002697857074734134,0.0027327825510714302
171,20.0,19.998842293581816,0.0006124406249849948,6.125222601111078e-05,0.0006246662971591859
172,20.0,19.999739734653915,0.0012917470309807134,0.00012917857376692696,0.001278766577926173
173,20.0,19.998375695728935,0.0005170325117670074,5.1712920844197154e-05,0.0005206268271031951
174,20.0,19.99976273632767,0.001352915262334457,0.0001352952219058649,0.0013576731942644843
175,20.0,19.998910464960836,0.0006313123929697397,6.313915880946484e-05,0.0006286714613258175
176,20.0,19.999957939520456,0.003213319962771648,0.0003213335522963111,0.003276274722726703
177,20.0,19.999734247116997,0.0012783404044110235,0.0001278379517024608,0.0012762130211107577
178,20.0,19.999890460988386,0.001991154671124086,0.0001991179782022226,0.002000728644467645
179,20.0,19.999870840687997,0.0018336905959025179,0.00018337178631125058,0.0018198826678165899
180,20.0,19.99973048055257,0.0012693762268978209,0.00012694156157113455,0.0012439032807394575
181,20.0,19.99996181263399,0.003372339746814105,0.0003372354573281015,0.0033983125665821424
182,20.0,19.999560447963958,0.00099397626909502,9.940265708333666e-05,0.000996140201559512
183,20.0,19.999971041484233,0.0038726054733297945,0.00038726183845108327,0.003814328124478086
184,20.0,19.999956364792354,0.0031548049601581142,0.0003154820808956687,0.0031484582971665347
185,20.0,19.998922754323083,0.0006349036777929091,6.349824250122312e-05,0.0006459418376065306
186,20.0,19.99993323134117,0.0025503755770058477,0.00025503951818843783,0.0025691860742703717
187,20.0,19.999907437045813,0.0021660637215501115,0.00021660868047728668,0.0021884820652437634
188,20.0,19.999791256162034,0.0014423813594677281,0.0001442416023946707,0.0014644721852895824
189,20.0,19.999862125576193,0.0017747894797432143,0.00017748176518740146,0.0017795552541689805
190,20.0,19.999799501304846,0.0014717409156562349,0.0001471774888634392,0.0014604086883971518
191,20.0,19.99982560155527,0.0015780344733320928,0.00015780661579990892,0.0015576283176564956
192,20.0,19.99985621995916,0.0017379579081639148,0.00017379866773214374,0.0017447444336272779
193,20.0,19.999883651289206,0.0019320059201412985,0.00019320317998050923,0.0019350388487883916
194,20.0,19.99987084326795,0.0018337089133904866,0.00018337361803281868,0.001846622929485929
195,20.0,19.996594095329613,0.00035701853053260473,3.5715855182751436e-05,0.00035606858809888065
196,20.0,19.999940944012447,0.002711806487441498,0.00027118249252712734,0.002753680408770701
197,20.0,19.999805497957574,0.0014942566787350443,0.000149429013981297,0.0014968916829228886
198,20.0,19.998933315506214,0.0006380393976050525,6.381177578596942e-05,0.0006489400918784315
199,20.0,19.999923210811698,0.002378155171502931,0.00023781761961095188,0.0023998971729310634
200,20.0,19.998858139194937,0.0006166759685640686,6.167570430923174e-05,0.0006148196424879228
201,20.0,19.998347381583194,0.0005125834077846838,5.126809436051176e-05,0.0005112599726807772
202,20.0,19.999941700493437,0.0027293437875537075,0.00027293621069126553,0.0027711089119530213
203,20.0,19.99670433796823,0.0003629429997109216,3.630807362544297e-05,0.00036431313932618623
204,20.0,19.999850731704083,0.0017057077829209521,0.00017057370960129264,0.0017284709849165376
205,20.0,19.999880751429814,0.0019083699837730817,0.00019083961839625382,0.0019078471928618591
206,20.0,19.999940207662682,0.0026950565346731013,0.00026950750870944164,0.0027099861224730527
207,20.0,19.99985586958314,0.001735844123597979,0.0001735872927787686,0.001756225753720774
208,20.0,19.999673275439566,0.0011529038561115593,0.00011529472240457543,0.001155225049930581
209,20.0,19.999944795453487,0.0028048092918574394,0.00028048271183235264,0.002808376286716221
210,20.0,19.999954601398063,0.0030929276017759902,0.0003092943767645212,0.003153307862214234
211,20.0,19.99993489860429,0.0025828272781878918,0.0002582846636745026,0.002571929401616557
212,20.0,19.99994962596153,0.0029362125785961407,0.0002936229607285251,0.00293280505678606
213,20.0,19.999966780530997,0.0036157213164684896,0.00036157351449393646,0.003606926793547187
214,20.0,19.9996219865617,0.0010718378345795827,0.00010718844824117246,0.0010722733301643643
215,20.0,19.999849623629522,0.001699411650540032,0.00016994410722318516,0.0017073341351076347
216,20.0,19.99970753387045,0.0012185603755390099,0.00012186014068727719,0.0012212831465552765
217,20.0,19.999851920044886,0.0017125383700385246,0.0001712567566214991,0.0017120669042467206
218,20.0,19.99993850278169,0.0026574363256181045,0.000265745514067646,0.0026488686657703893
219,20.0,19.998935825579025,0.0006387915197351912,6.388697877386449e-05,0.0006394456997282168
220,20.0,19.99855016316704,0.0005472633236585429,5.47354679729238e-05,0.0005497090139483194
221,20.0,19.99991849137522,0.002308279117027359,0.0002308300778083055,0.0023213868492202062
222,20.0,19.99685419957457,0.0003714906796398134,3.716252481453796e-05,0.00036720268727520605
223,20.0,19.999663882584503,0.001136680063053005,0.0001136724049952827,0.0011370267528908076
224,20.0,19.999431869467056,0.0008742867276959413,8.743439153013664e-05,0.0008789832802638822
225,20.0,19.998583815786375,0.0005537284975943725,5.5381878719293066e-05,0.0005534631106848814
226,20.0,19.999944000942808,0.0027848408636297526,0.0002784858817917915,0.002775766197637491
227,20.0,19.99995144187684,0.002990611346361339,0.0002990628065302755,0.0029410836552449834
228,20.0,19.999010898569484,0.0006625932570417353,6.626687138207409e-05,0.0006642655794799523
229,20.0,19.998861638779392,0.000617623267705693,6.17704217899683e-05,0.0006213751603589149
230,20.0,19.99990751903677,0.0021670236889974846,0.000216704676199442,0.002158868560662212
231,20.0,19.999910135563887,0.0021983456177013167,0.00021983683619589,0.0021597375245226216
232,20.0,19.999928536229106,0.002465172935221074,0.0002465193217689068,0.002493453490731193
233,20.0,19.995689591544547,0.0003173402600770662,3.174977805681216e-05,0.00032018190033133564
234,20.0,19.99993270352845,0.0025403544256491196,0.00025403741078646125,0.002589486467594842
235,20.0,19.99552714836135,0.0003115215377550122,3.116819989751653e-05,0.00031097963691283087
236,20.0,19.999962317276466,0.0033948457654991073,0.0003394860493675178,0.003452241253111581
237,20.0,19.999952177772627,0.003013533637900297,0.0003013550229670807,0.0030994541213443393
238,20.0,19.999939786405555,0.002685612538944118,0.0002685631156604658,0.0026878176656708283
239,20.0,19.999253580929135,0.0007627498481243181,7.62815397598235e-05,0.0007682576394387883
240,20.0,19.99967505791634,0.0011560617944605582,0.00011561050439342137,0.001155252111671646
241,20.0,19.999934935583198,0.002583561130362351,0.0002583580483420567,0.0026431202363805524
242,20.0,19.999958186938905,0.0032228130091511487,0.0003222828523509173,0.0032056103088405805
243,20.0,19.999951265715175,0.002985201269565126,0.00029852180188059203,0.0029844274581376858
244,20.0,19.9945295025666,0.0002816708921794298,2.818483484093537e-05,0.0002867085800473319
245,20.0,19.9999456962137,0.002827976022701345,0.0002827993703133869,0.002831582261846457
246,20.0,19.997575354547276,0.0004231627346908851,4.232808760514115e-05,0.00042288669380703356
247,20.0,19.999926300780746,0.0024274978626860353,0.0002427518459937863,0.0024812338940088108
248,20.0,19.999581158691047,0.0010182558825674252,0.00010183049849538757,0.0010275430578622854
249,20.0,19.99653405273525,0.00035391137844883775,3.540526285673258e-05,0.00035992067939456633
250,20.0,19.994206339323796,0.0002736974618400412,2.738800843756279e-05,0.00027440746312091754
251,20.0,19.997238781962732,0.000396527005587385,3.966530803611238e-05,0.0004010095578768023
252,20.0,19.998489480533866,0.0005361560708121465,5.3624931913100115e-05,0.0005400252789186761
253,20.0,19.99946606568715,0.0009018512033981764,9.019066432118396e-05,0.0008963194305112703
254,20.0,19.999895689578036,0.002040448734993824,0.0002040473239259413,0.002041230896999907
255,20.0,19.999740718939478,0.0012941966546853806,0.00012942352881131086,0.0013023016625764337
256,20.0,19.999910209978697,0.002199256397750479,0.00021992791325891323,0.0022265855278297427
257,20.0,19.999017152313925,0.0006646981552171918,6.647733730744485e-05,0.0006611305366377442
258,20.0,19.99987092036662,0.0018342564742110175,0.00018342837330091784,0.0018485006101456954
259,20.0,19.998392578248417,0.0005197410838157677,5.198372766603677e-05,0.0005209794827662516
260,20.0,19.99934835234655,0.0008163369304140229,8.163981773354958e-05,0.000815479858200884
261,20.0,19.99995423400516,0.0030804881080551383,0.00030805043392047554,0.0030841499349716444
262,20.0,19.9998504840329,0.001704294424050304,0.00017043237614507143,0.0017103612768486344
263,20.0,19.999945880255577,0.002832780455189343,0.0002832798105636015,0.002823853184488539
264,20.0,19.999907099491843,0.0021621249072237697,0.00021621480324976474,0.002170140199565929
265,20.0,19.999693140481522,0.0011896375977238959,0.00011896796265872655,0.0012037055119451532
266,20.0,19.999962207511903,0.003389912152462308,0.0003389926902073312,0.0034249319024195796
267,20.0,19.999873342598097,0.0018517130779010693,0.00018517400797267056,0.0018829405790788164
268,20.0,19.9976699098937,0.0004316657013416247,4.317815161798641e-05,0.0004339851100376453
269,20.0,19.999929141261987,0.00247567517797637,0.00024756953744031843,0.002474390314812827
270,20.0,19.99983448290431,0.0016198193537757238,0.00016198502211204268,0.0016239877138445127
271,20.0,19.999940747274138,0.002707300663926211,0.000270731913244215,0.0027334398202362893
272,20.0,19.999611293646467,0.0010569917947375804,0.00010570390977355216,0.0010506803041481782
273,20.0,19.99995185694022,0.003003475437035447,0.0003003492084368566,0.0029657938679382824
274,20.0,19.999955012041937,0.0031070115693552507,0.00031070276619461063,0.00316153073843811
275,20.0,19.99987913514908,0.001895566897144784,0.00018955932742937016,0.001908408491221798
276,20.0,19.999913714437362,0.0022434733642364914,0.00022434956509947938,0.0022407589482306947
277,20.0,19.999913361748863,0.0022389022858528653,0.00022389246181128879,0.0022649848473753212
278,20.0,19.99995473644529,0.003097538229941501,0.0003097554371748765,0.003095815277550784
279,20.0,19.996568953826518,0.0003557075573646566,3.5584809450976025e-05,0.00035864437078256777
280,20.0,19.99996498762085,0.0035219277529266258,0.0003521941949666797,0.0035439451539055
281,20.0,19.997922617879127,0.0004571745265674019,4.572838809119817e-05,0.0004512555426391244
282,20.0,19.999892716708256,0.0020119788899217615,0.00020120037409226686,0.0020743033905099417
283,20.0,19.999951101631936,0.0029801884618378643,0.0002980205239251414,0.002998472367040449
284,20.0,19.999151995071497,0.000715602362938088,7.156722307328153e-05,0.0007121002290922016
285,20.0,19.99696262929327,0.00037806573372653826,3.781979627364905e-05,0.0003805052872500236
286,20.0,19.997444652230364,0.0004121955146142836,4.123167984304944e-05,0.00041290678484719884
287,20.0,19.999970942257573,0.0038659876927210584,0.00038660006260033346,0.003845566535901935
288,20.0,19.994493317653568,0.00028074333937055425,2.8092138153022257e-05,0.0002854314384369568
289,20.0,19.999969403903304,0.003767544085263179,0.00037675573564824744,0.0037856326642962115
290,20.0,19.996557323955383,0.0003551059947937891,3.5524676991966536e-05,0.00035672117308281235
291,20.0,19.995582139889247,0.00031345537372211464,3.136148454955216e-05,0.0003160196398597676
292,20.0,19.996324492888537,0.00034367000365616746,3.438154612766862e-05,0.0003481463017643153
293,20.0,19.999967790121428,0.0036719501531626256,0.0003671963769878102,0.003725972317076797
294,20.0,19.999907173164782,0.0021629827408118575,0.00021630058569143779,0.0022133341028342263
295,20.0,19.999958743220706,0.0032444676037294406,0.00032444830145402295,0.0032852010398449877
296,20.0,19.9999558393279,0.0031359793715332453,0.0003135995315473884,0.003167990426162396
297,20.0,19.998662914516473,0.0005698743896561487,5.699621215358528e-05,0.0005740952009809919
298,20.0,19.99990104035239,0.002094886987950029,0.00020949108554486618,0.00215134729658674
299,20.0,19.99774855374156,0.0004391420998144719,4.392559434193987e-05,0.0004353507081911231
