repeat_idx,seed,signal_idx,true_gamma,true_kappa,true_zeta,known_Qr,estimated_gamma,estimated_kappa,estimated_zeta,relerr_gamma,relerr_kappa,relerr_zeta,signal_loss,multistart_index,multistart_init_gamma,multistart_init_kappa,multistart_init_zeta,hard_refined,loss_before_hard_refinement,loss_after_hard_refinement,hard_multistart_index,hard_multistart_init_gamma,hard_multistart_init_kappa,hard_multistart_init_zeta,elapsed_seconds_repeat
0,0,0,0.45089891602482685,0.628274283386174,0.3081947047872389,94.78297722053307,0.45104350609263505,0.6466879375521299,0.31247282555383227,0.00032067069285267975,0.02930830475300207,0.013881227354463229,0.2440802564785575,5,0.4,0.65,0.3,False,0.2440802564785575,0.2440802564785575,-1,nan,nan,nan,17059.315970897675
0,0,1,0.4881000204712574,0.8565282299335912,0.42132715515343605,139.34353506149992,0.4834059038494104,0.8900752128846519,0.44169092381722586,0.0096171203134039,0.03916623151307179,0.04833243814150519,0.4984834138349748,12,0.5,0.85,0.5,False,0.4984834138349748,0.4984834138349748,-1,nan,nan,nan,17059.315970897675
0,0,2,0.43120487319920425,0.8644507104446577,0.4631707108243065,93.92115626063426,0.4312531576683887,0.8643942187102147,0.4631596827599775,0.00011197570386018585,6.53498617797884e-05,2.3809934590604653e-05,0.013003925173748248,7,0.4,0.8,0.5,False,0.013003925173748248,0.013003925173748248,-1,nan,nan,nan,17059.315970897675
0,0,3,0.4974123023599772,0.5444228792334398,0.4459310892859888,104.72847628765994,0.5161260420230743,0.5601693956834964,0.4237797162485006,0.037622189025702885,0.028923318711785426,0.04967443080265229,0.20075021469895815,9,0.5,0.55,0.4,False,0.20075021469895815,0.20075021469895815,-1,nan,nan,nan,17059.315970897675
0,0,4,0.49863075261582607,0.7247187331884276,0.359942378107477,120.16795132485365,0.4986405511160446,0.7247287031129158,0.3599309884814174,1.965081408865268e-05,1.3756957053315996e-05,3.164291495614043e-05,0.008896098782631262,11,0.5,0.75,0.3,False,0.008896098782631262,0.008896098782631262,-1,nan,nan,nan,17059.315970897675
0,0,5,0.3224754506116927,0.5766205631573451,0.4341248829387261,134.19934447339062,0.32557468346669904,0.6151930148832834,0.432028949489262,0.009610755947863696,0.06689399267124786,0.0048279505087938,0.34315197384373686,1,0.3,0.65,0.4,False,0.34315197384373686,0.34315197384373686,-1,nan,nan,nan,17059.315970897675
0,0,6,0.44634625852254456,0.6687055317629687,0.49944198715784227,155.05220867351437,0.43998789959118123,0.6538363015817561,0.5101185679791,0.014245350576949383,0.022235841450288986,0.021377018944711945,0.10413846207874768,4,0.4,0.55,0.5,False,0.10413846207874768,0.10413846207874768,-1,nan,nan,nan,17059.315970897675
0,0,7,0.4611493587254266,0.7634130430750747,0.437689346114188,118.05758899869397,0.44712166197135517,0.7264977139082776,0.46136799529496797,0.03041898788028825,0.04835564377849763,0.054099213040023277,0.26157061514166163,7,0.4,0.8,0.5,True,0.6825087065710822,0.26157061514166163,3,0.4563920278545986,0.7162437183506404,0.4654130547813613,17059.315970897675
0,0,8,0.3450053625597288,0.788628360768899,0.4050708644951452,113.14011722243472,0.3362300688342056,0.750220343308922,0.4310308295791767,0.02543523863054157,0.04870230310070242,0.06408746557565033,0.32969211546288246,1,0.3,0.65,0.4,False,0.32969211546288246,0.32969211546288246,-1,nan,nan,nan,17059.315970897675
0,0,9,0.41901126071350747,0.8482681811938951,0.48680870319124997,116.1121997943169,0.4190461298967263,0.8482628402277999,0.4868297256249555,8.321777118697342e-05,6.2963178552359845e-06,4.318417803079858e-05,0.012781858941454095,7,0.4,0.8,0.5,False,0.012781858941454095,0.012781858941454095,-1,nan,nan,nan,17059.315970897675
0,0,10,0.4244943628117542,0.869914612195707,0.3288319225439268,153.04059044607774,0.4244936768508824,0.869765147611569,0.3286521187751319,1.6159481299767053e-06,0.00017181523570543075,0.0005467953579563919,0.018091041666931224,8,0.4,0.9,0.3,False,0.018091041666931224,0.018091041666931224,-1,nan,nan,nan,17059.315970897675
0,0,11,0.3822964363742124,0.6827808893852644,0.46554051876408836,119.32494602307258,0.38226671393644823,0.6828529364980991,0.46554810712610833,7.774709606519619e-05,0.00010552010748217121,1.6300110761825564e-05,0.015052180683954551,6,0.4,0.7,0.4,False,0.015052180683954551,0.015052180683954551,-1,nan,nan,nan,17059.315970897675
0,0,12,0.43246426809901556,0.5422834852012892,0.4507026217349614,127.3839570762049,0.4325060674489949,0.5423372189573501,0.45071300913332435,9.665388117050651e-05,9.908794482453303e-05,2.304712212005437e-05,0.009507404739419197,4,0.4,0.55,0.5,False,0.009507404739419197,0.009507404739419197,-1,nan,nan,nan,17059.315970897675
0,0,13,0.3860733921813085,0.8123921897170834,0.36063896585832905,122.09361809254071,0.40036598785133376,0.8311928906572956,0.3157545936559107,0.037020411039653214,0.023142394988754894,0.12445791068525423,0.5272146570766901,8,0.4,0.9,0.3,True,0.6398418085924489,0.5272146570766901,4,0.4102952112445384,0.8369089799320489,0.31230786050931036,17059.315970897675
0,0,14,0.34478279811915175,0.6756051101887308,0.34069104813522993,110.1445837776156,0.3448115102345003,0.6756638345756683,0.3406758114665153,8.327595084551713e-05,8.69211704467893e-05,4.472283260159334e-05,0.015772466285739924,1,0.3,0.65,0.4,False,0.015772466285739924,0.015772466285739924,-1,nan,nan,nan,17059.315970897675
0,0,15,0.474826945924941,0.6320451090850442,0.3970381948863271,155.0460749875774,0.4751037921655179,0.632168108562797,0.396875861066341,0.000583046608775762,0.00019460553682775153,0.0004088619736762859,0.011362985367442386,4,0.4,0.55,0.5,False,0.011362985367442386,0.011362985367442386,-1,nan,nan,nan,17059.315970897675
0,0,16,0.5194096678630591,0.7898004289746045,0.4082453711094869,111.05570025283568,0.4942907473580572,0.7639727814016268,0.45222457555804385,0.04836051783237966,0.03270148587600741,0.10772738054331112,0.4492364028939605,12,0.5,0.85,0.5,True,0.9815146927192416,0.4492364028939605,3,0.5020152865196684,0.7704636590638491,0.46254257377470875,17059.315970897675
0,0,17,0.35039757385155174,0.876823521691727,0.40321371710957576,100.99160077942315,0.3504228693853391,0.8768717246472321,0.4032068706141401,7.219095015224203e-05,5.497452373553435e-05,1.6979817761956686e-05,0.015740359508423504,3,0.3,0.9,0.4,False,0.015740359508423504,0.015740359508423504,-1,nan,nan,nan,17059.315970897675
0,0,18,0.4480563384184125,0.8082225055915158,0.42260066021060805,151.0811065494314,0.44315125755493723,0.7986068448787874,0.43133047711889594,0.01094746451035526,0.011897293933544835,0.020657366942913157,0.10419013048151092,7,0.4,0.8,0.5,True,0.5250326613645591,0.10419013048151092,4,0.44609177137076506,0.7938831962922824,0.4414982214248913,17059.315970897675
0,0,19,0.3248540969761468,0.7201491884573076,0.39186717657708076,97.64684869686722,0.32472526887008424,0.7201638023616871,0.3917189797442477,0.00039657220660520835,2.0292884604672064e-05,0.00037818128613770007,0.020093001235418215,1,0.3,0.65,0.4,False,0.020093001235418215,0.020093001235418215,-1,nan,nan,nan,17059.315970897675
0,0,20,0.37170016032660574,0.6384643559120138,0.46284514811885613,99.49474638344356,0.37172069593988044,0.6384607558704809,0.46287036873874954,5.524779235137469e-05,5.638594385959514e-06,5.449040569164685e-05,0.014397366735274763,6,0.4,0.7,0.4,False,0.014397366735274763,0.014397366735274763,-1,nan,nan,nan,17059.315970897675
0,0,21,0.44312121097875296,0.791138987018187,0.3375802146733207,97.19666420831678,0.42333808395168576,0.7591623494677592,0.3745690010917345,0.04464495613597645,0.040418482814186855,0.10957036227436541,0.46336233822267714,6,0.4,0.7,0.4,False,0.46336233822267714,0.46336233822267714,-1,nan,nan,nan,17059.315970897675
0,0,22,0.374518536628174,0.7658887202808353,0.4124531325560856,103.1288914565835,0.371254720046452,0.7345543718670433,0.4130536993114773,0.008714699707807484,0.04091240356993685,0.0014560848445247226,0.31186412586318396,6,0.4,0.7,0.4,False,0.31186412586318396,0.31186412586318396,-1,nan,nan,nan,17059.315970897675
0,0,23,0.40778509685981007,0.7701005409939545,0.3845569346540256,133.32402495463228,0.4067047311434162,0.7596734596271846,0.3843498775596035,0.0026493506621829118,0.013539896171624436,0.0005384302706915814,0.12347596069236037,6,0.4,0.7,0.4,False,0.12347596069236037,0.12347596069236037,-1,nan,nan,nan,17059.315970897675
0,0,24,0.5206289859761658,0.774988011919917,0.37832496661600523,105.45328560750613,0.5206721746479145,0.7750688197911818,0.3782669618651522,8.295479681698164e-05,0.00010426983388383607,0.0001533199126980188,0.008423537978442908,11,0.5,0.75,0.3,False,0.008423537978442908,0.008423537978442908,-1,nan,nan,nan,17059.315970897675
0,0,25,0.3894977004356357,0.7139284206171999,0.47824188190011585,142.22274640454307,0.39007586092540436,0.71531562503946,0.4769015319730688,0.0014843745909719564,0.0019430581304788108,0.0028026611172607633,0.0200522506168928,7,0.4,0.8,0.5,True,0.717570455266074,0.0200522506168928,3,0.40046399031816304,0.7052098230224542,0.47165049776216705,17059.315970897675
0,0,26,0.383628932729844,0.8605969982599225,0.3941819770831515,137.10992763763937,0.36131063033092253,0.8087991083813286,0.416235316541288,0.05817679662508217,0.06018832273796707,0.055947102455890296,0.4974097278699829,8,0.4,0.9,0.3,True,0.6928281970064262,0.4974097278699829,9,0.3509171985678088,0.804812950558075,0.4066688641333124,17059.315970897675
0,0,27,0.33912074208370707,0.5696129632436941,0.3403814895058901,149.02810460551837,0.338032272373278,0.5360403562327841,0.33532289287746264,0.0032096819078097326,0.058939331049856845,0.014861550302781409,0.3924156760684008,0,0.3,0.55,0.3,False,0.3924156760684008,0.3924156760684008,-1,nan,nan,nan,17059.315970897675
0,0,28,0.45994021837324717,0.8339788948831243,0.42888725384110354,119.15889985472103,0.45870812242362,0.8509618506024643,0.43871370748500527,0.002678817595001623,0.020363771581677837,0.02291150775849888,0.2913721663760437,7,0.4,0.8,0.5,False,0.2913721663760437,0.2913721663760437,-1,nan,nan,nan,17059.315970897675
0,0,29,0.4254979989603743,0.7431724488033467,0.4724235969815256,121.13663538494532,0.4274838488331013,0.7525313546621444,0.47008027262677193,0.004667119181709533,0.01259318193760735,0.004960218688748708,0.08789811519124918,7,0.4,0.8,0.5,True,0.5555172955670241,0.08789811519124918,4,0.43314864159473987,0.7582059906268743,0.4716570448182397,17059.315970897675
0,0,30,0.33457197426730473,0.6165677298416153,0.46025489304127937,130.135127254023,0.3345471348965574,0.6166505804316513,0.460215274065827,7.424223383239851e-05,0.00013437386685363905,8.608050897743677e-05,0.016626958902502362,1,0.3,0.65,0.4,False,0.016626958902502362,0.016626958902502362,-1,nan,nan,nan,17059.315970897675
0,0,31,0.33636114351272417,0.6862600637839481,0.3958102596281668,103.73368216481741,0.3363651532308642,0.6862521732360265,0.3958171126625691,1.1920872007224738e-05,1.1497897572678095e-05,1.731393827114431e-05,0.016362152338861926,1,0.3,0.65,0.4,False,0.016362152338861926,0.016362152338861926,-1,nan,nan,nan,17059.315970897675
0,0,32,0.4714957789473443,0.5728535670720982,0.3782456380991324,126.04626141383524,0.47145417378939203,0.5728383785327642,0.3782540436056337,8.824078562304346e-05,2.6513825185118558e-05,2.2222348798300005e-05,0.008754470562418697,9,0.5,0.55,0.4,False,0.008754470562418697,0.008754470562418697,-1,nan,nan,nan,17059.315970897675
0,0,33,0.4073625123073915,0.7408134928605399,0.4475675574584321,153.51670342725615,0.4074470556615857,0.7407881619519305,0.44752859467867245,0.00020753837586893844,3.419336830857793e-05,8.705452196060962e-05,0.014338700929595168,6,0.4,0.7,0.4,False,0.014338700929595168,0.014338700929595168,-1,nan,nan,nan,17059.315970897675
0,0,34,0.37646644555099495,0.7627342585133379,0.4392431993340311,112.04504681328045,0.37648845756234106,0.7628301137813696,0.4392806093708229,5.847004854281161e-05,0.00012567321706320048,8.516930221919754e-05,0.015858169472688075,6,0.4,0.7,0.4,False,0.015858169472688075,0.015858169472688075,-1,nan,nan,nan,17059.315970897675
0,0,35,0.31681440762036445,0.8780783975420764,0.35968024460337517,113.37412512714604,0.3167987259584102,0.8781412553227362,0.35969367464523333,4.949794446548648e-05,7.158561335274139e-05,3.733883653513985e-05,0.016691793972426625,3,0.3,0.9,0.4,False,0.016691793972426625,0.016691793972426625,-1,nan,nan,nan,17059.315970897675
0,0,36,0.5046510358639281,0.7402328436612724,0.3942619330363663,142.079813103051,0.5060735736608096,0.7228232967770674,0.38597408515410114,0.002818854407870617,0.023519014365933188,0.021021171936223177,0.250983552422395,11,0.5,0.75,0.3,False,0.250983552422395,0.250983552422395,-1,nan,nan,nan,17059.315970897675
0,0,37,0.3229030076167814,0.7834726089577462,0.37484876669569417,99.42829459401611,0.32408307372183576,0.7958823776289785,0.3696417178168622,0.003654552844719323,0.015839441646519146,0.013891065788297166,0.08860190617603975,1,0.3,0.65,0.4,True,0.552601287519774,0.08860190617603975,6,0.31554713677902696,0.8057360554575796,0.379285587139462,17059.315970897675
0,0,38,0.4558655142272858,0.8631696684331808,0.3414382336162003,133.13063748658394,0.42831474504400574,0.8166463808047637,0.3848363806078607,0.06043617760817009,0.053898195603728515,0.1271039465382276,0.4153094980664152,6,0.4,0.7,0.4,True,1.063052724812662,0.4153094980664152,6,0.4180590337917834,0.8162897729836786,0.3856327100943132,17059.315970897675
0,0,39,0.3794124121287166,0.7958236214246122,0.4444329616284235,107.41971403555029,0.38300219004283054,0.8259552727991482,0.44272538013161133,0.009461414016408274,0.03786222293904397,0.0038421576351031677,0.2747163985534005,7,0.4,0.8,0.5,False,0.2747163985534005,0.2747163985534005,-1,nan,nan,nan,17059.315970897675
0,0,40,0.5154848382757695,0.7140212812490982,0.4952487411415408,98.80225149347513,0.5099339061366772,0.706536076358766,0.5018178038432637,0.010768371301975546,0.01048316778071056,0.013264168398654122,0.07216197000474343,10,0.5,0.65,0.5,False,0.07216197000474343,0.07216197000474343,-1,nan,nan,nan,17059.315970897675
0,0,41,0.4446520805509512,0.6661527374539318,0.46038024139716144,104.65798850900178,0.4328899386158643,0.6381987148888543,0.47979029655461575,0.026452461260302405,0.04196338316032318,0.04216092136914629,0.18981329038739725,4,0.4,0.55,0.5,True,0.6511426113212722,0.18981329038739725,5,0.42344692846376963,0.634976566753059,0.4762007455759893,17059.315970897675
0,0,42,0.5004150428535955,0.7255991972710418,0.4804430159431977,123.57209523995039,0.500480539543814,0.7255493415509648,0.48060397720612613,0.00013088473488926232,6.870972330797986e-05,0.00033502675153351916,0.010198872805152326,10,0.5,0.65,0.5,False,0.010198872805152326,0.010198872805152326,-1,nan,nan,nan,17059.315970897675
0,0,43,0.40733471460090614,0.812576084728237,0.4968305999862243,116.85786204077681,0.4073621468478716,0.812602941089094,0.4967970872038803,6.73457134443335e-05,3.305088761757982e-05,6.745313663230467e-05,0.012774316208432475,7,0.4,0.8,0.5,False,0.012774316208432475,0.012774316208432475,-1,nan,nan,nan,17059.315970897675
0,0,44,0.5209448354257254,0.8623043676567238,0.33553851715239624,131.80322605278423,0.5212097714693266,0.8610481840593454,0.3347873115167719,0.0005085683273635022,0.0014567751764867816,0.002238805970770795,0.030355668180265763,11,0.5,0.75,0.3,False,0.030355668180265763,0.030355668180265763,-1,nan,nan,nan,17059.315970897675
0,0,45,0.4652264613141607,0.8671953060908543,0.4331314833931507,102.08723471573082,0.459857158412715,0.8594613405910835,0.4420889919909843,0.011541267206251727,0.008918366422708148,0.020680806963420135,0.08826621009241031,7,0.4,0.8,0.5,False,0.08826621009241031,0.08826621009241031,-1,nan,nan,nan,17059.315970897675
0,0,46,0.421550063343714,0.7077350410544208,0.4000452378697492,153.66139288182796,0.4211849213280677,0.7048269410318129,0.40004528252650245,0.0008661889711272118,0.004109023651386887,1.1162925842467951e-07,0.04777740045878694,6,0.4,0.7,0.4,False,0.04777740045878694,0.04777740045878694,-1,nan,nan,nan,17059.315970897675
0,0,47,0.39033679136249577,0.6119387571062667,0.4044174004422896,133.82318274781426,0.3908136400070808,0.6389692374987094,0.42154873549620453,0.0012216338688458119,0.044171871904738196,0.042360529084998155,0.4326041579009725,6,0.4,0.7,0.4,False,0.4326041579009725,0.4326041579009725,-1,nan,nan,nan,17059.315970897675
0,0,48,0.5146515882724658,0.7391156092297012,0.3535666780583177,151.86091845675418,0.5146570901150368,0.7391372756181509,0.35358497293221985,1.0690421823906868e-05,2.9313937060905923e-05,5.1743772921750124e-05,0.00857488232199168,11,0.5,0.75,0.3,False,0.00857488232199168,0.00857488232199168,-1,nan,nan,nan,17059.315970897675
0,0,49,0.4202540350532325,0.7724093070514017,0.3952077820950804,107.3112516513747,0.4202138403332685,0.7724546305078315,0.39510797591711355,9.564386445197337e-05,5.867802992022756e-05,0.0002525410239589661,0.013822895127312992,6,0.4,0.7,0.4,False,0.013822895127312992,0.013822895127312992,-1,nan,nan,nan,17059.315970897675
0,0,50,0.4863556169102752,0.8193189803564552,0.4030651122084284,111.61258625550884,0.4863698395689127,0.8193625986974219,0.40309823416625046,2.9243331716605686e-05,5.323731295433937e-05,8.217520400262547e-05,0.010064100504612249,11,0.5,0.75,0.3,False,0.010064100504612249,0.010064100504612249,-1,nan,nan,nan,17059.315970897675
0,0,51,0.3278793782025295,0.668595952678859,0.38169464108399975,96.57969961890282,0.3278993165352322,0.6685808410413859,0.38158379169019496,6.080996252951303e-05,2.2602047488446804e-05,0.0002904138069373519,0.017619105765954247,1,0.3,0.65,0.4,False,0.017619105765954247,0.017619105765954247,-1,nan,nan,nan,17059.315970897675
0,0,52,0.3267878769634324,0.8872075208481004,0.4304738223175976,108.406887604364,0.32676811112795257,0.8872360860699499,0.4304888459449199,6.048521647597314e-05,3.2196776039677325e-05,3.4900211216951476e-05,0.01628148497091416,3,0.3,0.9,0.4,False,0.01628148497091416,0.01628148497091416,-1,nan,nan,nan,17059.315970897675
0,0,53,0.408273933519505,0.8783360986070355,0.47953552162170976,146.5144398505463,0.40831128251779963,0.8782995808743304,0.47948705495164223,9.14802421322777e-05,4.1576035373135556e-05,0.00010107003106593646,0.013607983177980138,7,0.4,0.8,0.5,False,0.013607983177980138,0.013607983177980138,-1,nan,nan,nan,17059.315970897675
0,0,54,0.3992973841746382,0.7075231716497686,0.43533787036621324,97.5501695598785,0.3993349496063989,0.7075065812969923,0.43527246512624285,9.407883259327882e-05,2.3448493902556003e-05,0.0001502401799213455,0.013905128883284643,6,0.4,0.7,0.4,False,0.013905128883284643,0.013905128883284643,-1,nan,nan,nan,17059.315970897675
0,0,55,0.4337307806702726,0.6288653196081859,0.4759302346669845,97.76340233201195,0.42121177447233615,0.5791480761090444,0.4840009886292676,0.028863541062476596,0.07905865047561825,0.01695785090840122,0.43253552821365615,4,0.4,0.55,0.5,False,0.43253552821365615,0.43253552821365615,-1,nan,nan,nan,17059.315970897675
0,0,56,0.45980730346750803,0.8413814183262636,0.3454637050321816,149.71551496338287,0.4547630173874792,0.8313147501113326,0.35368287490963457,0.010970434879978536,0.011964452738873534,0.023791703029084676,0.10703290665632559,6,0.4,0.7,0.4,True,0.5035082936651785,0.10703290665632559,5,0.4449636490148263,0.830734116044505,0.359964205599987,17059.315970897675
0,0,57,0.5005332437531347,0.5390736122729248,0.44149911346743553,93.82498022417678,0.5139068354087368,0.5516594706033132,0.4268277031993233,0.02671868816409338,0.02334719794078208,0.033230894062020344,0.15579554117178174,9,0.5,0.55,0.4,False,0.15579554117178174,0.15579554117178174,-1,nan,nan,nan,17059.315970897675
0,0,58,0.4227097967318232,0.6875168035223567,0.340650567222913,114.05891528597537,0.4227144608563599,0.6876589652531044,0.3406565059300976,1.1033869034411968e-05,0.00020677564536522168,1.7433428140283013e-05,0.013872531199709683,6,0.4,0.7,0.4,False,0.013872531199709683,0.013872531199709683,-1,nan,nan,nan,17059.315970897675
0,0,59,0.48661143484670616,0.644840491028594,0.32980771670671116,137.40699939489443,0.4838001551438087,0.646377482897717,0.33713928438323126,0.005777257790464954,0.0023835225772987083,0.02222982454664595,0.12018249735333694,11,0.5,0.75,0.3,True,0.6872016751095078,0.12018249735333694,4,0.48541523846946943,0.6560133328109284,0.3472904115454873,17059.315970897675
0,0,60,0.43005267816058,0.6543611587837351,0.3738134479590757,117.15604784924265,0.4301119405963705,0.6543324946766531,0.37384217546739057,0.00013780273626928856,4.380471960667659e-05,7.68498524377362e-05,0.011855078697799035,6,0.4,0.7,0.4,False,0.011855078697799035,0.011855078697799035,-1,nan,nan,nan,17059.315970897675
0,0,61,0.5248508929293444,0.7571284767755369,0.43486478610089874,114.37271596159115,0.5012003173656979,0.7039525886510114,0.45395003698048497,0.045061513436027094,0.07023363901327716,0.04388778187976346,0.45296616790411687,10,0.5,0.65,0.5,False,0.45296616790411687,0.45296616790411687,-1,nan,nan,nan,17059.315970897675
0,0,62,0.4599626265056087,0.5761551930849524,0.31034584639675505,146.8869591755492,0.4473137001398577,0.5809522500495343,0.3325511924950142,0.027499900289391775,0.008325980607580098,0.0715503247621081,0.4211059381988116,5,0.4,0.65,0.3,True,0.8350302642943561,0.4211059381988116,4,0.4503918925119954,0.5779145431011281,0.33848649159887395,17059.315970897675
0,0,63,0.3183770149679767,0.8799624845757804,0.4654006051638107,142.8256849578982,0.32014322951225943,0.8933867350432387,0.4579050338179328,0.00554755670556296,0.015255480435543789,0.016105633002431615,0.09885337991051693,3,0.3,0.9,0.4,False,0.09885337991051693,0.09885337991051693,-1,nan,nan,nan,17059.315970897675
0,0,64,0.32664561575753726,0.6061409395034759,0.4699731262190424,120.78092572843943,0.32668129331929396,0.6060813530741759,0.4699191655160506,0.00010922406435478139,9.830457805547817e-05,0.00011481657137698923,0.0163210947231542,1,0.3,0.65,0.4,False,0.0163210947231542,0.0163210947231542,-1,nan,nan,nan,17059.315970897675
0,0,65,0.4488957340113485,0.5759102515778921,0.3372672637355659,124.8292445463421,0.4628703620251884,0.5760256412464687,0.3312880578825518,0.031131122340954505,0.00020036050454121454,0.01772839079247886,0.29219214723809367,11,0.5,0.75,0.3,True,1.1608140535253522,0.29219214723809367,2,0.473058713472643,0.5661055588586311,0.33462087424554166,17059.315970897675
0,0,66,0.47674744770951266,0.7241493075422748,0.3213760157138085,147.88662990717975,0.47670414596715993,0.7243043154458264,0.32143690968822475,9.082742353581439e-05,0.00021405517058035447,0.0001894789014698842,0.012785445383564409,11,0.5,0.75,0.3,False,0.012785445383564409,0.012785445383564409,-1,nan,nan,nan,17059.315970897675
0,0,67,0.34596802992014547,0.6885785039168628,0.41736989468889285,113.69684389977556,0.3454587046382577,0.6813470229773231,0.41615485436916694,0.0014721744145126808,0.01050204282940097,0.0029111834255118063,0.10944898191737769,1,0.3,0.65,0.4,False,0.10944898191737769,0.10944898191737769,-1,nan,nan,nan,17059.315970897675
0,0,68,0.4047094290015008,0.8473723942434507,0.39082714031722543,127.4529445315753,0.4262803813421292,0.8912950323496244,0.34444229260906256,0.053299851189156255,0.051833926151663955,0.11868379373682532,0.4908060904390928,8,0.4,0.9,0.3,True,0.6397274941387815,0.4908060904390928,6,0.4272362708783171,0.9,0.33762483987047465,17059.315970897675
0,0,69,0.5212732111017111,0.6304740134339264,0.4789580375775569,116.3659700892978,0.5213015904096783,0.6304527095860283,0.47900590826826667,5.4442291226120955e-05,3.379020775508262e-05,9.994756733155552e-05,0.006578353717250406,10,0.5,0.65,0.5,False,0.006578353717250406,0.006578353717250406,-1,nan,nan,nan,17059.315970897675
0,0,70,0.44839514345358467,0.8510108993441993,0.45513713804903877,107.82544937441199,0.44839713679670185,0.851130411242915,0.45528524010379423,4.4455055909533654e-06,0.0001404352151163129,0.00032540094484555986,0.0142304976726477,7,0.4,0.8,0.5,False,0.0142304976726477,0.0142304976726477,-1,nan,nan,nan,17059.315970897675
0,0,71,0.37983508611626854,0.842611473115673,0.30105306091311496,145.0767761489229,0.3910588490933841,0.8734736415019738,0.2770793492985072,0.029549042169527112,0.03662680769368555,0.07963284459521461,0.3500632828337435,8,0.4,0.9,0.3,False,0.3500632828337435,0.3500632828337435,-1,nan,nan,nan,17059.315970897675
0,0,72,0.48468164946668174,0.6986169082595208,0.36060648536386275,111.15160075629834,0.4846725662338942,0.6986775984791161,0.36063628990670316,1.8740616232380628e-05,8.687195926379039e-05,8.265115590012815e-05,0.009824441851366194,11,0.5,0.75,0.3,False,0.009824441851366194,0.009824441851366194,-1,nan,nan,nan,17059.315970897675
0,0,73,0.3702774829950203,0.6905020885883395,0.4009096517915907,128.34358450465578,0.37029029986741757,0.6905303213910172,0.4009275001617241,3.461423658177047e-05,4.0887353049775785e-05,4.451968181272226e-05,0.014986618384255829,6,0.4,0.7,0.4,False,0.014986618384255829,0.014986618384255829,-1,nan,nan,nan,17059.315970897675
0,0,74,0.5265505598046568,0.8138949813208822,0.4244358458882325,155.5600092301178,0.5264808550965323,0.8116027673353416,0.4238066657656478,0.00013237989557995486,0.0028163510503781616,0.0014823915762063374,0.04115106510623798,12,0.5,0.85,0.5,False,0.04115106510623798,0.04115106510623798,-1,nan,nan,nan,17059.315970897675
0,0,75,0.36193013532771134,0.5893752720195348,0.42250792085460614,96.49637549758647,0.3672458872781862,0.6342439869092285,0.4136561386196622,0.0146872322351983,0.07612927962849197,0.020950571097080123,0.44868976712620523,6,0.4,0.7,0.4,False,0.44868976712620523,0.44868976712620523,-1,nan,nan,nan,17059.315970897675
0,0,76,0.3240285388212288,0.7152855311963364,0.39324120506505783,151.07298582455326,0.32404698999181814,0.6994520287221788,0.3897801314663245,5.694304167303806e-05,0.022135918851420907,0.008801401160798299,0.19537060875568327,1,0.3,0.65,0.4,False,0.19537060875568327,0.19537060875568327,-1,nan,nan,nan,17059.315970897675
0,0,77,0.4492667396976032,0.7150117645428274,0.3993746870787009,109.21968262670816,0.44900904850126766,0.7087768679389606,0.3981523691388368,0.0005735817356722479,0.008719991632380247,0.0030605793992728274,0.08847092460415092,6,0.4,0.7,0.4,False,0.08847092460415092,0.08847092460415092,-1,nan,nan,nan,17059.315970897675
0,0,78,0.31898853938946875,0.6008027611147853,0.4384064241763678,106.28792024918721,0.31988191475061173,0.6098191906234844,0.4366872590719754,0.0028006503395164696,0.015007303714732046,0.003921395786163932,0.11399419291823797,1,0.3,0.65,0.4,False,0.11399419291823797,0.11399419291823797,-1,nan,nan,nan,17059.315970897675
0,0,79,0.3944721615370656,0.5338256559284869,0.46600954596034916,103.40381756633998,0.394459018152213,0.5338324719585947,0.4660302936403824,3.331891609632001e-05,1.276827000011092e-05,4.4522006497705746e-05,0.01136562948249519,4,0.4,0.55,0.5,False,0.01136562948249519,0.01136562948249519,-1,nan,nan,nan,17059.315970897675
0,0,80,0.3854911503637733,0.8829832793849635,0.3637421676971034,143.0343084887518,0.39478651969721446,0.9065678188921398,0.3266001234070717,0.02411305505890207,0.02671006355137776,0.10211091148761382,0.420646300629299,8,0.4,0.9,0.3,True,0.5305001618876195,0.420646300629299,6,0.40411550076503683,0.9,0.31678194816091676,17059.315970897675
0,0,81,0.5000481639679015,0.6713351063214138,0.3875763746245598,117.04680644308458,0.4918615437390374,0.6507611394049269,0.3900381154200905,0.016371663409186388,0.030646344460104523,0.006351627593181713,0.2467171670833852,9,0.5,0.55,0.4,True,0.7454426155036445,0.2467171670833852,5,0.4858981503792533,0.6460921475117141,0.3801056478820156,17059.315970897675
0,0,82,0.33906720885575536,0.7025327362277645,0.3482704290169365,109.82157803444562,0.339063764962004,0.7026669404106691,0.34828406650322236,1.0156964936139439e-05,0.00019102908090129608,3.915774969568981e-05,0.016786972276312956,1,0.3,0.65,0.4,False,0.016786972276312956,0.016786972276312956,-1,nan,nan,nan,17059.315970897675
0,0,83,0.3554783584920615,0.6013219148610303,0.46276553403100423,120.18651175901415,0.35553126510557825,0.6013421163614872,0.46272969416191034,0.00014883216447039528,3.359515087948246e-05,7.744714430588673e-05,0.015338780273789744,6,0.4,0.7,0.4,False,0.015338780273789744,0.015338780273789744,-1,nan,nan,nan,17059.315970897675
0,0,84,0.3704992265883857,0.7422705123767211,0.4208544592116912,134.17862669126174,0.3703301557493953,0.7416170234003836,0.42143979078019456,0.0004563325018170782,0.0008803919399210674,0.0013908170762875391,0.01862824805238291,6,0.4,0.7,0.4,True,0.5529521146219786,0.01862824805238291,5,0.3643906768636146,0.7331165537485275,0.4174569431206419,17059.315970897675
0,0,85,0.5087961962746386,0.5858231697464987,0.37427742568847927,111.53878984442578,0.4953313803206994,0.5742416208889439,0.3894716883582195,0.02646406567605532,0.019769700919419844,0.04059625728639803,0.16699068117664148,9,0.5,0.55,0.4,False,0.16699068117664148,0.16699068117664148,-1,nan,nan,nan,17059.315970897675
0,0,86,0.32004101304045907,0.596951647763769,0.3789337162597206,118.33191938039526,0.32002533246764453,0.5969654744896457,0.3788812380252823,4.899551049900479e-05,2.316222080713359e-05,0.00013848921905475428,0.016614875993361762,1,0.3,0.65,0.4,False,0.016614875993361762,0.016614875993361762,-1,nan,nan,nan,17059.315970897675
0,0,87,0.4466295962698772,0.693054617733637,0.42146613351429496,107.6912490883358,0.4333250602578951,0.6662235893112247,0.44517170886478025,0.029788746923844277,0.03871416153340496,0.05624550459801359,0.2095922184700385,4,0.4,0.55,0.5,True,0.6654968692331497,0.2095922184700385,5,0.42354183388102246,0.6590036494087437,0.4415945359689357,17059.315970897675
0,0,88,0.34477128480966895,0.6493977287326727,0.31922168670562945,116.61499466673725,0.34477934168705454,0.6494975111556078,0.31920700195388374,2.33687599303258e-05,0.00015365379107486137,4.600173596366535e-05,0.015634630073944,5,0.4,0.65,0.3,False,0.015634630073944,0.015634630073944,-1,nan,nan,nan,17059.315970897675
0,0,89,0.41359783388038107,0.7877409685807775,0.4734049738670826,96.98972828229213,0.4156109441779312,0.8052242655211377,0.47259930287977464,0.004867313444712959,0.022194220737127273,0.0017018642215071986,0.20433456401380704,7,0.4,0.8,0.5,False,0.20433456401380704,0.20433456401380704,-1,nan,nan,nan,17059.315970897675
0,0,90,0.5001225820376879,0.6343201092260822,0.4206296300103124,142.3458801825112,0.5036973413938054,0.6350543383365762,0.4129757705005361,0.007147766336710073,0.0011575056502462894,0.018196196757676513,0.12821107793076508,9,0.5,0.55,0.4,True,0.6915797081121906,0.12821107793076508,5,0.4946129587569661,0.6283492578337765,0.4025771158233358,17059.315970897675
0,0,91,0.46759174684635224,0.8574599427741302,0.47207872983657695,151.13985181554764,0.46759803587692544,0.8574423096357832,0.47212733552779274,1.3449832285576733e-05,2.056438728784125e-05,0.0001029609854115062,0.010035958304370984,12,0.5,0.85,0.5,False,0.010035958304370984,0.010035958304370984,-1,nan,nan,nan,17059.315970897675
0,0,92,0.322110011972663,0.6877230400459755,0.39698886539545764,97.82213733563172,0.32209225179235407,0.6877602269932078,0.3969366668513294,5.5137001796825625e-05,5.4072562742450735e-05,0.00013148616668693858,0.01706538434627014,1,0.3,0.65,0.4,False,0.01706538434627014,0.01706538434627014,-1,nan,nan,nan,17059.315970897675
0,0,93,0.31768709669335193,0.8273706101247963,0.4966604488572351,142.78811579204248,0.3141290622693955,0.77119328682856,0.49695297104353503,0.011199807801419182,0.0678986207737821,0.0005889782183642786,0.4508629169759332,2,0.3,0.75,0.5,False,0.4508629169759332,0.4508629169759332,-1,nan,nan,nan,17059.315970897675
0,0,94,0.3830923363854156,0.7828934651292561,0.3598362146396494,140.0467801797343,0.37750710926864456,0.7295757124077913,0.3628672768007004,0.014579323537164065,0.06810345863937181,0.008423449440980892,0.4990975484983706,6,0.4,0.7,0.4,False,0.4990975484983706,0.4990975484983706,-1,nan,nan,nan,17059.315970897675
0,0,95,0.37552666336688856,0.8103197749414867,0.4975481493789154,155.3899093300149,0.37620480154814806,0.8057718708315369,0.4919980307082099,0.0018058323080962244,0.005612480715132699,0.01115493782387422,0.12877856358998913,7,0.4,0.8,0.5,False,0.12877856358998913,0.12877856358998913,-1,nan,nan,nan,17059.315970897675
0,0,96,0.5027840016362985,0.8565475683832908,0.4416413828206345,128.4060548289693,0.49889349801467076,0.8767714026993474,0.45611184065392996,0.007737922465643782,0.023610871202668263,0.03276517644446472,0.3634026778980164,12,0.5,0.85,0.5,False,0.3634026778980164,0.3634026778980164,-1,nan,nan,nan,17059.315970897675
0,0,97,0.5113032619028165,0.564354426848281,0.37402630902800155,131.62118396932894,0.49528334714154393,0.5510814519540497,0.39163526167651613,0.031331532487499515,0.023518863789828218,0.04707944928867634,0.20623526099243375,9,0.5,0.55,0.4,False,0.20623526099243375,0.20623526099243375,-1,nan,nan,nan,17059.315970897675
0,0,98,0.4173010082498427,0.8139645475765159,0.33901727869580933,97.64084358854147,0.427162294480808,0.8703144669684928,0.32986448479765496,0.02363111048382914,0.0692289603518386,0.026998015951767818,0.47982186409900374,8,0.4,0.9,0.3,False,0.47982186409900374,0.47982186409900374,-1,nan,nan,nan,17059.315970897675
0,0,99,0.3431953839276227,0.8742874626455928,0.3265549074458861,107.88114546019821,0.35171673074767695,0.8991439161759717,0.3091722184326312,0.024829433084249522,0.028430527249199377,0.05323052453632293,0.24717430368383525,8,0.4,0.9,0.3,True,0.8117635155555878,0.24717430368383525,7,0.3620188295808733,0.9,0.3,17059.315970897675
0,0,100,0.5182163607317137,0.6062270425780971,0.4656889770549062,103.08013269262626,0.5182262357635078,0.6062085635579256,0.4657148883215023,1.905580862039267e-05,3.048201230500324e-05,5.5640712734904654e-05,0.005874044017725883,10,0.5,0.65,0.5,False,0.005874044017725883,0.005874044017725883,-1,nan,nan,nan,17059.315970897675
0,0,101,0.4247017740681152,0.5807514594272798,0.43780729595622625,146.35923276951743,0.42474825791990284,0.5806945957105898,0.4378149213985622,0.00010945057126173256,9.791403149650381e-05,1.741734869744877e-05,0.010777775696999135,4,0.4,0.55,0.5,False,0.010777775696999135,0.010777775696999135,-1,nan,nan,nan,17059.315970897675
0,0,102,0.40628239845245007,0.872208731225945,0.46506658127695966,114.8884570294735,0.4063767932836892,0.8721194787944152,0.4649461587305619,0.00023233797870320092,0.00010232921127073106,0.0002589361421479012,0.015537029400831074,7,0.4,0.8,0.5,False,0.015537029400831074,0.015537029400831074,-1,nan,nan,nan,17059.315970897675
0,0,103,0.43798547561629236,0.7999221619715092,0.4654207874049592,152.08990442822383,0.43847952767532333,0.8118237355674177,0.46768477180886275,0.0011280101431121324,0.014878414627962746,0.004864381792070017,0.16756321581528913,7,0.4,0.8,0.5,False,0.16756321581528913,0.16756321581528913,-1,nan,nan,nan,17059.315970897675
0,0,104,0.34709388063154395,0.7971809749205977,0.3278702787735645,150.40804725705792,0.33486566724524713,0.7561874655947296,0.3847279991582695,0.03523027650054604,0.051423090384151736,0.17341529277184764,0.5698433830417526,1,0.3,0.65,0.4,True,0.7968705394310511,0.5698433830417526,5,0.3248067615629003,0.7487127288574738,0.3890075782125264,17059.315970897675
0,0,105,0.36421014550532527,0.8354001112164903,0.36126357310642476,154.36439801289512,0.3415408430859085,0.8004332451853826,0.37617080882695636,0.06224236941001229,0.04185642970550928,0.04126415401460935,0.4974649907642025,8,0.4,0.9,0.3,True,0.7934135094998707,0.4974649907642025,9,0.33110792109214726,0.7916762178790874,0.36963001226122955,17059.315970897675
0,0,106,0.4257630190731595,0.6469784683619517,0.356486703432936,131.61656223872976,0.4258290358136188,0.6470081586167981,0.3564930757212401,0.00015505513044091623,4.589063824876343e-05,1.787524820076169e-05,0.011944840921766613,6,0.4,0.7,0.4,False,0.011944840921766613,0.011944840921766613,-1,nan,nan,nan,17059.315970897675
0,0,107,0.38692430036778036,0.7734203145953906,0.33088501409217885,109.3609699622677,0.3869889962520535,0.7733836723434531,0.3309016546805998,0.00016720553403253114,4.7376893580467536e-05,5.029115164550643e-05,0.015055951207758843,6,0.4,0.7,0.4,False,0.015055951207758843,0.015055951207758843,-1,nan,nan,nan,17059.315970897675
0,0,108,0.5000476859178391,0.7456305762547513,0.3523966111941068,103.08843128631176,0.5000803919801026,0.7455628457094865,0.3523522207458646,6.540588664745751e-05,9.083659847343105e-05,0.0001259672960299135,0.00973075850498509,11,0.5,0.75,0.3,False,0.00973075850498509,0.00973075850498509,-1,nan,nan,nan,17059.315970897675
0,0,109,0.34536251054137496,0.6208669328449812,0.3765649333140815,134.31744103902722,0.33794808116867225,0.601030676515005,0.4058897679619062,0.02146854144962107,0.03194928781128846,0.0778745763439575,0.293065095285684,1,0.3,0.65,0.4,True,0.6061701058678982,0.293065095285684,4,0.33834655834063554,0.5911528664960078,0.4137094183812619,17059.315970897675
0,0,110,0.34362831278430106,0.7097436411662408,0.4202996715246715,95.54306302324653,0.33851222921297563,0.6732669376688074,0.4240093070815177,0.014888422696813234,0.05139419556826936,0.008826168108552553,0.33478723631221635,1,0.3,0.65,0.4,False,0.33478723631221635,0.33478723631221635,-1,nan,nan,nan,17059.315970897675
0,0,111,0.3477124038458432,0.8620149131509313,0.31408411523083934,101.86087183745613,0.35538437242401966,0.8749772336806573,0.3061975689005932,0.022064121076272605,0.015037234660296907,0.0251096631373728,0.17571022874188288,8,0.4,0.9,0.3,True,0.6763040482233806,0.17571022874188288,4,0.365692817474181,0.8757020235231592,0.3,17059.315970897675
0,0,112,0.5165973036445645,0.7532686754427159,0.3737986247459582,125.71187636270392,0.516914091470659,0.7377308515878699,0.3695981853502693,0.0006132200533367996,0.020627200308992066,0.011237171882437069,0.20249582849141445,11,0.5,0.75,0.3,False,0.20249582849141445,0.20249582849141445,-1,nan,nan,nan,17059.315970897675
0,0,113,0.4563598629810446,0.6302346295952008,0.3275936145733911,143.0024746564995,0.4561434113282734,0.6267702481314438,0.32844584993259074,0.00047430037198553415,0.0054969709709258895,0.002601501742668192,0.06170548931800918,11,0.5,0.75,0.3,True,0.811012035457208,0.06170548931800918,3,0.4660017772386471,0.6162304738355711,0.33248164382401296,17059.315970897675
0,0,114,0.4579460832456241,0.714395721286522,0.4633472871939317,128.06720430437665,0.44892918358281864,0.6994264291681151,0.46891473705291303,0.019689871783375723,0.020953781877989564,0.012015716964047109,0.1699815973676982,4,0.4,0.55,0.5,True,0.9868266244556549,0.1699815973676982,6,0.4385526264258566,0.6977478550895595,0.45863384196172635,17059.315970897675
0,0,115,0.5234727778917314,0.6051008587721659,0.41074607257304563,123.97654355771174,0.5103717116262112,0.5933084341395927,0.42512468041780593,0.025027215967722914,0.019488362083143817,0.035006075054322676,0.15578165131912522,9,0.5,0.55,0.4,False,0.15578165131912522,0.15578165131912522,-1,nan,nan,nan,17059.315970897675
0,0,116,0.39104099441775453,0.7425163329019104,0.3470602463335161,143.8876677361552,0.39117532438524233,0.7426097716659257,0.3471214461184643,0.0003435188878030883,0.0001258406850796976,0.00017633764049531145,0.01653363055861965,6,0.4,0.7,0.4,False,0.01653363055861965,0.01653363055861965,-1,nan,nan,nan,17059.315970897675
0,0,117,0.4995073794387495,0.5782096832858872,0.39341464134765425,111.07155578335652,0.5005456850195994,0.579348104987168,0.3921804511989518,0.0020786591421662957,0.001968873462670793,0.0031371230731899197,0.018239608383435912,9,0.5,0.55,0.4,False,0.018239608383435912,0.018239608383435912,-1,nan,nan,nan,17059.315970897675
0,0,118,0.3340376865221361,0.8505602294288804,0.38598973840956713,102.98070624763088,0.33411600073760306,0.8506158086491503,0.385986843125883,0.00023444724540611404,6.534424999768105e-05,7.5009343410636516e-06,0.01693030858030045,3,0.3,0.9,0.4,False,0.01693030858030045,0.01693030858030045,-1,nan,nan,nan,17059.315970897675
0,0,119,0.45857945738521716,0.6042866898647534,0.4802862157376354,107.32176608865801,0.4560763535477782,0.5963913642803459,0.4821977427256962,0.005458386321339933,0.013065529519067512,0.003979974701387227,0.09116483348850864,4,0.4,0.55,0.5,False,0.09116483348850864,0.09116483348850864,-1,nan,nan,nan,17059.315970897675
0,0,120,0.36942396066088207,0.8685972947150956,0.3378640769079523,104.95571315113172,0.37930524465111576,0.8931546244040954,0.3058143977181227,0.026747815633172627,0.02827239946338395,0.09485968287348054,0.37728375300519346,8,0.4,0.9,0.3,True,0.6046252203315128,0.37728375300519346,6,0.387886546225858,0.9,0.3,17059.315970897675
0,0,121,0.390326629765747,0.6143421425394165,0.43408914855455694,100.94246138271546,0.38850898992599725,0.627018005742192,0.4478129207496355,0.0046567149180690055,0.020633230776549213,0.031615100816909186,0.3113509228353979,6,0.4,0.7,0.4,False,0.3113509228353979,0.3113509228353979,-1,nan,nan,nan,17059.315970897675
0,0,122,0.5056212778516875,0.8371363236247876,0.300565406437324,127.59163510742464,0.5061605969812318,0.8299021495764362,0.2980252532369256,0.0010666464272148359,0.008641572279443815,0.008451249365346043,0.10522775453216625,11,0.5,0.75,0.3,False,0.10522775453216625,0.10522775453216625,-1,nan,nan,nan,17059.315970897675
0,0,123,0.33904561881900913,0.6240740103601515,0.3833792081266205,122.10100761582979,0.3351392876580994,0.6440297837590383,0.409480572369195,0.011521550328585754,0.03197661345866709,0.068082367768765,0.4618981109573437,1,0.3,0.65,0.4,False,0.4618981109573437,0.4618981109573437,-1,nan,nan,nan,17059.315970897675
0,0,124,0.41527893068916305,0.8617684288096757,0.3517542178844301,105.49313817403362,0.4236738727389644,0.8760491622766824,0.33438317457778466,0.020215188947510013,0.016571427995722723,0.04938403698787421,0.218403877052613,8,0.4,0.9,0.3,False,0.218403877052613,0.218403877052613,-1,nan,nan,nan,17059.315970897675
0,0,125,0.45797771002549953,0.868549639689952,0.4845621750887503,148.7656249952171,0.46724357607642564,0.8830611635315482,0.46927973767389236,0.020232133241616056,0.016707765657212593,0.0315386511794052,0.14706731091255107,12,0.5,0.85,0.5,False,0.14706731091255107,0.14706731091255107,-1,nan,nan,nan,17059.315970897675
0,0,126,0.3300790518398827,0.8650271243498424,0.42984807381089507,148.22224034533102,0.3300851595507687,0.8650270905654868,0.42978478397601566,1.850378220612571e-05,3.905583385234865e-08,0.00014723768404567315,0.01622796990484651,3,0.3,0.9,0.4,False,0.01622796990484651,0.01622796990484651,-1,nan,nan,nan,17059.315970897675
0,0,127,0.40260877675981266,0.6103834267504601,0.4585940153789387,135.10215443698647,0.4014447456832878,0.5970358937649696,0.45424910898416115,0.0028912213138842886,0.021867456422514107,0.009474407098808969,0.20857672030026697,4,0.4,0.55,0.5,False,0.20857672030026697,0.20857672030026697,-1,nan,nan,nan,17059.315970897675
0,0,128,0.4808352594166573,0.6039773677551283,0.3268703474596786,141.47656810235446,0.47033388015977784,0.5937569803240929,0.3402446286894575,0.02183986937567675,0.016921805313703665,0.04091616548799583,0.13950612533536244,11,0.5,0.75,0.3,True,0.9823948031408514,0.13950612533536244,3,0.4799850109378568,0.6027904171219465,0.35046012305776164,17059.315970897675
0,0,129,0.3207682607028282,0.868188241861005,0.32701757250185315,131.25689284560005,0.32073772513286536,0.8682322714231298,0.3269192984694369,9.519511031405378e-05,5.071430365195061e-05,0.0003005160599303536,0.016382786817165186,3,0.3,0.9,0.4,False,0.016382786817165186,0.016382786817165186,-1,nan,nan,nan,17059.315970897675
0,0,130,0.49897229086049977,0.8361323928008808,0.4622046797568684,110.09039758852978,0.49530361785085075,0.8542245428562456,0.47568054595653914,0.007352458396682161,0.021637901139985278,0.029155624747805194,0.31622129194789356,12,0.5,0.85,0.5,False,0.31622129194789356,0.31622129194789356,-1,nan,nan,nan,17059.315970897675
0,0,131,0.3327890855785869,0.8684953520583524,0.4227583382094204,93.91442210164374,0.3328984619990749,0.874113597830003,0.42483889714190703,0.0003286658884796834,0.006468941668294755,0.004921390649085232,0.09270948389425498,3,0.3,0.9,0.4,False,0.09270948389425498,0.09270948389425498,-1,nan,nan,nan,17059.315970897675
0,0,132,0.5085959145718918,0.8821052337093321,0.35725932083323414,144.60382018993622,0.5075911560723093,0.8706981104924912,0.35599296756862286,0.0019755536188847127,0.01293170336250349,0.003544633241920087,0.14282534833042376,11,0.5,0.75,0.3,False,0.14282534833042376,0.14282534833042376,-1,nan,nan,nan,17059.315970897675
0,0,133,0.333888076158956,0.6880894167927145,0.4635407549489616,119.29583329311086,0.33391263454562603,0.6881241439276768,0.46348939134902534,7.355275142663534e-05,5.046892760565846e-05,0.00011080708521927853,0.01592127138378395,1,0.3,0.65,0.4,False,0.01592127138378395,0.01592127138378395,-1,nan,nan,nan,17059.315970897675
0,0,134,0.4257451882164522,0.5740491586336485,0.4628013038500224,124.866713020782,0.42580558070059465,0.5740244157334585,0.4627302343884099,0.00014185124298284388,4.310240650615649e-05,0.00015356365900718436,0.010801044939556937,4,0.4,0.55,0.5,False,0.010801044939556937,0.010801044939556937,-1,nan,nan,nan,17059.315970897675
0,0,135,0.36888691012108776,0.8082235853803083,0.4958456578379125,127.39645212976814,0.36909071709916974,0.8033062559504076,0.49200791515102016,0.0005524917596427516,0.006084120185117834,0.007739792869471648,0.11820792770736821,7,0.4,0.8,0.5,False,0.11820792770736821,0.11820792770736821,-1,nan,nan,nan,17059.315970897675
0,0,136,0.47203869697298534,0.8849300445411687,0.30602549927506484,131.18610327292322,0.47352576768758037,0.8899455471039914,0.30383133546648033,0.0031503152689198568,0.005667682540288472,0.007169872490306189,0.046983740556411746,11,0.5,0.75,0.3,True,0.8820996960517546,0.046983740556411746,8,0.4781990681847774,0.9,0.3,17059.315970897675
0,0,137,0.5205993036140247,0.5741544837143774,0.3446202989987841,128.1392743114608,0.48990820829297493,0.5579485069987493,0.38085043482200653,0.05895339296074885,0.028225812347204445,0.10513059134496967,0.4055240171421408,9,0.5,0.55,0.4,False,0.4055240171421408,0.4055240171421408,-1,nan,nan,nan,17059.315970897675
0,0,138,0.468911062561877,0.7287271074651644,0.40954035912847325,96.9711768421476,0.4893312577230049,0.7483130079221437,0.37749423835835744,0.04354811987067013,0.026876865504712334,0.07824899318424174,0.2957590486239471,11,0.5,0.75,0.3,False,0.2957590486239471,0.2957590486239471,-1,nan,nan,nan,17059.315970897675
0,0,139,0.47247746927309076,0.6463490360226006,0.31479237475828103,153.65426996329046,0.47247475886054774,0.6634681067080657,0.3182193988819947,5.736596386673447e-06,0.02648579905187085,0.010886617334187821,0.24658819845497265,11,0.5,0.75,0.3,False,0.24658819845497265,0.24658819845497265,-1,nan,nan,nan,17059.315970897675
0,0,140,0.4918374802856025,0.660636066726161,0.44054786111641103,147.50742416578717,0.4910815598527003,0.6745210104966848,0.4461080209743905,0.001536931330372033,0.02101753820273812,0.012621012036897052,0.21378401553993914,10,0.5,0.65,0.5,False,0.21378401553993914,0.21378401553993914,-1,nan,nan,nan,17059.315970897675
0,0,141,0.4518179884463027,0.7271689391287264,0.4524626845062387,138.5196489150025,0.44031437077969554,0.7037125700819171,0.46288767264974795,0.025460734102609444,0.03225711080964765,0.02304054787387773,0.21467405666603573,4,0.4,0.55,0.5,True,1.0090013541613956,0.21467405666603573,6,0.4299684616277535,0.7011826164448541,0.4528394554769932,17059.315970897675
0,0,142,0.4150726070751898,0.7357229230548398,0.44926447201826236,97.72274494619981,0.41269009595654604,0.7261520659850144,0.45309181598505444,0.005739986397638014,0.013008779215530862,0.00851913339507624,0.07774950446692482,6,0.4,0.7,0.4,True,0.6581954508214004,0.07774950446692482,5,0.4077483607919954,0.716966187331241,0.4434677456613135,17059.315970897675
0,0,143,0.4529908450115724,0.7938002857279892,0.37975176902558827,125.4489081451327,0.43857612541459673,0.74929031726558,0.40271331306711444,0.031821216158590154,0.0560719985400224,0.06046461376715532,0.3990078024221243,6,0.4,0.7,0.4,False,0.3990078024221243,0.3990078024221243,-1,nan,nan,nan,17059.315970897675
0,0,144,0.36476005245812465,0.7633189342007519,0.49425685284013465,112.41956779529258,0.36700747059125965,0.7841228690081472,0.49242735084058276,0.006161360373729558,0.027254577182968028,0.0037015207559370792,0.20106772806425238,7,0.4,0.8,0.5,False,0.20106772806425238,0.20106772806425238,-1,nan,nan,nan,17059.315970897675
0,0,145,0.4141572965390155,0.8490229345084527,0.41028017545950085,120.09154625703935,0.4123227815865936,0.8595246725139734,0.42242867447010835,0.004429512573489355,0.01236920415065198,0.029610251085131177,0.25640175089796097,7,0.4,0.8,0.5,False,0.25640175089796097,0.25640175089796097,-1,nan,nan,nan,17059.315970897675
0,0,146,0.45750934736395443,0.5434411821481121,0.3307592835771826,148.20771152192185,0.4661215051207568,0.5675089578184761,0.3312404715353399,0.01882400393876821,0.04428772875700916,0.0014547980421085905,0.32008334998787996,11,0.5,0.75,0.3,True,1.3305005488754087,0.32008334998787996,2,0.47612977747630786,0.562546593325092,0.3398924619330433,17059.315970897675
0,0,147,0.34988860710476655,0.5429607277814285,0.4852791074604678,140.79906606810783,0.36333865037108704,0.5990279958355679,0.4668039378782882,0.03844092946499731,0.10326210568346958,0.03807122395782232,0.4989435492403476,6,0.4,0.7,0.4,False,0.4989435492403476,0.4989435492403476,-1,nan,nan,nan,17059.315970897675
0,0,148,0.5227378837032426,0.8022002279558832,0.48456167517775184,115.27584029322375,0.5228042122869023,0.8022208357011643,0.4845367211660131,0.00012688688868280046,2.5689029450455022e-05,5.1498112659422936e-05,0.00742878438708999,12,0.5,0.85,0.5,False,0.00742878438708999,0.00742878438708999,-1,nan,nan,nan,17059.315970897675
0,0,149,0.475727483075913,0.590864975252193,0.4647780223334252,139.51950176054,0.47570872093460914,0.5908625504564199,0.4647571792945023,3.943884255446532e-05,4.10380691802637e-06,4.484514740664858e-05,0.007658230282781883,10,0.5,0.65,0.5,False,0.007658230282781883,0.007658230282781883,-1,nan,nan,nan,17059.315970897675
0,0,150,0.4626688506406471,0.8221150745243004,0.3688813515585714,96.55238598065118,0.44255030713622523,0.8014675394696632,0.40175060857427125,0.043483678394523835,0.02511513983195661,0.08910522821721134,0.3534064003553872,6,0.4,0.7,0.4,True,0.8770539585632439,0.3534064003553872,6,0.4322922754394412,0.8069798743567472,0.3985942299805004,17059.315970897675
0,0,151,0.4371070212341172,0.584417126486877,0.44375427537509426,115.33478150473998,0.4371090667980113,0.5843895972628278,0.4437497576118893,4.679778165833981e-06,4.7105436855926735e-05,1.018077673992464e-05,0.009271275871749871,4,0.4,0.55,0.5,False,0.009271275871749871,0.009271275871749871,-1,nan,nan,nan,17059.315970897675
0,0,152,0.4129290415534718,0.8789579500235122,0.4562932055544062,146.4868778289985,0.4128950460896807,0.8789713003567758,0.4562576560931162,8.232761653971314e-05,1.5188819059324568e-05,7.790924970455436e-05,0.014032048380433725,7,0.4,0.8,0.5,False,0.014032048380433725,0.014032048380433725,-1,nan,nan,nan,17059.315970897675
0,0,153,0.43362913503979555,0.8667755837179921,0.303665163875022,149.32399411824133,0.4338371062418753,0.8749833637592558,0.3053506808849518,0.0004796061548324806,0.009469325388766468,0.005550577446623099,0.1202077233140564,8,0.4,0.9,0.3,False,0.1202077233140564,0.1202077233140564,-1,nan,nan,nan,17059.315970897675
0,0,154,0.39873903998683174,0.614767745398754,0.4068788454506722,152.7931424157973,0.3984616715585851,0.6386879814649713,0.42387324156100403,0.000695613923973485,0.038909386911152956,0.041767706284921935,0.3946199458531614,6,0.4,0.7,0.4,False,0.3946199458531614,0.3946199458531614,-1,nan,nan,nan,17059.315970897675
0,0,155,0.3863406435796582,0.8550605192864855,0.3934663225010171,154.2054852992957,0.36345093124764355,0.8048249350523531,0.41778911200582264,0.05924748719143006,0.05875091072623966,0.06181669971193702,0.49333276763787515,8,0.4,0.9,0.3,True,0.6707011894590496,0.49333276763787515,9,0.35302898903963775,0.7955977686514287,0.40844901593571015,17059.315970897675
0,0,156,0.477751893497228,0.8105906159206753,0.37230549658614875,130.48674938834367,0.47777318625919407,0.8106174895300209,0.3723295765726778,4.45686605450899e-05,3.315312170877907e-05,6.467803121317437e-05,0.010540924394080595,11,0.5,0.75,0.3,False,0.010540924394080595,0.010540924394080595,-1,nan,nan,nan,17059.315970897675
0,0,157,0.3689438726529242,0.816549220754605,0.3517053225115283,135.78810623018828,0.345870954285082,0.7864804205126307,0.37119490112467274,0.06253774646515822,0.03682423481365469,0.05541451142669471,0.4895967445892022,8,0.4,0.9,0.3,True,0.7644441744415137,0.4895967445892022,9,0.33548669462643504,0.7837942132107665,0.3736505663364994,17059.315970897675
0,0,158,0.3323978867142206,0.620138776428306,0.37162408748582054,104.50346664037957,0.33240835601180124,0.6201592270959793,0.3715641135086918,3.1496282013491666e-05,3.297756639424565e-05,0.00016138344942736273,0.01608469616395847,1,0.3,0.65,0.4,False,0.01608469616395847,0.01608469616395847,-1,nan,nan,nan,17059.315970897675
0,0,159,0.37142231961852773,0.6041401535879021,0.3079527394225318,115.17931239587972,0.37253171933811186,0.6406201798667206,0.3050704641608042,0.0029868956736998015,0.060383382998413296,0.009359472713678168,0.39324493941704247,5,0.4,0.65,0.3,False,0.39324493941704247,0.39324493941704247,-1,nan,nan,nan,17059.315970897675
0,0,160,0.436119453003546,0.6854141716490159,0.31881476509230494,115.50497190224972,0.4345046781629031,0.6559415368103139,0.31716608871460883,0.003702597601464351,0.04299974534783069,0.005171267325773882,0.34739836913233674,5,0.4,0.65,0.3,False,0.34739836913233674,0.34739836913233674,-1,nan,nan,nan,17059.315970897675
0,0,161,0.44763840709832337,0.5401875261298622,0.47492647558910756,147.1280957204339,0.44762490857400583,0.5403392858445869,0.4749966030737374,3.0154973531057116e-05,0.0002809389469097331,0.00014765966572589947,0.009989090028950862,9,0.5,0.55,0.4,False,0.009989090028950862,0.009989090028950862,-1,nan,nan,nan,17059.315970897675
0,0,162,0.3258481895313281,0.8173594418173958,0.33695903229736973,137.22649468116214,0.3226795912531208,0.8074201737867801,0.3554272427530535,0.009724154928602645,0.012160216817849201,0.054808474281779665,0.2082268199209849,1,0.3,0.65,0.4,True,0.6915731448223026,0.2082268199209849,6,0.31237291242906773,0.8164566539184137,0.3653842211328259,17059.315970897675
0,0,163,0.3492050537766556,0.7780250133740595,0.4917267662128841,155.3115617343717,0.34919878761077333,0.7780744286667889,0.4917277989711051,1.794408704718407e-05,6.351375840102387e-05,2.100268466066774e-06,0.015343825663410476,2,0.3,0.75,0.5,False,0.015343825663410476,0.015343825663410476,-1,nan,nan,nan,17059.315970897675
0,0,164,0.4564553013355652,0.590573797624394,0.378982129455134,111.12470079030633,0.4319501272975057,0.5468402688659935,0.41818445533514403,0.053685813192132094,0.07405260601523526,0.10344109347945135,0.39407826343822494,4,0.4,0.55,0.5,True,0.5264143232501097,0.39407826343822494,4,0.43538597664486506,0.5365249414402494,0.4224479410712384,17059.315970897675
0,0,165,0.5181463057040501,0.638767497542407,0.41221539894526593,119.21033094996486,0.5030529593830615,0.5990812370231965,0.4191581501995205,0.029129506772184635,0.062129429991193016,0.01684253250125779,0.4032899880037441,9,0.5,0.55,0.4,False,0.4032899880037441,0.4032899880037441,-1,nan,nan,nan,17059.315970897675
0,0,166,0.3457715132189599,0.6690832367122602,0.4538830107657429,119.59995984152316,0.3457860918942499,0.6690429565734268,0.4537870999646556,4.2162742541492934e-05,6.0201984780430815e-05,0.00021131172309241979,0.017943837214271324,6,0.4,0.7,0.4,False,0.017943837214271324,0.017943837214271324,-1,nan,nan,nan,17059.315970897675
0,0,167,0.45983537791147727,0.7390581261561695,0.3153044358233046,139.367803627917,0.4598932157463031,0.7390177980674705,0.31526808636639436,0.00012577943673781216,5.456687000895625e-05,0.00011528368389524674,0.011667392480754622,11,0.5,0.75,0.3,False,0.011667392480754622,0.011667392480754622,-1,nan,nan,nan,17059.315970897675
0,0,168,0.4587089472624333,0.8171861244767437,0.32978629099698226,154.6561950421251,0.44475914967917324,0.792928893692712,0.35049576363150536,0.030410999537968855,0.02968385054208293,0.06279664497852827,0.28343221414438996,6,0.4,0.7,0.4,True,0.5753656264161879,0.28343221414438996,5,0.43999424194663717,0.7961791411319341,0.35179383748360893,17059.315970897675
0,0,169,0.4995748985409386,0.8530897973579021,0.4923890160487622,132.57306301559112,0.49954455798773173,0.8530851683781736,0.49235315981719296,6.073274156788016e-05,5.426134203999892e-06,7.282094116749778e-05,0.00867991166515218,12,0.5,0.85,0.5,False,0.00867991166515218,0.00867991166515218,-1,nan,nan,nan,17059.315970897675
0,0,170,0.49481078128035716,0.589645447365033,0.4115489094731384,116.75499635401695,0.49475646634958137,0.5896390360754522,0.41152824247094594,0.00010976909321831242,1.087312657027722e-05,5.021760893231474e-05,0.008286941100372999,9,0.5,0.55,0.4,False,0.008286941100372999,0.008286941100372999,-1,nan,nan,nan,17059.315970897675
0,0,171,0.36185275431153313,0.6694675333441654,0.38563289981872173,131.9589442811863,0.36165032374500744,0.6798463403045489,0.39267908805168195,0.0005594280107411053,0.015503077361404903,0.018271750766784906,0.20307449007189687,6,0.4,0.7,0.4,False,0.20307449007189687,0.20307449007189687,-1,nan,nan,nan,17059.315970897675
0,0,172,0.47187741867830346,0.5379278280918326,0.3508081827585279,131.50911591024564,0.47186888258252885,0.5379131075294336,0.3508492702369345,1.8089646668244725e-05,2.7365311163130272e-05,0.00011712234898159324,0.008506687529574513,9,0.5,0.55,0.4,False,0.008506687529574513,0.008506687529574513,-1,nan,nan,nan,17059.315970897675
0,0,173,0.3341684425789872,0.8867061067276567,0.46646922490014076,96.0485848542078,0.3326345864037702,0.8779637928815683,0.47432202394960776,0.004590068898724484,0.009859313903172977,0.016834549055509702,0.08644734061946449,2,0.3,0.75,0.5,True,0.7081207087745034,0.08644734061946449,6,0.3242400027895205,0.8840569986626511,0.48247757405546826,17059.315970897675
0,0,174,0.4362509005743218,0.7488157486510117,0.30138531590285367,104.94274211957716,0.4285536282582812,0.7020651070015649,0.30471295344730503,0.017644140804998227,0.062432770322563245,0.011041140257556455,0.4469815245417549,5,0.4,0.65,0.3,False,0.4469815245417549,0.4469815245417549,-1,nan,nan,nan,17059.315970897675
0,0,175,0.35129858705406947,0.6964950578845217,0.4134007232454585,121.99432648982197,0.35024552452822044,0.6849047969152131,0.4127679752931414,0.00299762812791201,0.01664083734421882,0.001530592272189631,0.1442661718119463,6,0.4,0.7,0.4,False,0.1442661718119463,0.1442661718119463,-1,nan,nan,nan,17059.315970897675
0,0,176,0.5105726685028434,0.8217980934385509,0.38023321089998835,106.44759727886442,0.5106512012685075,0.8218213373870535,0.3802131332834887,0.00015381310146180466,2.8284257031260624e-05,5.280342674989879e-05,0.00928450390054194,11,0.5,0.75,0.3,False,0.00928450390054194,0.00928450390054194,-1,nan,nan,nan,17059.315970897675
0,0,177,0.392106688626741,0.8385224378642653,0.3697631109165849,155.69160137758738,0.4142018044047084,0.8881014289140622,0.32046393937490997,0.05634975484695306,0.05912661225390183,0.13332636514083307,0.5406253364823989,8,0.4,0.9,0.3,True,0.5412829125627795,0.5406253364823989,0,0.4140629836486014,0.8881622504466423,0.32055163916462437,17059.315970897675
0,0,178,0.43587722513609556,0.6165802778960571,0.4317394610102362,135.01415693097707,0.43596007777373363,0.6165414138700204,0.4317532566144753,0.0001900825114508018,6.303157501131073e-05,3.195354023652529e-05,0.01133577999751415,4,0.4,0.55,0.5,False,0.01133577999751415,0.01133577999751415,-1,nan,nan,nan,17059.315970897675
0,0,179,0.4250821979481093,0.6315780049389986,0.4259836393669003,123.69942647956904,0.4229993074329539,0.6204801298657168,0.42581255223362735,0.004899971170775035,0.017571661752777086,0.000401628413540091,0.14582010751709593,4,0.4,0.55,0.5,False,0.14582010751709593,0.14582010751709593,-1,nan,nan,nan,17059.315970897675
0,0,180,0.4007535173049078,0.7871822111473167,0.3561646656072007,98.92030737488227,0.3992494591463709,0.781992327509486,0.36038422507793616,0.003753075378232037,0.006592988972993225,0.011847215286058196,0.055730955516717764,6,0.4,0.7,0.4,True,0.5295751697489353,0.055730955516717764,5,0.39209990787660776,0.778745202707709,0.36624057095874263,17059.315970897675
0,0,181,0.5211217483707934,0.732693994605623,0.42886419243024926,129.8044664689131,0.5019064060817225,0.7065545355766969,0.4506533420710283,0.036873038496559866,0.03567581994853914,0.05080664234826005,0.24063217892764405,10,0.5,0.65,0.5,False,0.24063217892764405,0.24063217892764405,-1,nan,nan,nan,17059.315970897675
0,0,182,0.41680116461301653,0.5759527063959892,0.36271922424464365,139.763036417812,0.42050125069894434,0.6073902395719601,0.36309387128373455,0.008877341044291937,0.05458353234016491,0.0010328844297434157,0.366616915726563,5,0.4,0.65,0.3,False,0.366616915726563,0.366616915726563,-1,nan,nan,nan,17059.315970897675
0,0,183,0.5079590859731979,0.8479536905376176,0.4896641763739884,95.33774508572773,0.5079784162192732,0.8479184643716033,0.48968126717056654,3.805473040849455e-05,4.1542558759220916e-05,3.490309767950191e-05,0.007770048783408933,12,0.5,0.85,0.5,False,0.007770048783408933,0.007770048783408933,-1,nan,nan,nan,17059.315970897675
0,0,184,0.4722261414770145,0.7712730271818132,0.4250375280978044,133.6015117445666,0.49690267167191565,0.8062254055767076,0.39055923284453387,0.05225574788748168,0.045317776148102,0.08111823774143724,0.33581972777110464,11,0.5,0.75,0.3,False,0.33581972777110464,0.33581972777110464,-1,nan,nan,nan,17059.315970897675
0,0,185,0.343143158113224,0.7547889694108372,0.45741836213721937,94.21256495778499,0.3430683611986485,0.7794085021784373,0.4634496824252028,0.00021797582964144203,0.03261776968841671,0.013185566621774808,0.27899363375022934,2,0.3,0.75,0.5,False,0.27899363375022934,0.27899363375022934,-1,nan,nan,nan,17059.315970897675
0,0,186,0.5108402475422331,0.5788740679816368,0.37514121454457094,128.1686591803067,0.49600628349998516,0.5663140459709244,0.39168250183069264,0.02903836201947181,0.021697330568815208,0.04409349504879957,0.18098614787739653,9,0.5,0.55,0.4,False,0.18098614787739653,0.18098614787739653,-1,nan,nan,nan,17059.315970897675
0,0,187,0.4448418986464043,0.7275471561393084,0.3775439753224574,148.7697635730587,0.4448942716468695,0.7276132790259358,0.37760804293554484,0.00011773396486391593,9.088467471745281e-05,0.0001696957633417286,0.012986722970568807,6,0.4,0.7,0.4,False,0.012986722970568807,0.012986722970568807,-1,nan,nan,nan,17059.315970897675
0,0,188,0.40018736873311217,0.842598058674631,0.3659766744789452,132.85747021053461,0.4188663607379227,0.8833836036868615,0.32696941482335223,0.046675616134370546,0.04840450864126647,0.10658400487170143,0.4431908065761012,8,0.4,0.9,0.3,False,0.4431908065761012,0.4431908065761012,-1,nan,nan,nan,17059.315970897675
0,0,189,0.49581156042916846,0.575038808297186,0.3341795994969794,139.2664689212783,0.4791859374674492,0.5615664555603976,0.35314779810764574,0.03353214061271248,0.023428597413595296,0.05676049237960079,0.21532541981575018,9,0.5,0.55,0.4,False,0.21532541981575018,0.21532541981575018,-1,nan,nan,nan,17059.315970897675
0,0,190,0.40519992589887405,0.8611836174099298,0.35477399757965644,97.50303775765792,0.41790021359504625,0.8833297233746089,0.3260377442196729,0.03134326263263391,0.025715893239220123,0.08099875852240682,0.3467128360868734,8,0.4,0.9,0.3,False,0.3467128360868734,0.3467128360868734,-1,nan,nan,nan,17059.315970897675
0,0,191,0.3820246697040666,0.7874557665445874,0.45619311635363663,127.41873975497455,0.3857705732525458,0.8173344565970432,0.4539531608105839,0.009805396995385,0.03794332497375141,0.004910103775692084,0.26166919994639454,7,0.4,0.8,0.5,False,0.26166919994639454,0.26166919994639454,-1,nan,nan,nan,17059.315970897675
0,0,192,0.38226140316082613,0.857804153933148,0.4856151023039315,121.03256098163506,0.38187870483424097,0.826433601267833,0.47501248364026927,0.0010011429964435947,0.03657076329308589,0.021833379179023952,0.424787825531734,7,0.4,0.8,0.5,False,0.424787825531734,0.424787825531734,-1,nan,nan,nan,17059.315970897675
0,0,193,0.4029451391096638,0.7502020551689071,0.44272261308145117,132.50736541039913,0.40289395306315134,0.7502108383335828,0.4426802657381845,0.00012702981508981757,1.1707732090518832e-05,9.565209007948281e-05,0.014434773800902873,6,0.4,0.7,0.4,False,0.014434773800902873,0.014434773800902873,-1,nan,nan,nan,17059.315970897675
0,0,194,0.4078549967101047,0.689373821043052,0.4291990226881763,151.1164868042078,0.40669179559558066,0.6794422844551112,0.4289235483359757,0.002851996724097608,0.014406605363856045,0.0006418335961606761,0.12460932210035036,6,0.4,0.7,0.4,False,0.12460932210035036,0.12460932210035036,-1,nan,nan,nan,17059.315970897675
0,0,195,0.32661888944851547,0.5643235058916863,0.4523086216554312,122.48108459124721,0.33011354515348446,0.6040454837418536,0.4495885491244532,0.010699490500594098,0.07038866436620016,0.0060137534434401155,0.36649718956508953,1,0.3,0.65,0.4,False,0.36649718956508953,0.36649718956508953,-1,nan,nan,nan,17059.315970897675
0,0,196,0.4804793332369278,0.7239845264732708,0.392372402947115,153.38592320084285,0.48245741505090395,0.7270417244833944,0.3901714147778797,0.004116892605244943,0.004222739434799892,0.005609436730778342,0.032501564200296575,11,0.5,0.75,0.3,False,0.032501564200296575,0.032501564200296575,-1,nan,nan,nan,17059.315970897675
0,0,197,0.3942276654082302,0.7621901658350638,0.40869516985914917,100.68817277022946,0.39424849251870053,0.7621705182537895,0.4086096792121396,5.2830159569824355e-05,2.577779425013624e-05,0.000209179489542393,0.014343717357275652,6,0.4,0.7,0.4,False,0.014343717357275652,0.014343717357275652,-1,nan,nan,nan,17059.315970897675
0,0,198,0.351863886347984,0.822602268239995,0.40454023865916744,136.18093414900184,0.34015211028892056,0.7791666161676148,0.44841272430177864,0.03328496192269301,0.052802738029538,0.10845023918516689,0.4165856904909224,2,0.3,0.75,0.5,False,0.4165856904909224,0.4165856904909224,-1,nan,nan,nan,17059.315970897675
0,0,199,0.4122805753258381,0.8341780072372753,0.4704032180392158,120.65749724948208,0.4122994595606961,0.8341871164691951,0.4704082689790376,4.580432838253028e-05,1.0920009687065825e-05,1.0737468682370531e-05,0.013138808811429696,7,0.4,0.8,0.5,False,0.013138808811429696,0.013138808811429696,-1,nan,nan,nan,17059.315970897675
0,0,200,0.37559602811496356,0.6962070819800444,0.3243439385152884,126.41302198243329,0.37565558936021887,0.6962364900027762,0.3244024695998189,0.00015857794224882256,4.224033838916391e-05,0.0001804599302777091,0.015183062605652421,5,0.4,0.65,0.3,False,0.015183062605652421,0.015183062605652421,-1,nan,nan,nan,17059.315970897675
0,0,201,0.40283453425135723,0.557932039257656,0.31979333516370634,155.3930227479217,0.39831762361557366,0.5423881975052378,0.327359561701115,0.011212818792157363,0.027859740360312874,0.0236597380415556,0.15146765285867328,5,0.4,0.65,0.3,True,0.770725893718449,0.15146765285867328,3,0.4072135713781413,0.5322061114041837,0.32497348016651584,17059.315970897675
0,0,202,0.46294832317745077,0.6917844033934071,0.4280353617179524,110.65555352840609,0.44707815705637083,0.6606839499973614,0.45160109361205153,0.034280642841850874,0.04495685829788704,0.055055572510449256,0.22457906321423404,4,0.4,0.55,0.5,True,0.6833139928324274,0.22457906321423404,5,0.4370463684844281,0.6550168757305045,0.44905323430206484,17059.315970897675
0,0,203,0.380195407033194,0.5585364339808313,0.3105171142244987,144.2171955221543,0.3793040500379319,0.5523302442741612,0.3119596115149444,0.00234447070841201,0.011111521700450213,0.004645467912608542,0.07426144769655303,5,0.4,0.65,0.3,True,0.8090649557229949,0.07426144769655303,3,0.38344431319952266,0.5419915166020712,0.30596870347172794,17059.315970897675
0,0,204,0.4881074258516231,0.5342649224230933,0.3660110688194995,99.31792853818516,0.4881354514407963,0.5342253381627645,0.36605874315623455,5.741684655647227e-05,7.409107105378713e-05,0.00013025381141830217,0.008351823476417039,9,0.5,0.55,0.4,False,0.008351823476417039,0.008351823476417039,-1,nan,nan,nan,17059.315970897675
0,0,205,0.41523679754357257,0.7517797582574175,0.41020961259055116,102.12886702988993,0.4151902411761563,0.7518567555945141,0.41024362956789945,0.00011212004256764868,0.00010242007216997553,8.292584158001521e-05,0.01408105938265546,6,0.4,0.7,0.4,False,0.01408105938265546,0.01408105938265546,-1,nan,nan,nan,17059.315970897675
0,0,206,0.4647154385194551,0.750104139124408,0.39348507152912565,112.3204462714954,0.47237691054753067,0.761851925533806,0.38222207852799556,0.016486372934982233,0.01566154057370103,0.028623685664518055,0.12956530085123247,11,0.5,0.75,0.3,False,0.12956530085123247,0.12956530085123247,-1,nan,nan,nan,17059.315970897675
0,0,207,0.5102811095276987,0.5621210927931878,0.32895265474268326,117.41067204855487,0.48159730253070504,0.5408784970081126,0.35962372404007764,0.05621177515966156,0.03779007060475241,0.09323855228159268,0.33378915480864424,9,0.5,0.55,0.4,False,0.33378915480864424,0.33378915480864424,-1,nan,nan,nan,17059.315970897675
0,0,208,0.3711962311778744,0.751254418978222,0.4389108776968237,137.7433940812374,0.37124743078041933,0.7512586274474354,0.4388473960506627,0.00013793136418017716,5.601922740335208e-06,0.00014463447908629802,0.01588642805169848,6,0.4,0.7,0.4,False,0.01588642805169848,0.01588642805169848,-1,nan,nan,nan,17059.315970897675
0,0,209,0.479789959354231,0.5947088849825881,0.4492627870296749,109.12805560501135,0.47979401924957366,0.5947149680670814,0.44927371700598223,8.461818059090789e-06,1.0228675990630108e-05,2.4328692744773632e-05,0.0071755620079764215,9,0.5,0.55,0.4,False,0.0071755620079764215,0.0071755620079764215,-1,nan,nan,nan,17059.315970897675
0,0,210,0.48131581124048634,0.7475756954976936,0.44196023808168505,99.31861705763806,0.47069736651832594,0.7445679489374557,0.4666473276566172,0.022061283826919523,0.004023333795296217,0.05585816878478868,0.33206147404517194,12,0.5,0.85,0.5,True,0.9883366065755173,0.33206147404517194,3,0.48044868056112827,0.7504140569509486,0.47692682345966886,17059.315970897675
0,0,211,0.44958074174939383,0.8806877992896807,0.38468103447195123,100.7751927092089,0.44082179277626204,0.8858382295909799,0.40981507071014917,0.01948248258822042,0.00584819081796447,0.06533734181280663,0.41752005597005887,7,0.4,0.8,0.5,False,0.41752005597005887,0.41752005597005887,-1,nan,nan,nan,17059.315970897675
0,0,212,0.5186942199721928,0.7724736756472058,0.33943854718898914,135.7537035329242,0.518704933902904,0.7724951681394505,0.3394206243102293,2.0655581455572616e-05,2.7822944551080162e-05,5.2801542159168205e-05,0.00881263615453282,11,0.5,0.75,0.3,False,0.00881263615453282,0.00881263615453282,-1,nan,nan,nan,17059.315970897675
0,0,213,0.5259684834524211,0.6068673432723058,0.4707719597025067,137.43192407670938,0.5129236981899161,0.5925841321650982,0.48614805892461954,0.024801458020602088,0.023535969212300598,0.032661459343987745,0.204603108918395,10,0.5,0.65,0.5,True,0.6835471659531538,0.204603108918395,4,0.5147812277422326,0.5862895469041932,0.49155005389717066,17059.315970897675
0,0,214,0.36327343081870167,0.5980939649506177,0.4908314064361027,115.02734547525031,0.36328934871160506,0.5981223414306609,0.4909195846125083,4.381793864616103e-05,4.744485265874809e-05,0.00017965064021852858,0.014910583081138106,6,0.4,0.7,0.4,False,0.014910583081138106,0.014910583081138106,-1,nan,nan,nan,17059.315970897675
0,0,215,0.4096342392931047,0.7654110098692632,0.3880603807403089,93.76653149877824,0.4088836971207929,0.757126912303429,0.38757448080264767,0.001832225190958129,0.010823070819492435,0.0012521245707543742,0.10469009044117884,6,0.4,0.7,0.4,False,0.10469009044117884,0.10469009044117884,-1,nan,nan,nan,17059.315970897675
0,0,216,0.37141398864982417,0.700143600622882,0.4522536888089502,131.6491462915684,0.3736920061896321,0.7111611073617665,0.44692572534263564,0.006133364949686098,0.01573606718547861,0.011780917653422018,0.10312161139169398,6,0.4,0.7,0.4,False,0.10312161139169398,0.10312161139169398,-1,nan,nan,nan,17059.315970897675
0,0,217,0.40727115117698975,0.6003151045190644,0.45693110959215133,105.44521759016101,0.40658122682376113,0.5961460701869892,0.4567159743963,0.001694017244370932,0.00694474335343477,0.00047082632662796473,0.06554782447369939,4,0.4,0.55,0.5,False,0.06554782447369939,0.06554782447369939,-1,nan,nan,nan,17059.315970897675
0,0,218,0.46921738254412276,0.7090799111280974,0.41044154798987587,117.74934763501223,0.49073359042336806,0.7255457443949889,0.37614790858152686,0.04585552172552351,0.023221407077652825,0.08355304080763995,0.33040806653683175,11,0.5,0.75,0.3,False,0.33040806653683175,0.33040806653683175,-1,nan,nan,nan,17059.315970897675
0,0,219,0.3593310940022716,0.5927620416930478,0.428297614188786,111.00850192146963,0.36171749289159577,0.6256582323383127,0.4256651469935091,0.0066412256805949985,0.05549645276088664,0.0061463503602813266,0.37040628171236817,6,0.4,0.7,0.4,False,0.37040628171236817,0.37040628171236817,-1,nan,nan,nan,17059.315970897675
0,0,220,0.393799199156168,0.6032498596781544,0.3177116746522558,134.5744804750575,0.3954363374721703,0.6345256399331208,0.3190742148316392,0.0041572921415541685,0.05184548285125621,0.004288605953415964,0.3700064776002632,5,0.4,0.65,0.3,False,0.3700064776002632,0.3700064776002632,-1,nan,nan,nan,17059.315970897675
0,0,221,0.41342011644097276,0.8831248447024715,0.47031361397022614,146.0600827023153,0.4133490010774238,0.883107789403236,0.47019543135800135,0.00017201718233063505,1.9312444144083403e-05,0.00025128469326485373,0.015245535604431556,7,0.4,0.8,0.5,False,0.015245535604431556,0.015245535604431556,-1,nan,nan,nan,17059.315970897675
0,0,222,0.3273535799372797,0.7296475301533468,0.4214929052705335,96.88383094206768,0.32657416831954184,0.7219084004889847,0.4232173129636523,0.00238094728607276,0.010606668760648827,0.0040911903179294655,0.0875421153139608,1,0.3,0.65,0.4,False,0.0875421153139608,0.0875421153139608,-1,nan,nan,nan,17059.315970897675
0,0,223,0.4172161980212253,0.6494951523032994,0.34329713635737696,143.56354579604024,0.4161036224269037,0.6358165940650269,0.34247524591773515,0.0026666644286543156,0.02106029304416562,0.002394108055670513,0.17401159343373485,5,0.4,0.65,0.3,False,0.17401159343373485,0.17401159343373485,-1,nan,nan,nan,17059.315970897675
0,0,224,0.4053096657350554,0.5691300035285437,0.3738141237100454,150.92777666859445,0.4104906023263273,0.6020185306587541,0.3701959896517881,0.01278266231789939,0.05778737182419681,0.009678965637648682,0.35383353705324877,5,0.4,0.65,0.3,False,0.35383353705324877,0.35383353705324877,-1,nan,nan,nan,17059.315970897675
0,0,225,0.39870499965023576,0.5990042299141679,0.313347231009368,125.7607223996661,0.4005503580510859,0.6375201694185255,0.3159581007681693,0.004628380387677586,0.06429994577814017,0.00833219349151759,0.43650223810680117,5,0.4,0.65,0.3,False,0.43650223810680117,0.43650223810680117,-1,nan,nan,nan,17059.315970897675
0,0,226,0.45735431281611716,0.6790474024155938,0.46966388076479826,126.53056644667396,0.4450325762143041,0.670543679599202,0.48602181095946984,0.02694133685094847,0.01252301796036809,0.0348290146732902,0.22084818105984994,4,0.4,0.55,0.5,True,0.8443619955306849,0.22084818105984994,6,0.4346417074808889,0.6809332910684469,0.48024111716896717,17059.315970897675
0,0,227,0.4847586389932185,0.7331291032446187,0.41815978045935265,119.53103603420521,0.4533378228425995,0.6934037325351882,0.462977707980873,0.06481744444178661,0.05418605063367069,0.10717895315586647,0.40751325103042746,4,0.4,0.55,0.5,True,0.9863233327392429,0.40751325103042746,6,0.4430913654719561,0.7025079927335449,0.4532267750612882,17059.315970897675
0,0,228,0.3396509535494687,0.7826295520922749,0.4716786854920571,139.06425999313416,0.3396790061878439,0.7826669734684161,0.4717200827322394,8.259255003416597e-05,4.7814928584173353e-05,8.776576397369172e-05,0.015669620975559472,2,0.3,0.75,0.5,False,0.015669620975559472,0.015669620975559472,-1,nan,nan,nan,17059.315970897675
0,0,229,0.4050284208564967,0.5634231569250232,0.33715782487380586,128.20403811943592,0.40601092882394385,0.5699451068381468,0.33605509443178083,0.0024257753699591625,0.011575580153145007,0.003270665429277113,0.07787303374432279,5,0.4,0.65,0.3,True,0.6316511600576498,0.07787303374432279,4,0.4109158761614353,0.574430638307205,0.33594836054170546,17059.315970897675
0,0,230,0.4629198800187038,0.7602176684117717,0.32572884486352727,100.85675313320807,0.4629735038897626,0.7602353779567645,0.325641200378199,0.00011583834130566327,2.3295360958663163e-05,0.00026907191889928074,0.011564187063419681,11,0.5,0.75,0.3,False,0.011564187063419681,0.011564187063419681,-1,nan,nan,nan,17059.315970897675
0,0,231,0.4543559050015979,0.835477272617632,0.3403558268880813,107.3761648178585,0.46942357627902376,0.8457727601928013,0.3163153370392699,0.03316270595706877,0.012322881678052741,0.07063340172141847,0.29633844292132683,6,0.4,0.7,0.4,True,0.9002327306613183,0.29633844292132683,10,0.47972186105923637,0.8358876120169557,0.3062608075357421,17059.315970897675
0,0,232,0.46769935817987596,0.6995983830875926,0.3830443861281423,115.57173779485122,0.47922130459401074,0.7144580891162952,0.36712885296320175,0.024635369308553715,0.021240337868022305,0.04155010161045988,0.1661238763777641,11,0.5,0.75,0.3,False,0.1661238763777641,0.1661238763777641,-1,nan,nan,nan,17059.315970897675
0,0,233,0.329973141913319,0.6939064888986032,0.36029065591993553,118.0672970806626,0.32465429784298855,0.6754380852592301,0.38209195217752984,0.016119021201209355,0.026615118801795446,0.06051030161170494,0.2604292492449214,1,0.3,0.65,0.4,False,0.2604292492449214,0.2604292492449214,-1,nan,nan,nan,17059.315970897675
0,0,234,0.4305028398793406,0.7751743406856373,0.42495047543564585,140.16902836803575,0.4305472231086862,0.7751870587470578,0.42492620606153775,0.00010309625218272378,1.6406711049425253e-05,5.7111064726351567e-05,0.012075515041929897,6,0.4,0.7,0.4,False,0.012075515041929897,0.012075515041929897,-1,nan,nan,nan,17059.315970897675
0,0,235,0.3203438620693156,0.764761288154904,0.40841250975109306,146.95881331788678,0.3192779822306421,0.7304235387182492,0.40153186086164505,0.0033272990835169418,0.04489995763187691,0.016847301992883163,0.3749917186953736,1,0.3,0.65,0.4,False,0.3749917186953736,0.3749917186953736,-1,nan,nan,nan,17059.315970897675
0,0,236,0.51463517088406,0.5370522070571484,0.4656656595979678,109.58274316767003,0.5315154258131671,0.55227703373684,0.44807521837979547,0.03280043006021065,0.028348876477238855,0.03777483019331729,0.17527256736380004,9,0.5,0.55,0.4,False,0.17527256736380004,0.17527256736380004,-1,nan,nan,nan,17059.315970897675
0,0,237,0.44831338581993435,0.8038685178656478,0.4693992448040891,152.53768230587727,0.4492731974471122,0.8113756824413273,0.4692972132038242,0.002140939034025078,0.009338796592770843,0.00021736634942282494,0.09363859081644103,7,0.4,0.8,0.5,False,0.09363859081644103,0.09363859081644103,-1,nan,nan,nan,17059.315970897675
0,0,238,0.45042284939475263,0.8375190309850586,0.3995397471750513,108.33505309950695,0.44292389856964953,0.8238255043498074,0.41421945937375737,0.01664869096934065,0.016350108031748765,0.03674155650970667,0.17726291780042003,7,0.4,0.8,0.5,True,0.5730602951034216,0.17726291780042003,4,0.4490146312277594,0.8236114667249671,0.42003323869776327,17059.315970897675
0,0,239,0.3502722062690421,0.7092464929639385,0.44907068036444,121.83395518462875,0.35080075619344875,0.7094538126473241,0.44394822081348295,0.0015089690673335224,0.00029230977585693977,0.011406800254249358,0.09113414789246856,6,0.4,0.7,0.4,True,0.5377199406709343,0.09113414789246856,5,0.34846436330945085,0.7167129461569189,0.4340201892638052,17059.315970897675
0,0,240,0.3861867245372255,0.676337947051896,0.41494756386543846,125.39998545438425,0.3861975765590735,0.6763526749398927,0.4149202666149856,2.81004528598897e-05,2.177593030366191e-05,6.578481916745138e-05,0.013851514179108421,6,0.4,0.7,0.4,False,0.013851514179108421,0.013851514179108421,-1,nan,nan,nan,17059.315970897675
0,0,241,0.43554883906778286,0.7347389952304827,0.4748233062481482,99.15190381193581,0.4377283174393055,0.7506479983161937,0.47420698708844644,0.005003981588350587,0.021652591177252576,0.0012979968581822057,0.1697544098492767,7,0.4,0.8,0.5,True,0.6188396157717132,0.1697544098492767,4,0.4433057008722224,0.7556548579351972,0.47610727448490514,17059.315970897675
0,0,242,0.4731622821148647,0.8237303788743358,0.4424320140054331,119.37035044915612,0.4628593235080827,0.807187559662991,0.46004936522201956,0.02177468280170502,0.02008280820473224,0.03981934095838312,0.1952998153645725,12,0.5,0.85,0.5,True,0.5689856606967785,0.1952998153645725,4,0.4670921241377996,0.8094058743758135,0.4660692330171305,17059.315970897675
0,0,243,0.5154632464522646,0.5434869433879628,0.4605879937587271,131.3780390788744,0.5212327981786443,0.5438021965070223,0.4517315651786398,0.011192944921076963,0.0005800564721837577,0.019228526796394536,0.12850720967179835,9,0.5,0.55,0.4,False,0.12850720967179835,0.12850720967179835,-1,nan,nan,nan,17059.315970897675
0,0,244,0.3251776348669531,0.6505017912498109,0.37565452894778223,104.75283298805502,0.3252135881532186,0.6505730814535583,0.3756532342151198,0.00011056506478435735,0.00010959263249750534,3.4466046929936737e-06,0.019054979444564385,1,0.3,0.65,0.4,False,0.019054979444564385,0.019054979444564385,-1,nan,nan,nan,17059.315970897675
0,0,245,0.4520887787197591,0.6884305168958222,0.44316096691638196,116.96481770024755,0.443615928927342,0.6618075795383173,0.4542295151050996,0.01874156181538248,0.03867193086899972,0.02497636076962107,0.2056359219654662,4,0.4,0.55,0.5,True,0.7008426498165925,0.2056359219654662,5,0.4340596814669077,0.6542620807747983,0.44965744849876566,17059.315970897675
0,0,246,0.327932120498417,0.7865734660005176,0.4466090597602781,98.8840501482808,0.32809557968300734,0.7866618056202332,0.446632989195068,0.0004984543275049782,0.00011230943266474537,5.358027175433646e-05,0.01906596369757709,2,0.3,0.75,0.5,False,0.01906596369757709,0.01906596369757709,-1,nan,nan,nan,17059.315970897675
0,0,247,0.4147125715035996,0.69409814494514,0.48297519612416595,131.10878982885228,0.41855376621027673,0.7025255165662618,0.4745913694885518,0.009262305921304373,0.012141469736657945,0.017358710556760755,0.06839385832452077,7,0.4,0.8,0.5,True,0.869494479535924,0.06839385832452077,3,0.42786836759034524,0.7015833973768534,0.47984622841143143,17059.315970897675
0,0,248,0.38137032793314796,0.8451246156902894,0.3647309402643175,139.14821486697693,0.3546805138558388,0.7876603700054536,0.38906698076749885,0.06998398176899517,0.06799499697201405,0.0667232686252096,0.5774194839250333,8,0.4,0.9,0.3,True,0.6384775678102427,0.5774194839250333,9,0.3442478428550329,0.7786449744267242,0.3866647952350336,17059.315970897675
0,0,249,0.35629984196190617,0.6088670337585349,0.32914681206644014,145.05177298958372,0.35700602609531973,0.622831144472932,0.32831018931420014,0.001981993956340453,0.022934581674091705,0.002541792056218137,0.1649279810497351,5,0.4,0.65,0.3,False,0.1649279810497351,0.1649279810497351,-1,nan,nan,nan,17059.315970897675
0,0,250,0.35041218021195364,0.5326107724857062,0.3433196928925634,116.75183106188533,0.35376478379665266,0.5393310972450871,0.33580189298359103,0.009567600026549114,0.012617703408470293,0.021897374559649768,0.08581507522251218,5,0.4,0.65,0.3,True,0.8370814447353021,0.08581507522251218,2,0.3640352975214931,0.53,0.32678354737559595,17059.315970897675
0,0,251,0.31692752989101775,0.6010444225304983,0.4981724357818414,142.9333926141503,0.31697392715891665,0.6010417180851513,0.49815089996022144,0.00014639708931204484,4.499576479913694e-06,4.322965317452174e-05,0.016212452824080747,1,0.3,0.65,0.4,False,0.016212452824080747,0.016212452824080747,-1,nan,nan,nan,17059.315970897675
0,0,252,0.3420903178753152,0.6126488168995977,0.4533653103789346,151.0523895853536,0.3421430371417753,0.6126198127426018,0.45346030350099364,0.00015410920363822072,4.7342223139669714e-05,0.0002095288719368923,0.01694038612127981,6,0.4,0.7,0.4,False,0.01694038612127981,0.01694038612127981,-1,nan,nan,nan,17059.315970897675
0,0,253,0.3911563817056912,0.8114260697141225,0.32934385358472035,127.6080348134695,0.39768288190483425,0.8283687657796744,0.31293551879766723,0.016685143089531927,0.02088014755493517,0.04982128741270782,0.19428196641623327,8,0.4,0.9,0.3,True,0.5391166893198753,0.19428196641623327,4,0.4077621086438459,0.8221233793000524,0.30282558853837305,17059.315970897675
0,0,254,0.4424377049565529,0.8129148008312689,0.3557264550319948,119.60209445919214,0.44477868811122656,0.7893806936834004,0.3489914161658095,0.0052911022917984905,0.02895027513806251,0.018933196479805115,0.3044275973240914,6,0.4,0.7,0.4,False,0.3044275973240914,0.3044275973240914,-1,nan,nan,nan,17059.315970897675
0,0,255,0.3958509507041184,0.5814574871824865,0.43518996919910546,128.5849672988433,0.3958190993554137,0.5814725195736055,0.4351386688453778,8.046298397931833e-05,2.585294961431745e-05,0.00011788036801974065,0.012886532219295817,4,0.4,0.55,0.5,False,0.012886532219295817,0.012886532219295817,-1,nan,nan,nan,17059.315970897675
0,0,256,0.42330426015581973,0.7548762920263619,0.42105174640516063,98.3222604578214,0.4233179598277458,0.7548455528067377,0.421039461729332,3.2363652378564745e-05,4.072087035829252e-05,2.91761664297274e-05,0.012315654339994472,6,0.4,0.7,0.4,False,0.012315654339994472,0.012315654339994472,-1,nan,nan,nan,17059.315970897675
0,0,257,0.37974874819714005,0.6756850205201878,0.33766403723784066,138.7983489733331,0.3797720004220233,0.675643153906778,0.33764245831843454,6.123055044589982e-05,6.196173089280151e-05,6.390647811549242e-05,0.01496928043683025,5,0.4,0.65,0.3,False,0.01496928043683025,0.01496928043683025,-1,nan,nan,nan,17059.315970897675
0,0,258,0.45875499738223363,0.8047719614057239,0.30323276159873,99.83889220187494,0.4587559163223423,0.8047511327667309,0.3031600997892234,2.0031173805575674e-06,2.5881417335434733e-05,0.00023962387547937894,0.012339907806238525,11,0.5,0.75,0.3,False,0.012339907806238525,0.012339907806238525,-1,nan,nan,nan,17059.315970897675
0,0,259,0.3679870581084259,0.7247289835095454,0.3154988836666645,151.70640498495948,0.36496384929537873,0.7073788201098278,0.320168958403462,0.008215530265079074,0.02394020909126384,0.014802191001511042,0.16865817000586508,5,0.4,0.65,0.3,False,0.16865817000586508,0.16865817000586508,-1,nan,nan,nan,17059.315970897675
0,0,260,0.42022737161463486,0.6157118310015103,0.31352155163846523,138.3036377426321,0.4214229335822666,0.6406380168828603,0.315871663834113,0.0028450359219535605,0.04048352593908309,0.007495855335513915,0.3020960876813362,5,0.4,0.65,0.3,False,0.3020960876813362,0.3020960876813362,-1,nan,nan,nan,17059.315970897675
0,0,261,0.48806730748895183,0.7271595230276305,0.4268617608557317,104.3249947350283,0.4581013209789282,0.6905460561507413,0.46639946172596636,0.06139724183575226,0.05035135443794227,0.09262413384364358,0.38245464720105515,4,0.4,0.55,0.5,True,0.9812414972141936,0.38245464720105515,6,0.44781620947327927,0.7005215666681922,0.456383685127554,17059.315970897675
0,0,262,0.43346399932575447,0.5949132482482364,0.40131370331623173,115.12536070636656,0.4343024962510147,0.6005320522777747,0.40142490747491255,0.0019344096085591668,0.00944474517265039,0.0002771003276536366,0.07670539147849854,4,0.4,0.55,0.5,False,0.07670539147849854,0.07670539147849854,-1,nan,nan,nan,17059.315970897675
0,0,263,0.5195702039450001,0.7170236197034207,0.340472235869969,109.83151249402268,0.519598947861468,0.7169700673377274,0.34043105491110437,5.532248818283283e-05,7.468703153100639e-05,0.00012095247284819996,0.009006723714955851,11,0.5,0.75,0.3,False,0.009006723714955851,0.009006723714955851,-1,nan,nan,nan,17059.315970897675
0,0,264,0.4326331889869483,0.8336207790193341,0.3674301352954605,150.2756077603637,0.4224197197948872,0.8073560794243879,0.3900642577999196,0.023607687648691325,0.031506771731198646,0.06160115986746273,0.2520163107999289,6,0.4,0.7,0.4,True,0.6628436111439664,0.2520163107999289,5,0.4147452694977727,0.8028127891154514,0.39536668376456685,17059.315970897675
0,0,265,0.3672123010740665,0.8581327923945604,0.44579421719558293,151.99917007579376,0.3672785426712687,0.8582668821587337,0.44577268244846496,0.00018039046352327431,0.00015625759248649135,4.830647479781103e-05,0.017459732545514056,7,0.4,0.8,0.5,False,0.017459732545514056,0.017459732545514056,-1,nan,nan,nan,17059.315970897675
0,0,266,0.51709995590951,0.5893390063965035,0.4404137818486799,108.73483800958103,0.5171283011693116,0.5893103832218664,0.4404872169261196,5.481582328083904e-05,4.8568267714297514e-05,0.00016674109772729057,0.007083178649885291,9,0.5,0.55,0.4,False,0.007083178649885291,0.007083178649885291,-1,nan,nan,nan,17059.315970897675
0,0,267,0.4460188703724461,0.6231862634387253,0.3921998931904178,118.29641992516015,0.4460770408829812,0.6232285024595625,0.39205544295539807,0.00013042163549394938,6.777912690845673e-05,0.0003683076857688274,0.010336426668019198,4,0.4,0.55,0.5,False,0.010336426668019198,0.010336426668019198,-1,nan,nan,nan,17059.315970897675
0,0,268,0.33018734546298284,0.7548267011028168,0.43518331604847094,148.71104200627045,0.3302751843835841,0.7548263162515062,0.43518162159591994,0.00026602751985574266,5.098538645164991e-07,3.893652372473947e-06,0.017495241943757796,2,0.3,0.75,0.5,False,0.017495241943757796,0.017495241943757796,-1,nan,nan,nan,17059.315970897675
0,0,269,0.46694238047390235,0.6003643798241409,0.42404169154954535,123.13126122084117,0.4672714118864459,0.6003211604128396,0.42400530465041175,0.0007046509940040113,7.198863349292132e-05,8.580972073909576e-05,0.014116515059282637,4,0.4,0.55,0.5,False,0.014116515059282637,0.014116515059282637,-1,nan,nan,nan,17059.315970897675
0,0,270,0.4637223416766017,0.6439040666389632,0.3242394197723255,113.97447010088298,0.46254301573614376,0.6519951648528668,0.33235046431745746,0.0025431725721776852,0.012565688948258052,0.025015602824688517,0.2309900530244192,11,0.5,0.75,0.3,True,0.7280606052206453,0.2309900530244192,4,0.4632718457406013,0.6571825520833443,0.34219967815701796,17059.315970897675
0,0,271,0.5129857035942587,0.8128318962093557,0.3020038247920634,106.1833260741547,0.5127025713948278,0.794827900366982,0.2987418267584145,0.0005519300000898676,0.022149716228331295,0.010801181196611885,0.20167627014021272,11,0.5,0.75,0.3,False,0.20167627014021272,0.20167627014021272,-1,nan,nan,nan,17059.315970897675
0,0,272,0.37834698931504585,0.8674125776286683,0.38068741105025516,105.11350603550433,0.35361312175247656,0.8166395811804862,0.4039549020104996,0.06537350173539676,0.05853384854873247,0.061119675315906,0.5390258068784983,8,0.4,0.9,0.3,True,0.7005045588383831,0.5390258068784983,9,0.3431803031543696,0.8075298649442934,0.39546072385666087,17059.315970897675
0,0,273,0.49804184950469194,0.8545099021407536,0.36034959508713515,115.94988151493638,0.4983842203024731,0.8496102532269998,0.35813630736146906,0.0006874337932076325,0.005733870258822075,0.006142056924279052,0.08342960810682323,11,0.5,0.75,0.3,False,0.08342960810682323,0.08342960810682323,-1,nan,nan,nan,17059.315970897675
0,0,274,0.47549955137100336,0.6277614502127626,0.45788448073623916,121.92749339661376,0.4750346145141216,0.6545796849279265,0.4677827124532858,0.0009777861105046495,0.04272042303023634,0.021617312080835567,0.37168988976239586,10,0.5,0.65,0.5,False,0.37168988976239586,0.37168988976239586,-1,nan,nan,nan,17059.315970897675
0,0,275,0.45303120285159604,0.8502819832680458,0.3058635226899593,115.30707766007114,0.4488740291606528,0.8840599871501855,0.318872024076957,0.009176351793819084,0.03972564931026111,0.04253041118663836,0.43841605605723943,8,0.4,0.9,0.3,False,0.43841605605723943,0.43841605605723943,-1,nan,nan,nan,17059.315970897675
0,0,276,0.4790495972295576,0.7459284507194883,0.3222617148497485,149.3852083476478,0.4790469490060721,0.7459153744447629,0.32223471508124274,5.528077887586353e-06,1.7530199730084807e-05,8.37821164030451e-05,0.010534548074867107,11,0.5,0.75,0.3,False,0.010534548074867107,0.010534548074867107,-1,nan,nan,nan,17059.315970897675
0,0,277,0.5211845903129578,0.5374052148645928,0.38713601650613433,115.55256389206549,0.5211944487347736,0.5373321054365585,0.38705338811289886,1.891541307823108e-05,0.000136041530696183,0.00021343504533932698,0.007701099560029762,9,0.5,0.55,0.4,False,0.007701099560029762,0.007701099560029762,-1,nan,nan,nan,17059.315970897675
0,0,278,0.5063883657410383,0.5472306843599299,0.4710063700525634,107.71673557961353,0.5241250835395624,0.5629157789320178,0.4520129330692692,0.03502591883715298,0.02866267375052992,0.0403252231624268,0.18036766680774974,9,0.5,0.55,0.4,False,0.18036766680774974,0.18036766680774974,-1,nan,nan,nan,17059.315970897675
0,0,279,0.3353602722822655,0.6974231965809906,0.358824935091255,128.71870760942244,0.3354276954983657,0.6974351459068235,0.3588111803286768,0.0002010471176009051,1.713353655500278e-05,3.8332794722589953e-05,0.01700169444809811,1,0.3,0.65,0.4,False,0.01700169444809811,0.01700169444809811,-1,nan,nan,nan,17059.315970897675
0,0,280,0.49623696049223526,0.8466369986972865,0.45314170531151315,95.76241255519722,0.4930999424802243,0.864406098635411,0.465954868741639,0.006321612982836302,0.02098786134490419,0.028276283731856915,0.3185033761838869,12,0.5,0.85,0.5,False,0.3185033761838869,0.3185033761838869,-1,nan,nan,nan,17059.315970897675
0,0,281,0.3270921424662645,0.6494423372347103,0.47520075549144525,153.17996939523243,0.3271656178738269,0.649503418872796,0.4751482263036656,0.00022463213884752934,9.405244250888384e-05,0.00011054104433256567,0.016774056329090816,1,0.3,0.65,0.4,False,0.016774056329090816,0.016774056329090816,-1,nan,nan,nan,17059.315970897675
0,0,282,0.42888105810559696,0.8112212936309939,0.36586727679087655,144.8802062647363,0.42110386978707653,0.76984845625015,0.3719840738882116,0.01813367172911041,0.051000679722866746,0.016718623078257125,0.3831820907930662,6,0.4,0.7,0.4,False,0.3831820907930662,0.3831820907930662,-1,nan,nan,nan,17059.315970897675
0,0,283,0.4888325912515506,0.558315960986898,0.4925155315185643,115.2317465267845,0.48884235427659006,0.5583126582412727,0.4925138388927674,1.9972123819466176e-05,5.915549359135286e-06,3.43669526866093e-06,0.005833181024810069,10,0.5,0.65,0.5,True,0.7881537150966611,0.005833181024810069,4,0.49277323304605525,0.5653283991534627,0.5,17059.315970897675
0,0,284,0.3539516713449036,0.7170117700439468,0.4244257020272726,94.79934972416359,0.35094667088401027,0.6785967984456303,0.4201194815822391,0.008489860916534902,0.05357648675134303,0.010145993573114888,0.41114312030495115,6,0.4,0.7,0.4,False,0.41114312030495115,0.41114312030495115,-1,nan,nan,nan,17059.315970897675
0,0,285,0.3478699878780012,0.6546423601992597,0.34436746400399265,131.4430152719843,0.35695024985925056,0.6775862613380528,0.31205576842688965,0.026102458670374883,0.03504799342928164,0.09382911846959031,0.3322468805786555,5,0.4,0.65,0.3,True,0.654446694131003,0.3322468805786555,5,0.35379406152107284,0.6876352706294497,0.3060745524173952,17059.315970897675
0,0,286,0.3345581552868218,0.7933625616568424,0.39570449540757696,112.11284356082297,0.33393805096118434,0.7955145621199242,0.397855439371014,0.0018535023458204052,0.0027125056904470555,0.005435732948197956,0.06961506246394535,1,0.3,0.65,0.4,True,0.7531042355093505,0.06961506246394535,6,0.3237585225909628,0.7909436428501393,0.3993442915235097,17059.315970897675
0,0,287,0.5211257969098527,0.8822338038437789,0.480078193326275,153.80069060075772,0.5211515271812006,0.8822834505744789,0.4801360701119819,4.9374395780182714e-05,5.627389302433763e-05,0.00012055699782132358,0.00843193951645674,12,0.5,0.85,0.5,False,0.00843193951645674,0.00843193951645674,-1,nan,nan,nan,17059.315970897675
0,0,288,0.3345973398570201,0.6526652902467663,0.32884211514857437,123.43441750914016,0.3345979796037939,0.6526886700709125,0.3288583703947969,1.911990017768231e-06,3.5822073726780517e-05,4.943176519577825e-05,0.015763142473910606,1,0.3,0.65,0.4,False,0.015763142473910606,0.015763142473910606,-1,nan,nan,nan,17059.315970897675
0,0,289,0.5135659082676385,0.7191603400060927,0.488845015564598,135.73042667766543,0.5075181619551914,0.7111360921426628,0.49611098145919774,0.01177598866102183,0.011157800864494197,0.014863536833259609,0.06633113302177215,10,0.5,0.65,0.5,False,0.06633113302177215,0.06633113302177215,-1,nan,nan,nan,17059.315970897675
0,0,290,0.3270599107447085,0.7122444159928645,0.40384680592594235,110.3252008710757,0.32702322859798055,0.7122189168989013,0.4038143298678729,0.00011215727003792281,3.5801044403647444e-05,8.041677584890228e-05,0.017448558470662782,1,0.3,0.65,0.4,False,0.017448558470662782,0.017448558470662782,-1,nan,nan,nan,17059.315970897675
0,0,291,0.34376576706373696,0.5398595165647874,0.3787655921847317,117.51428761728621,0.36035940754291834,0.5728111728637401,0.32968260779936454,0.04827019461802544,0.06103746491055555,0.1295867032225789,0.4863440520240879,5,0.4,0.65,0.3,False,0.4863440520240879,0.4863440520240879,-1,nan,nan,nan,17059.315970897675
0,0,292,0.3214483621547403,0.6170651672190641,0.45762127875969577,132.34971136435425,0.32143874213458185,0.6170366527562177,0.4575661564367839,2.992710895768395e-05,4.620980791213572e-05,0.00012045402054135702,0.016135364979878674,1,0.3,0.65,0.4,False,0.016135364979878674,0.016135364979878674,-1,nan,nan,nan,17059.315970897675
0,0,293,0.5238693918803434,0.8381947170963984,0.42628583926645613,105.40575605944852,0.5238543742373237,0.8380248416618001,0.4261014531966576,2.866676933690615e-05,0.0002026682239023172,0.00043254092164033504,0.012347731071790819,12,0.5,0.85,0.5,False,0.012347731071790819,0.012347731071790819,-1,nan,nan,nan,17059.315970897675
0,0,294,0.4941396891398534,0.6820448740506405,0.30568130298012414,153.2650255456472,0.49421850936347156,0.6820574411056035,0.3057014225955423,0.00015951000364969868,1.8425554448290452e-05,6.581892717021755e-05,0.010157194119973532,11,0.5,0.75,0.3,False,0.010157194119973532,0.010157194119973532,-1,nan,nan,nan,17059.315970897675
0,0,295,0.515648904858947,0.6467280841445219,0.39868667427167614,110.7983505117164,0.5043500710324994,0.6365438513153431,0.4102338574058635,0.0219118739901878,0.015747318044260106,0.02896305264097885,0.1756470788605337,9,0.5,0.55,0.4,True,0.6716201764705516,0.1756470788605337,5,0.49553946811272875,0.6308300258809746,0.39994788590568275,17059.315970897675
0,0,296,0.4770224611993524,0.8774287198362093,0.4217406829944983,132.1058888135201,0.46170827651320007,0.8560633611581189,0.44617447329275123,0.03210369727171476,0.024349965068477263,0.05793557814902974,0.25759604597440133,7,0.4,0.8,0.5,False,0.25759604597440133,0.25759604597440133,-1,nan,nan,nan,17059.315970897675
0,0,297,0.3653338088795916,0.6276733542061759,0.3762788709250004,129.30365793626504,0.3653202679510318,0.6277742164960597,0.37626418261073774,3.7064537227874196e-05,0.00016069232381447825,3.90357136624449e-05,0.014980862861219245,5,0.4,0.65,0.3,False,0.014980862861219245,0.014980862861219245,-1,nan,nan,nan,17059.315970897675
0,0,298,0.47106102108174175,0.549225426720238,0.4122926839855594,154.13241696800122,0.4710506895025125,0.5492178268564677,0.4123106336854421,2.1932570870595136e-05,1.3837421576939284e-05,4.3536304620184855e-05,0.007419859941158005,9,0.5,0.55,0.4,False,0.007419859941158005,0.007419859941158005,-1,nan,nan,nan,17059.315970897675
0,0,299,0.36267157046870063,0.6807374044081026,0.30864752768790327,143.3061500965042,0.36287672101876733,0.6470790807471369,0.29914874976462136,0.0005656648239661416,0.0494439169098272,0.030775486829386946,0.45072811078218394,5,0.4,0.65,0.3,False,0.45072811078218394,0.45072811078218394,-1,nan,nan,nan,17059.315970897675
