target_source,T_max,param,true,hybrid_min,hybrid_rel_error_min,hybrid_loss_min,pressure_min,pressure_rel_error_min,pressure_loss_min,reed_min,reed_rel_error_min,reed_loss_min,range_min,range_max,n_scan,pressure_weight,reed_weight
openwind,0.01,alpha,80125.73037469777,80168.06722689077,0.0005283802343518399,0.013448354093780875,80168.06722689077,0.0005283802343518399,0.026896708180646142,80168.06722689077,0.0005283802343518399,6.915608126889337e-12,60000.0,100000.0,120,0.5,0.5
openwind,0.05,alpha,80125.73037469777,80168.06722689077,0.0005283802343518399,0.0032795340442879515,80168.06722689077,0.0005283802343518399,0.006559067789616628,80168.06722689077,0.0005283802343518399,2.989592746926313e-10,60000.0,100000.0,120,0.5,0.5
openwind,0.2,alpha,80125.73037469777,80168.06722689077,0.0005283802343518399,0.06363704274768704,80168.06722689077,0.0005283802343518399,0.12727407247466582,80168.06722689077,0.0005283802343518399,1.302070825077183e-08,60000.0,100000.0,120,0.5,0.5
openwind,0.01,beta,0.6646516378651401,0.7428571428571429,0.11766390171428552,0.012034750881617928,0.7428571428571429,0.11766390171428552,0.024069501756627174,0.9168067226890756,0.379379317613445,6.563693968746195e-12,0.1,1.0,120,0.5,0.5
openwind,0.05,beta,0.6646516378651401,0.6747899159663865,0.01525352157983162,0.0026284847405003164,0.6747899159663865,0.01525352157983162,0.005256969206929387,0.6218487394957982,0.06439899630252136,2.6353240936029636e-10,0.1,1.0,120,0.5,0.5
openwind,0.2,beta,0.6646516378651401,0.49327731092436977,0.2578408254453783,0.050881429279406615,0.49327731092436977,0.2578408254453783,0.10176284219494329,0.3722689075630252,0.439903723462185,9.124788275173869e-09,0.1,1.0,120,0.5,0.5
openwind,0.01,zeta,0.4,0.40252100840336136,0.006302521008403339,0.041070578928866834,0.40252100840336136,0.006302521008403339,0.08214110785095617,0.40252100840336136,0.006302521008403339,5.0006777502535884e-08,0.1,0.9,120,0.5,0.5
openwind,0.05,zeta,0.4,0.40252100840336136,0.006302521008403339,0.030256458739035354,0.40252100840336136,0.006302521008403339,0.060511441217095535,0.40252100840336136,0.006302521008403339,1.4762609751744534e-06,0.1,0.9,120,0.5,0.5
openwind,0.2,zeta,0.4,0.40252100840336136,0.006302521008403339,0.31219146623990024,0.40252100840336136,0.006302521008403339,0.6243501418365354,0.40252100840336136,0.006302521008403339,3.279064326510932e-05,0.1,0.9,120,0.5,0.5
openwind,0.01,Zt,1.0,1.0,0.0,0.012789116201446698,1.0,0.0,0.02557823239623431,1.0,0.0,6.659085760012621e-12,0.2,3.0,120,0.5,0.5
openwind,0.05,Zt,1.0,1.0,0.0,0.0026738565531187475,1.0,0.0,0.005347712835630111,1.0,0.0,2.7060738359722834e-10,0.2,3.0,120,0.5,0.5
openwind,0.2,Zt,1.0,1.0,0.0,0.06361774324720001,1.0,0.0,0.12723543581282717,1.0,0.0,5.068157285445093e-08,0.2,3.0,120,0.5,0.5
openwind,0.01,gamma_final,0.422,0.4226890756302521,0.0016328806404078478,0.017975863067885258,0.4226890756302521,0.0016328806404078478,0.03595169965676623,0.4226890756302521,0.0016328806404078478,2.6479004288383567e-08,0.1,0.9,120,0.5,0.5
openwind,0.05,gamma_final,0.422,0.4226890756302521,0.0016328806404078478,0.019536359043637676,0.4226890756302521,0.0016328806404078478,0.03907176539236969,0.4226890756302521,0.0016328806404078478,9.52694905666541e-07,0.1,0.9,120,0.5,0.5
openwind,0.2,gamma_final,0.422,0.4226890756302521,0.0016328806404078478,0.09300088206315367,0.4226890756302521,0.0016328806404078478,0.18599067588637988,0.4226890756302521,0.0016328806404078478,1.1088239927466537e-05,0.1,0.9,120,0.5,0.5
openwind,0.01,fr,170.0,170.0,0.0,0.012789116199950332,170.0,0.0,0.025578232393241578,170.0,0.0,6.659085759958109e-12,50.0,260.0,120,0.5,0.5
openwind,0.05,fr,170.0,170.0,0.0,0.002673856542242484,170.0,0.0,0.005347712813877584,170.0,0.0,2.7060738360259663e-10,50.0,260.0,120,0.5,0.5
openwind,0.2,fr,170.0,170.0,0.0,0.06361774324725317,170.0,0.0,0.12723543581293348,170.0,0.0,5.068157285426566e-08,50.0,260.0,120,0.5,0.5
openwind,0.01,Qr,125.0,120.84033613445379,0.033277310924369655,0.012775898550995828,120.84033613445379,0.033277310924369655,0.025551797035703337,124.87394957983194,0.0010084033613444489,6.457343131697891e-12,20.0,500.0,120,0.5,0.5
openwind,0.05,Qr,125.0,124.87394957983194,0.0010084033613444489,0.0026586499590289213,124.87394957983194,0.0010084033613444489,0.005317299623606127,124.87394957983194,0.0010084033613444489,2.94451715293256e-10,20.0,500.0,120,0.5,0.5
openwind,0.2,Qr,125.0,124.87394957983194,0.0010084033613444489,0.06384296684542907,124.87394957983194,0.0010084033613444489,0.12768584390040916,124.87394957983194,0.0010084033613444489,8.979044898177904e-08,20.0,500.0,120,0.5,0.5
