global_iteration,stage,iteration,total_loss,observation_loss,shape_regularization,anchor_regularization,lr_params,lr_lfunc
0,long,0,6.113554987084347,6.0362888885540835,0.0,0.15453219706052782,0.003,0.0001
1,long,1,5.61982512092204,5.548641235498561,0.0,0.14236777084695756,0.003,0.0001
2,long,2,5.142971959665665,5.077679606333186,0.0,0.1305847066649565,0.003,0.0001
3,long,3,4.670207199081648,4.6107596725585696,0.0,0.11889505304615366,0.003,0.0001
4,long,4,4.219594176775695,4.165835641430288,0.0,0.1075170706908095,0.003,0.0001
5,long,5,3.774095040094937,3.725834596265181,0.0,0.09652088765951045,0.003,0.0001
6,long,6,3.343753256294746,3.3007976563660364,0.0,0.08591119985741838,0.003,0.0001
7,long,7,2.937083008453536,2.89919998854113,0.0,0.07576603982480824,0.003,0.0001
8,long,8,2.522843482209795,2.4897938457588267,0.0,0.06609927290193712,0.003,0.0001
9,long,9,2.1750164604055624,2.146568517078786,0.0,0.05689588665355335,0.003,0.0001
10,long,10,1.8592105126688727,1.8349947213685849,0.0,0.04843158260057462,0.003,0.0001
11,long,11,1.6249257374660009,1.6038825031711086,0.0,0.04208646858978541,0.003,0.0001
12,long,12,1.5279340584039465,1.5089818740385454,0.0,0.03790436873080169,0.003,0.0001
13,long,13,1.480847669722357,1.4626413189487024,0.0,0.03641270154730969,0.003,0.0001
14,long,14,1.500308118256175,1.4830099101041705,0.0,0.03459641630400874,0.003,0.0001
