repeat_idx,seed,signal_idx,true_gamma,true_kappa,true_zeta,true_Qr,estimated_gamma,estimated_kappa,estimated_zeta,estimated_Qr,relerr_gamma,relerr_kappa,relerr_zeta,relerr_Qr,signal_loss,elapsed_seconds_repeat
0,0,0,0.45089891602482685,0.628274283386174,0.3081947047872389,94.78297722053307,0.45089891602482685,0.628274283386174,0.3081947047872389,94.83916057458359,0.0,0.0,0.0,0.0005927578527080338,0.00837521318663482,10495.072823286057
0,0,1,0.4881000204712574,0.8565282299335912,0.42132715515343605,139.34353506149992,0.4881000204712574,0.8565282299335912,0.42132715515343605,139.65197531249737,0.0,0.0,0.0,0.002213523941827068,0.007297140514536839,10495.072823286057
0,0,2,0.43120487319920425,0.8644507104446577,0.4631707108243065,93.92115626063426,0.43120487319920425,0.8644507104446577,0.4631707108243065,94.1119128288645,0.0,0.0,0.0,0.0020310287460781062,0.009310097322252353,10495.072823286057
0,0,3,0.4974123023599772,0.5444228792334398,0.4459310892859888,104.72847628765994,0.4974123023599772,0.5444228792334398,0.4459310892859888,106.21502480295533,0.0,0.0,0.0,0.014194310544653086,0.0645857298782698,10495.072823286057
0,0,4,0.49863075261582607,0.7247187331884276,0.359942378107477,120.16795132485365,0.49863075261582607,0.7247187331884276,0.359942378107477,120.37283617823792,0.0,0.0,0.0,0.001704987487307661,0.0070568508055938155,10495.072823286057
0,0,5,0.3224754506116927,0.5766205631573451,0.4341248829387261,134.19934447339062,0.3224754506116927,0.5766205631573451,0.4341248829387261,134.5870836925881,0.0,0.0,0.0,0.002889278041699768,0.01352196604260323,10495.072823286057
0,0,6,0.44634625852254456,0.6687055317629687,0.49944198715784227,155.05220867351437,0.44634625852254456,0.6687055317629687,0.49944198715784227,155.42614965266148,0.0,0.0,0.0,0.0024117101094283428,0.007659119886716128,10495.072823286057
0,0,7,0.4611493587254266,0.7634130430750747,0.437689346114188,118.05758899869397,0.4611493587254266,0.7634130430750747,0.437689346114188,118.60021462959007,0.0,0.0,0.0,0.0045962791168139144,0.008057055088068511,10495.072823286057
0,0,8,0.3450053625597288,0.788628360768899,0.4050708644951452,113.14011722243472,0.3450053625597288,0.788628360768899,0.4050708644951452,113.4186950808327,0.0,0.0,0.0,0.0024622376680969262,0.013887079795611934,10495.072823286057
0,0,9,0.41901126071350747,0.8482681811938951,0.48680870319124997,116.1121997943169,0.41901126071350747,0.8482681811938951,0.48680870319124997,116.45684811419802,0.0,0.0,0.0,0.002968235211215071,0.00940519621265188,10495.072823286057
0,0,10,0.4244943628117542,0.869914612195707,0.3288319225439268,153.04059044607774,0.4244943628117542,0.869914612195707,0.3288319225439268,154.15322059025414,0.0,0.0,0.0,0.007270163692738865,0.010760587032246785,10495.072823286057
0,0,11,0.3822964363742124,0.6827808893852644,0.46554051876408836,119.32494602307258,0.3822964363742124,0.6827808893852644,0.46554051876408836,119.66731297810915,0.0,0.0,0.0,0.0028691984907361075,0.011302878325477862,10495.072823286057
0,0,12,0.43246426809901556,0.5422834852012892,0.4507026217349614,127.3839570762049,0.43246426809901556,0.5422834852012892,0.4507026217349614,127.75393715818524,0.0,0.0,0.0,0.002904448020554198,0.0071072736414458946,10495.072823286057
0,0,13,0.3860733921813085,0.8123921897170834,0.36063896585832905,122.09361809254071,0.3860733921813085,0.8123921897170834,0.36063896585832905,122.4131466832238,0.0,0.0,0.0,0.0026170785637698564,0.011668652244142892,10495.072823286057
0,0,14,0.34478279811915175,0.6756051101887308,0.34069104813522993,110.1445837776156,0.34478279811915175,0.6756051101887308,0.34069104813522993,110.28404487742259,0.0,0.0,0.0,0.0012661639367448946,0.013053136980128988,10495.072823286057
0,0,15,0.474826945924941,0.6320451090850442,0.3970381948863271,155.0460749875774,0.474826945924941,0.6320451090850442,0.3970381948863271,155.8439959931677,0.0,0.0,0.0,0.005146347662488249,0.006803011641437905,10495.072823286057
0,0,16,0.5194096678630591,0.7898004289746045,0.4082453711094869,111.05570025283568,0.5194096678630591,0.7898004289746045,0.4082453711094869,111.23303651243359,0.0,0.0,0.0,0.0015968226682122057,0.0063617817193372264,10495.072823286057
0,0,17,0.35039757385155174,0.876823521691727,0.40321371710957576,100.99160077942315,0.35039757385155174,0.876823521691727,0.40321371710957576,101.21356145755797,0.0,0.0,0.0,0.002197813248050273,0.013325417800661685,10495.072823286057
0,0,18,0.4480563384184125,0.8082225055915158,0.42260066021060805,151.0811065494314,0.4480563384184125,0.8082225055915158,0.42260066021060805,151.651855391002,0.0,0.0,0.0,0.0037777645041528513,0.008902527007963104,10495.072823286057
0,0,19,0.3248540969761468,0.7201491884573076,0.39186717657708076,97.64684869686722,0.3248540969761468,0.7201491884573076,0.39186717657708076,97.8646366415891,0.0,0.0,0.0,0.002230363269561042,0.01459374787202199,10495.072823286057
0,0,20,0.37170016032660574,0.6384643559120138,0.46284514811885613,99.49474638344356,0.37170016032660574,0.6384643559120138,0.46284514811885613,99.71898684165673,0.0,0.0,0.0,0.0022537919474559195,0.011453406119464764,10495.072823286057
0,0,21,0.44312121097875296,0.791138987018187,0.3375802146733207,97.19666420831678,0.44312121097875296,0.791138987018187,0.3375802146733207,97.35823894168827,0.0,0.0,0.0,0.0016623485454727118,0.009440589521020082,10495.072823286057
0,0,22,0.374518536628174,0.7658887202808353,0.4124531325560856,103.1288914565835,0.374518536628174,0.7658887202808353,0.4124531325560856,103.37583141865497,0.0,0.0,0.0,0.002394478972707908,0.01232302684040263,10495.072823286057
0,0,23,0.40778509685981007,0.7701005409939545,0.3845569346540256,133.32402495463228,0.40778509685981007,0.7701005409939545,0.3845569346540256,133.68869750339707,0.0,0.0,0.0,0.002735235070264931,0.010382963361853976,10495.072823286057
0,0,24,0.5206289859761658,0.774988011919917,0.37832496661600523,105.45328560750613,0.5206289859761658,0.774988011919917,0.37832496661600523,105.57585752525738,0.0,0.0,0.0,0.0011623337959089622,0.006554215695634816,10495.072823286057
0,0,25,0.3894977004356357,0.7139284206171999,0.47824188190011585,142.22274640454307,0.3894977004356357,0.7139284206171999,0.47824188190011585,142.61464149427934,0.0,0.0,0.0,0.0027555021938723287,0.010788960447980585,10495.072823286057
0,0,26,0.383628932729844,0.8605969982599225,0.3941819770831515,137.10992763763937,0.383628932729844,0.8605969982599225,0.3941819770831515,137.4693200284795,0.0,0.0,0.0,0.002621198895166419,0.01217880855090863,10495.072823286057
0,0,27,0.33912074208370707,0.5696129632436941,0.3403814895058901,149.02810460551837,0.33912074208370707,0.5696129632436941,0.3403814895058901,149.9349709572607,0.0,0.0,0.0,0.0060852035536708895,0.012525276442586997,10495.072823286057
0,0,28,0.45994021837324717,0.8339788948831243,0.42888725384110354,119.15889985472103,0.45994021837324717,0.8339788948831243,0.42888725384110354,119.48106646644833,0.0,0.0,0.0,0.0027036722571296325,0.008245227834910121,10495.072823286057
0,0,29,0.4254979989603743,0.7431724488033467,0.4724235969815256,121.13663538494532,0.4254979989603743,0.7431724488033467,0.4724235969815256,121.46801279051927,0.0,0.0,0.0,0.0027355671925417277,0.009128604310678818,10495.072823286057
0,0,30,0.33457197426730473,0.6165677298416153,0.46025489304127937,130.135127254023,0.33457197426730473,0.6165677298416153,0.46025489304127937,130.3484562426183,0.0,0.0,0.0,0.0016392882774756495,0.013427412532711933,10495.072823286057
0,0,31,0.33636114351272417,0.6862600637839481,0.3958102596281668,103.73368216481741,0.33636114351272417,0.6862600637839481,0.3958102596281668,103.973819021666,0.0,0.0,0.0,0.0023149362081551464,0.014185962996434898,10495.072823286057
0,0,32,0.4714957789473443,0.5728535670720982,0.3782456380991324,126.04626141383524,0.4714957789473443,0.5728535670720982,0.3782456380991324,126.53226979790234,0.0,0.0,0.0,0.0038557937269669738,0.006462873214639616,10495.072823286057
0,0,33,0.4073625123073915,0.7408134928605399,0.4475675574584321,153.51670342725615,0.4073625123073915,0.7408134928605399,0.4475675574584321,154.0353556353768,0.0,0.0,0.0,0.0033784741109061473,0.010202700814396136,10495.072823286057
0,0,34,0.37646644555099495,0.7627342585133379,0.4392431993340311,112.04504681328045,0.37646644555099495,0.7627342585133379,0.4392431993340311,112.33139245755972,0.0,0.0,0.0,0.0025556296545303906,0.012215685583363414,10495.072823286057
0,0,35,0.31681440762036445,0.8780783975420764,0.35968024460337517,113.37412512714604,0.31681440762036445,0.8780783975420764,0.35968024460337517,113.61711522100434,0.0,0.0,0.0,0.002143258821938332,0.014560697765103334,10495.072823286057
0,0,36,0.5046510358639281,0.7402328436612724,0.3942619330363663,142.079813103051,0.5046510358639281,0.7402328436612724,0.3942619330363663,142.68721693702017,0.0,0.0,0.0,0.004275088914486438,0.006531281686997152,10495.072823286057
0,0,37,0.3229030076167814,0.7834726089577462,0.37484876669569417,99.42829459401611,0.3229030076167814,0.7834726089577462,0.37484876669569417,99.61599402356732,0.0,0.0,0.0,0.001887786875130739,0.014415790147662977,10495.072823286057
0,0,38,0.4558655142272858,0.8631696684331808,0.3414382336162003,133.13063748658394,0.4558655142272858,0.8631696684331808,0.3414382336162003,133.81017281628155,0.0,0.0,0.0,0.005104274587178281,0.009361349838210494,10495.072823286057
0,0,39,0.3794124121287166,0.7958236214246122,0.4444329616284235,107.41971403555029,0.3794124121287166,0.7958236214246122,0.4444329616284235,107.70036895943707,0.0,0.0,0.0,0.002612694759119391,0.012896284764420793,10495.072823286057
0,0,40,0.5154848382757695,0.7140212812490982,0.4952487411415408,98.80225149347513,0.5154848382757695,0.7140212812490982,0.4952487411415408,99.06481643549185,0.0,0.0,0.0,0.0026574793392644827,0.005398340081824789,10495.072823286057
0,0,41,0.4446520805509512,0.6661527374539318,0.46038024139716144,104.65798850900178,0.4446520805509512,0.6661527374539318,0.46038024139716144,104.95252049966702,0.0,0.0,0.0,0.0028142332454622063,0.0080391784928161,10495.072823286057
0,0,42,0.5004150428535955,0.7255991972710418,0.4804430159431977,123.57209523995039,0.5004150428535955,0.7255991972710418,0.4804430159431977,123.95693887664339,0.0,0.0,0.0,0.0031143247668150523,0.005934155723999241,10495.072823286057
0,0,43,0.40733471460090614,0.812576084728237,0.4968305999862243,116.85786204077681,0.40733471460090614,0.812576084728237,0.4968305999862243,117.16755730363762,0.0,0.0,0.0,0.0026501876506413186,0.009822289781406611,10495.072823286057
0,0,44,0.5209448354257254,0.8623043676567238,0.33553851715239624,131.80322605278423,0.5209448354257254,0.8623043676567238,0.33553851715239624,132.46028503499753,0.0,0.0,0.0,0.004985150985228259,0.007396971142387883,10495.072823286057
0,0,45,0.4652264613141607,0.8671953060908543,0.4331314833931507,102.08723471573082,0.4652264613141607,0.8671953060908543,0.4331314833931507,102.24324725000656,0.0,0.0,0.0,0.0015282276448193933,0.008207023904987417,10495.072823286057
0,0,46,0.421550063343714,0.7077350410544208,0.4000452378697492,153.66139288182796,0.421550063343714,0.7077350410544208,0.4000452378697492,154.10250260959123,0.0,0.0,0.0,0.0028706607397636563,0.009510862806526417,10495.072823286057
0,0,47,0.39033679136249577,0.6119387571062667,0.4044174004422896,133.82318274781426,0.39033679136249577,0.6119387571062667,0.4044174004422896,134.23554498340494,0.0,0.0,0.0,0.0030813961163049133,0.010053062941372549,10495.072823286057
0,0,48,0.5146515882724658,0.7391156092297012,0.3535666780583177,151.86091845675418,0.5146515882724658,0.7391156092297012,0.3535666780583177,152.6068628613858,0.0,0.0,0.0,0.004912023529240274,0.006631182236775139,10495.072823286057
0,0,49,0.4202540350532325,0.7724093070514017,0.3952077820950804,107.3112516513747,0.4202540350532325,0.7724093070514017,0.3952077820950804,107.53988293787758,0.0,0.0,0.0,0.002130543470368197,0.009849852905090299,10495.072823286057
0,0,50,0.4863556169102752,0.8193189803564552,0.4030651122084284,111.61258625550884,0.4863556169102752,0.8193189803564552,0.4030651122084284,111.87637033528767,0.0,0.0,0.0,0.002363390085549697,0.007663744467964074,10495.072823286057
0,0,51,0.3278793782025295,0.668595952678859,0.38169464108399975,96.57969961890282,0.3278793782025295,0.668595952678859,0.38169464108399975,96.76420053928163,0.0,0.0,0.0,0.0019103488735918424,0.01426840996653902,10495.072823286057
0,0,52,0.3267878769634324,0.8872075208481004,0.4304738223175976,108.406887604364,0.3267878769634324,0.8872075208481004,0.4304738223175976,108.66918116173977,0.0,0.0,0.0,0.002419528529709502,0.01355968588924602,10495.072823286057
0,0,53,0.408273933519505,0.8783360986070355,0.47953552162170976,146.5144398505463,0.408273933519505,0.8783360986070355,0.47953552162170976,147.0609120128296,0.0,0.0,0.0,0.003729817776600921,0.010124586596158315,10495.072823286057
0,0,54,0.3992973841746382,0.7075231716497686,0.43533787036621324,97.5501695598785,0.3992973841746382,0.7075231716497686,0.43533787036621324,97.760457207647,0.0,0.0,0.0,0.002155687157872304,0.010680343893336879,10495.072823286057
0,0,55,0.4337307806702726,0.6288653196081859,0.4759302346669845,97.76340233201195,0.4337307806702726,0.6288653196081859,0.4759302346669845,98.05085492165811,0.0,0.0,0.0,0.002940288316377881,0.008149503386450024,10495.072823286057
0,0,56,0.45980730346750803,0.8413814183262636,0.3454637050321816,149.71551496338287,0.45980730346750803,0.8413814183262636,0.3454637050321816,150.5787386880543,0.0,0.0,0.0,0.0057657599807378265,0.00886695978361088,10495.072823286057
0,0,57,0.5005332437531347,0.5390736122729248,0.44149911346743553,93.82498022417678,0.5005332437531347,0.5390736122729248,0.44149911346743553,98.74337591353947,0.0,0.0,0.0,0.05242096164167709,0.017900443249519993,10495.072823286057
0,0,58,0.4227097967318232,0.6875168035223567,0.340650567222913,114.05891528597537,0.4227097967318232,0.6875168035223567,0.340650567222913,114.3022811475982,0.0,0.0,0.0,0.0021336855695378,0.009376229444628669,10495.072823286057
0,0,59,0.48661143484670616,0.644840491028594,0.32980771670671116,137.40699939489443,0.48661143484670616,0.644840491028594,0.32980771670671116,137.90523142652427,0.0,0.0,0.0,0.0036259581667886453,0.0069395754227195485,10495.072823286057
0,0,60,0.43005267816058,0.6543611587837351,0.3738134479590757,117.15604784924265,0.43005267816058,0.6543611587837351,0.3738134479590757,117.38110077553456,0.0,0.0,0.0,0.0019209672093199036,0.008701208488234259,10495.072823286057
0,0,61,0.5248508929293444,0.7571284767755369,0.43486478610089874,114.37271596159115,0.5248508929293444,0.7571284767755369,0.43486478610089874,114.8774142073467,0.0,0.0,0.0,0.004412750379426482,0.005910887165700322,10495.072823286057
0,0,62,0.4599626265056087,0.5761551930849524,0.31034584639675505,146.8869591755492,0.4599626265056087,0.5761551930849524,0.31034584639675505,147.3602172111944,0.0,0.0,0.0,0.0032219200281733804,0.007653370374961511,10495.072823286057
0,0,63,0.3183770149679767,0.8799624845757804,0.4654006051638107,142.8256849578982,0.3183770149679767,0.8799624845757804,0.4654006051638107,143.29574535112204,0.0,0.0,0.0,0.003291147480667749,0.01297388501343938,10495.072823286057
0,0,64,0.32664561575753726,0.6061409395034759,0.4699731262190424,120.78092572843943,0.32664561575753726,0.6061409395034759,0.4699731262190424,120.94809113852449,0.0,0.0,0.0,0.0013840381589797705,0.01331837315286867,10495.072823286057
0,0,65,0.4488957340113485,0.5759102515778921,0.3372672637355659,124.8292445463421,0.4488957340113485,0.5759102515778921,0.3372672637355659,125.4101245503165,0.0,0.0,0.0,0.004653396774813868,0.007670918725058856,10495.072823286057
0,0,66,0.47674744770951266,0.7241493075422748,0.3213760157138085,147.88662990717975,0.47674744770951266,0.7241493075422748,0.3213760157138085,148.58083121922405,0.0,0.0,0.0,0.004694145187296587,0.007944384181264547,10495.072823286057
0,0,67,0.34596802992014547,0.6885785039168628,0.41736989468889285,113.69684389977556,0.34596802992014547,0.6885785039168628,0.41736989468889285,113.95587953628856,0.0,0.0,0.0,0.002278301029546135,0.013799108318813355,10495.072823286057
0,0,68,0.4047094290015008,0.8473723942434507,0.39082714031722543,127.4529445315753,0.4047094290015008,0.8473723942434507,0.39082714031722543,127.80122760648025,0.0,0.0,0.0,0.002732640475157257,0.011165519420156943,10495.072823286057
0,0,69,0.5212732111017111,0.6304740134339264,0.4789580375775569,116.3659700892978,0.5212732111017111,0.6304740134339264,0.4789580375775569,116.5678286531949,0.0,0.0,0.0,0.0017346872435488373,0.005017734186077506,10495.072823286057
0,0,70,0.44839514345358467,0.8510108993441993,0.45513713804903877,107.82544937441199,0.44839514345358467,0.8510108993441993,0.45513713804903877,107.95560396325885,0.0,0.0,0.0,0.0012070859857482843,0.008700470984060328,10495.072823286057
0,0,71,0.37983508611626854,0.842611473115673,0.30105306091311496,145.0767761489229,0.37983508611626854,0.842611473115673,0.30105306091311496,145.71107999137794,0.0,0.0,0.0,0.004372194222209074,0.011836087198548891,10495.072823286057
0,0,72,0.48468164946668174,0.6986169082595208,0.36060648536386275,111.15160075629834,0.48468164946668174,0.6986169082595208,0.36060648536386275,111.41699495148418,0.0,0.0,0.0,0.002387677670677272,0.0072249765509443615,10495.072823286057
0,0,73,0.3702774829950203,0.6905020885883395,0.4009096517915907,128.34358450465578,0.3702774829950203,0.6905020885883395,0.4009096517915907,128.7020620781664,0.0,0.0,0.0,0.0027931086301988704,0.012092456493859873,10495.072823286057
0,0,74,0.5265505598046568,0.8138949813208822,0.4244358458882325,155.5600092301178,0.5265505598046568,0.8138949813208822,0.4244358458882325,156.1469186714116,0.0,0.0,0.0,0.003772881244983763,0.006110102128426073,10495.072823286057
0,0,75,0.36193013532771134,0.5893752720195348,0.42250792085460614,96.49637549758647,0.36193013532771134,0.5893752720195348,0.42250792085460614,96.69850172060877,0.0,0.0,0.0,0.002094650933571696,0.011512237473959148,10495.072823286057
0,0,76,0.3240285388212288,0.7152855311963364,0.39324120506505783,151.07298582455326,0.3240285388212288,0.7152855311963364,0.39324120506505783,151.56349697185368,0.0,0.0,0.0,0.003246848830207626,0.01455811886747186,10495.072823286057
0,0,77,0.4492667396976032,0.7150117645428274,0.3993746870787009,109.21968262670816,0.4492667396976032,0.7150117645428274,0.3993746870787009,109.26616999028666,0.0,0.0,0.0,0.0004256317401816433,0.008716012778385986,10495.072823286057
0,0,78,0.31898853938946875,0.6008027611147853,0.4384064241763678,106.28792024918721,0.31898853938946875,0.6008027611147853,0.4384064241763678,106.4635711114631,0.0,0.0,0.0,0.0016525947808940257,0.01376750331231752,10495.072823286057
0,0,79,0.3944721615370656,0.5338256559284869,0.46600954596034916,103.40381756633998,0.3944721615370656,0.5338256559284869,0.46600954596034916,103.64966130297924,0.0,0.0,0.0,0.002377511221783806,0.008753886301875992,10495.072823286057
0,0,80,0.3854911503637733,0.8829832793849635,0.3637421676971034,143.0343084887518,0.3854911503637733,0.8829832793849635,0.3637421676971034,143.4876951978609,0.0,0.0,0.0,0.003169775936272918,0.012121000495464804,10495.072823286057
0,0,81,0.5000481639679015,0.6713351063214138,0.3875763746245598,117.04680644308458,0.5000481639679015,0.6713351063214138,0.3875763746245598,117.25495675525197,0.0,0.0,0.0,0.0017783510588014722,0.006497251978285403,10495.072823286057
0,0,82,0.33906720885575536,0.7025327362277645,0.3482704290169365,109.82157803444562,0.33906720885575536,0.7025327362277645,0.3482704290169365,110.13710783850888,0.0,0.0,0.0,0.002873113004844039,0.013672984723709336,10495.072823286057
0,0,83,0.3554783584920615,0.6013219148610303,0.46276553403100423,120.18651175901415,0.3554783584920615,0.6013219148610303,0.46276553403100423,120.43127031136528,0.0,0.0,0.0,0.0020364893594873143,0.01197215061911584,10495.072823286057
0,0,84,0.3704992265883857,0.7422705123767211,0.4208544592116912,134.17862669126174,0.3704992265883857,0.7422705123767211,0.4208544592116912,134.55922305895905,0.0,0.0,0.0,0.002836490259905856,0.012407947111528381,10495.072823286057
0,0,85,0.5087961962746386,0.5858231697464987,0.37427742568847927,111.53878984442578,0.5087961962746386,0.5858231697464987,0.37427742568847927,111.7164304220092,0.0,0.0,0.0,0.0015926349732787197,0.005557866945004741,10495.072823286057
0,0,86,0.32004101304045907,0.596951647763769,0.3789337162597206,118.33191938039526,0.32004101304045907,0.596951647763769,0.3789337162597206,118.7048038249017,0.0,0.0,0.0,0.003151173803813222,0.013900635797580926,10495.072823286057
0,0,87,0.4466295962698772,0.693054617733637,0.42146613351429496,107.6912490883358,0.4466295962698772,0.693054617733637,0.42146613351429496,107.95083443675637,0.0,0.0,0.0,0.0024104590727482608,0.008235988667755934,10495.072823286057
0,0,88,0.34477128480966895,0.6493977287326727,0.31922168670562945,116.61499466673725,0.34477128480966895,0.6493977287326727,0.31922168670562945,116.98835433782814,0.0,0.0,0.0,0.0032016437693787505,0.012560424740627154,10495.072823286057
0,0,89,0.41359783388038107,0.7877409685807775,0.4734049738670826,96.98972828229213,0.41359783388038107,0.7877409685807775,0.4734049738670826,97.20445203570475,0.0,0.0,0.0,0.002213881379146172,0.009971027256929992,10495.072823286057
0,0,90,0.5001225820376879,0.6343201092260822,0.4206296300103124,142.3458801825112,0.5001225820376879,0.6343201092260822,0.4206296300103124,142.67032312240175,0.0,0.0,0.0,0.002279257674859079,0.005894753919708379,10495.072823286057
0,0,91,0.46759174684635224,0.8574599427741302,0.47207872983657695,151.13985181554764,0.46759174684635224,0.8574599427741302,0.47207872983657695,151.5170981950592,0.0,0.0,0.0,0.0024960086633665736,0.0076270943343266055,10495.072823286057
0,0,92,0.322110011972663,0.6877230400459755,0.39698886539545764,97.82213733563172,0.322110011972663,0.6877230400459755,0.39698886539545764,98.02088262929428,0.0,0.0,0.0,0.0020317005851206386,0.014501915238339486,10495.072823286057
0,0,93,0.31768709669335193,0.8273706101247963,0.4966604488572351,142.78811579204248,0.31768709669335193,0.8273706101247963,0.4966604488572351,143.27186106610012,0.0,0.0,0.0,0.0033878538936823657,0.012951711158715223,10495.072823286057
0,0,94,0.3830923363854156,0.7828934651292561,0.3598362146396494,140.0467801797343,0.3830923363854156,0.7828934651292561,0.3598362146396494,140.45772682543725,0.0,0.0,0.0,0.002934352686834685,0.011610317321785595,10495.072823286057
0,0,95,0.37552666336688856,0.8103197749414867,0.4975481493789154,155.3899093300149,0.37552666336688856,0.8103197749414867,0.4975481493789154,155.9045182507837,0.0,0.0,0.0,0.0033117267587555424,0.011524050878380852,10495.072823286057
0,0,96,0.5027840016362985,0.8565475683832908,0.4416413828206345,128.4060548289693,0.5027840016362985,0.8565475683832908,0.4416413828206345,128.74685067228455,0.0,0.0,0.0,0.0026540480802807343,0.006571135333436056,10495.072823286057
0,0,97,0.5113032619028165,0.564354426848281,0.37402630902800155,131.62118396932894,0.5113032619028165,0.564354426848281,0.37402630902800155,132.2552406483456,0.0,0.0,0.0,0.00481728442105796,0.005448348060910866,10495.072823286057
0,0,98,0.4173010082498427,0.8139645475765159,0.33901727869580933,97.64084358854147,0.4173010082498427,0.8139645475765159,0.33901727869580933,97.80560467618659,0.0,0.0,0.0,0.001687419747615265,0.010335643176696427,10495.072823286057
0,0,99,0.3431953839276227,0.8742874626455928,0.3265549074458861,107.88114546019821,0.3431953839276227,0.8742874626455928,0.3265549074458861,108.20036175283492,0.0,0.0,0.0,0.002958962766616919,0.0144098559234687,10495.072823286057
0,0,100,0.5182163607317137,0.6062270425780971,0.4656889770549062,103.08013269262626,0.5182163607317137,0.6062270425780971,0.4656889770549062,103.35007280556083,0.0,0.0,0.0,0.0026187404486516827,0.004763299081771059,10495.072823286057
0,0,101,0.4247017740681152,0.5807514594272798,0.43780729595622625,146.35923276951743,0.4247017740681152,0.5807514594272798,0.43780729595622625,146.8407634468946,0.0,0.0,0.0,0.0032900601367286545,0.007916166521244812,10495.072823286057
0,0,102,0.40628239845245007,0.872208731225945,0.46506658127695966,114.8884570294735,0.40628239845245007,0.872208731225945,0.46506658127695966,115.22492453267579,0.0,0.0,0.0,0.0029286449822889388,0.010512767359261703,10495.072823286057
0,0,103,0.43798547561629236,0.7999221619715092,0.4654207874049592,152.08990442822383,0.43798547561629236,0.7999221619715092,0.4654207874049592,152.58317999729115,0.0,0.0,0.0,0.003243315662020911,0.008774952732627964,10495.072823286057
0,0,104,0.34709388063154395,0.7971809749205977,0.3278702787735645,150.40804725705792,0.34709388063154395,0.7971809749205977,0.3278702787735645,151.0920898473772,0.0,0.0,0.0,0.004547912181521795,0.013228006813669231,10495.072823286057
0,0,105,0.36421014550532527,0.8354001112164903,0.36126357310642476,154.36439801289512,0.36421014550532527,0.8354001112164903,0.36126357310642476,155.01679008640218,0.0,0.0,0.0,0.00422631177852655,0.013240083056780034,10495.072823286057
0,0,106,0.4257630190731595,0.6469784683619517,0.356486703432936,131.61656223872976,0.4257630190731595,0.6469784683619517,0.356486703432936,132.0283321072409,0.0,0.0,0.0,0.0031285566307702076,0.008754200408169311,10495.072823286057
0,0,107,0.38692430036778036,0.7734203145953906,0.33088501409217885,109.3609699622677,0.38692430036778036,0.7734203145953906,0.33088501409217885,109.57562341183973,0.0,0.0,0.0,0.0019627976017960237,0.011390194787107653,10495.072823286057
0,0,108,0.5000476859178391,0.7456305762547513,0.3523966111941068,103.08843128631176,0.5000476859178391,0.7456305762547513,0.3523966111941068,103.30859290727248,0.0,0.0,0.0,0.0021356578833686955,0.007041274626767781,10495.072823286057
0,0,109,0.34536251054137496,0.6208669328449812,0.3765649333140815,134.31744103902722,0.34536251054137496,0.6208669328449812,0.3765649333140815,134.79694495159532,0.0,0.0,0.0,0.003569930374334494,0.01269828417841943,10495.072823286057
0,0,110,0.34362831278430106,0.7097436411662408,0.4202996715246715,95.54306302324653,0.34362831278430106,0.7097436411662408,0.4202996715246715,95.75458029696112,0.0,0.0,0.0,0.00221384229290542,0.014097915029612006,10495.072823286057
0,0,111,0.3477124038458432,0.8620149131509313,0.31408411523083934,101.86087183745613,0.3477124038458432,0.8620149131509313,0.31408411523083934,102.13141581777154,0.0,0.0,0.0,0.0026560147722584602,0.013590710477964663,10495.072823286057
0,0,112,0.5165973036445645,0.7532686754427159,0.3737986247459582,125.71187636270392,0.5165973036445645,0.7532686754427159,0.3737986247459582,126.06047971170807,0.0,0.0,0.0,0.002773034331285934,0.006335093027074903,10495.072823286057
0,0,113,0.4563598629810446,0.6302346295952008,0.3275936145733911,143.0024746564995,0.4563598629810446,0.6302346295952008,0.3275936145733911,143.63368589890686,0.0,0.0,0.0,0.004413988246871824,0.007797855606998954,10495.072823286057
0,0,114,0.4579460832456241,0.714395721286522,0.4633472871939317,128.06720430437665,0.4579460832456241,0.714395721286522,0.4633472871939317,128.54292046989454,0.0,0.0,0.0,0.0037145822625069777,0.0076620314039770945,10495.072823286057
0,0,115,0.5234727778917314,0.6051008587721659,0.41074607257304563,123.97654355771174,0.5234727778917314,0.6051008587721659,0.41074607257304563,124.23814113246588,0.0,0.0,0.0,0.00211005700955337,0.005009089742124693,10495.072823286057
0,0,116,0.39104099441775453,0.7425163329019104,0.3470602463335161,143.8876677361552,0.39104099441775453,0.7425163329019104,0.3470602463335161,144.43817693623174,0.0,0.0,0.0,0.0038259651347327,0.011134613080043725,10495.072823286057
0,0,117,0.4995073794387495,0.5782096832858872,0.39341464134765425,111.07155578335652,0.4995073794387495,0.5782096832858872,0.39341464134765425,111.24155329817386,0.0,0.0,0.0,0.0015305224962268208,0.005753457830225774,10495.072823286057
0,0,118,0.3340376865221361,0.8505602294288804,0.38598973840956713,102.98070624763088,0.3340376865221361,0.8505602294288804,0.38598973840956713,103.23907737152557,0.0,0.0,0.0,0.0025089274807788024,0.01437201151478977,10495.072823286057
0,0,119,0.45857945738521716,0.6042866898647534,0.4802862157376354,107.32176608865801,0.45857945738521716,0.6042866898647534,0.4802862157376354,107.24983603626485,0.0,0.0,0.0,0.0006702279976806891,0.007355447113919939,10495.072823286057
0,0,120,0.36942396066088207,0.8685972947150956,0.3378640769079523,104.95571315113172,0.36942396066088207,0.8685972947150956,0.3378640769079523,105.2828773517242,0.0,0.0,0.0,0.003117164285486538,0.013651980923252472,10495.072823286057
0,0,121,0.390326629765747,0.6143421425394165,0.43408914855455694,100.94246138271546,0.390326629765747,0.6143421425394165,0.43408914855455694,101.17321918386638,0.0,0.0,0.0,0.002286033032977221,0.01014410116063563,10495.072823286057
0,0,122,0.5056212778516875,0.8371363236247876,0.300565406437324,127.59163510742464,0.5056212778516875,0.8371363236247876,0.300565406437324,127.97291974200809,0.0,0.0,0.0,0.0029883199965454812,0.00818509570873366,10495.072823286057
0,0,123,0.33904561881900913,0.6240740103601515,0.3833792081266205,122.10100761582979,0.33904561881900913,0.6240740103601515,0.3833792081266205,122.41123624290317,0.0,0.0,0.0,0.0025407540292334656,0.013238298518976111,10495.072823286057
0,0,124,0.41527893068916305,0.8617684288096757,0.3517542178844301,105.49313817403362,0.41527893068916305,0.8617684288096757,0.3517542178844301,105.74966540152683,0.0,0.0,0.0,0.0024316958612986906,0.011340790057573727,10495.072823286057
0,0,125,0.45797771002549953,0.868549639689952,0.4845621750887503,148.7656249952171,0.45797771002549953,0.868549639689952,0.4845621750887503,149.18527793126606,0.0,0.0,0.0,0.00282089989580886,0.007700630638084018,10495.072823286057
0,0,126,0.3300790518398827,0.8650271243498424,0.42984807381089507,148.22224034533102,0.3300790518398827,0.8650271243498424,0.42984807381089507,148.6888711858775,0.0,0.0,0.0,0.0031481836967200104,0.013580286119093097,10495.072823286057
0,0,127,0.40260877675981266,0.6103834267504601,0.4585940153789387,135.10215443698647,0.40260877675981266,0.6103834267504601,0.4585940153789387,135.50695973071555,0.0,0.0,0.0,0.002996290439749354,0.009341742372248541,10495.072823286057
0,0,128,0.4808352594166573,0.6039773677551283,0.3268703474596786,141.47656810235446,0.4808352594166573,0.6039773677551283,0.3268703474596786,142.08133790423548,0.0,0.0,0.0,0.004274699407773907,0.0069171926667707705,10495.072823286057
0,0,129,0.3207682607028282,0.868188241861005,0.32701757250185315,131.25689284560005,0.3207682607028282,0.868188241861005,0.32701757250185315,131.67836793562066,0.0,0.0,0.0,0.0032110701455991047,0.014912824933745829,10495.072823286057
0,0,130,0.49897229086049977,0.8361323928008808,0.4622046797568684,110.09039758852978,0.49897229086049977,0.8361323928008808,0.4622046797568684,110.47728170287162,0.0,0.0,0.0,0.00351424032264689,0.006613170134188989,10495.072823286057
0,0,131,0.3327890855785869,0.8684953520583524,0.4227583382094204,93.91442210164374,0.3327890855785869,0.8684953520583524,0.4227583382094204,94.1584901212221,0.0,0.0,0.0,0.0025988342803644044,0.01369706149047622,10495.072823286057
0,0,132,0.5085959145718918,0.8821052337093321,0.35725932083323414,144.60382018993622,0.5085959145718918,0.8821052337093321,0.35725932083323414,145.22079086973048,0.0,0.0,0.0,0.004266627804050243,0.00743987219085992,10495.072823286057
0,0,133,0.333888076158956,0.6880894167927145,0.4635407549489616,119.29583329311086,0.333888076158956,0.6880894167927145,0.4635407549489616,119.51683916222774,0.0,0.0,0.0,0.001852586658025737,0.013722068296776864,10495.072823286057
0,0,134,0.4257451882164522,0.5740491586336485,0.4628013038500224,124.866713020782,0.4257451882164522,0.5740491586336485,0.4628013038500224,124.95822115929717,0.0,0.0,0.0,0.0007328465393329972,0.008062290232007233,10495.072823286057
0,0,135,0.36888691012108776,0.8082235853803083,0.4958456578379125,127.39645212976814,0.36888691012108776,0.8082235853803083,0.4958456578379125,127.72832472881261,0.0,0.0,0.0,0.002605038001422696,0.01203439000922919,10495.072823286057
0,0,136,0.47203869697298534,0.8849300445411687,0.30602549927506484,131.18610327292322,0.47203869697298534,0.8849300445411687,0.30602549927506484,131.91071226338457,0.0,0.0,0.0,0.005523519430666004,0.0094509283394973,10495.072823286057
0,0,137,0.5205993036140247,0.5741544837143774,0.3446202989987841,128.1392743114608,0.5205993036140247,0.5741544837143774,0.3446202989987841,128.38323812170853,0.0,0.0,0.0,0.0019038956756905888,0.00550489869813213,10495.072823286057
0,0,138,0.468911062561877,0.7287271074651644,0.40954035912847325,96.9711768421476,0.468911062561877,0.7287271074651644,0.40954035912847325,97.1915574162921,0.0,0.0,0.0,0.002272639987686663,0.00759109427681945,10495.072823286057
0,0,139,0.47247746927309076,0.6463490360226006,0.31479237475828103,153.65426996329046,0.47247746927309076,0.6463490360226006,0.31479237475828103,154.41575759480412,0.0,0.0,0.0,0.0049558507661100915,0.0075688662601878344,10495.072823286057
0,0,140,0.4918374802856025,0.660636066726161,0.44054786111641103,147.50742416578717,0.4918374802856025,0.660636066726161,0.44054786111641103,148.09252938849494,0.0,0.0,0.0,0.0039666154162529025,0.0061712170461722116,10495.072823286057
0,0,141,0.4518179884463027,0.7271689391287264,0.4524626845062387,138.5196489150025,0.4518179884463027,0.7271689391287264,0.4524626845062387,138.83699004953493,0.0,0.0,0.0,0.002290946714188913,0.008037081401258904,10495.072823286057
0,0,142,0.4150726070751898,0.7357229230548398,0.44926447201826236,97.72274494619981,0.4150726070751898,0.7357229230548398,0.44926447201826236,97.94307786954488,0.0,0.0,0.0,0.0022546739089898743,0.009861045372129638,10495.072823286057
0,0,143,0.4529908450115724,0.7938002857279892,0.37975176902558827,125.4489081451327,0.4529908450115724,0.7938002857279892,0.37975176902558827,125.76085589969716,0.0,0.0,0.0,0.002486651810500914,0.00870780746065496,10495.072823286057
0,0,144,0.36476005245812465,0.7633189342007519,0.49425685284013465,112.41956779529258,0.36476005245812465,0.7633189342007519,0.49425685284013465,112.66579414258527,0.0,0.0,0.0,0.0021902445643720136,0.012677747330844863,10495.072823286057
0,0,145,0.4141572965390155,0.8490229345084527,0.41028017545950085,120.09154625703935,0.4141572965390155,0.8490229345084527,0.41028017545950085,120.42891853215059,0.0,0.0,0.0,0.0028092924575151747,0.010453903903123268,10495.072823286057
0,0,146,0.45750934736395443,0.5434411821481121,0.3307592835771826,148.20771152192185,0.45750934736395443,0.5434411821481121,0.3307592835771826,148.9020237048469,0.0,0.0,0.0,0.004684723728578374,0.007525359942195672,10495.072823286057
0,0,147,0.34988860710476655,0.5429607277814285,0.4852791074604678,140.79906606810783,0.34988860710476655,0.5429607277814285,0.4852791074604678,141.16818708437535,0.0,0.0,0.0,0.0026216155161779327,0.011358764408337177,10495.072823286057
0,0,148,0.5227378837032426,0.8022002279558832,0.48456167517775184,115.27584029322375,0.5227378837032426,0.8022002279558832,0.48456167517775184,115.5616465721975,0.0,0.0,0.0,0.0024793250541202275,0.005405814791538671,10495.072823286057
0,0,149,0.475727483075913,0.590864975252193,0.4647780223334252,139.51950176054,0.475727483075913,0.590864975252193,0.4647780223334252,139.95221081346966,0.0,0.0,0.0,0.0031014234387986813,0.005855837223748204,10495.072823286057
0,0,150,0.4626688506406471,0.8221150745243004,0.3688813515585714,96.55238598065118,0.4626688506406471,0.8221150745243004,0.3688813515585714,96.73645817586494,0.0,0.0,0.0,0.0019064489535312575,0.008631331355824506,10495.072823286057
0,0,151,0.4371070212341172,0.584417126486877,0.44375427537509426,115.33478150473998,0.4371070212341172,0.584417126486877,0.44375427537509426,115.65133401648481,0.0,0.0,0.0,0.002744640494522648,0.007421587817482212,10495.072823286057
0,0,152,0.4129290415534718,0.8789579500235122,0.4562932055544062,146.4868778289985,0.4129290415534718,0.8789579500235122,0.4562932055544062,146.9802443276989,0.0,0.0,0.0,0.0033679910857020794,0.010240189288535748,10495.072823286057
0,0,153,0.43362913503979555,0.8667755837179921,0.303665163875022,149.32399411824133,0.43362913503979555,0.8667755837179921,0.303665163875022,150.13486877584677,0.0,0.0,0.0,0.005430303832908141,0.010073010098920048,10495.072823286057
0,0,154,0.39873903998683174,0.614767745398754,0.4068788454506722,152.7931424157973,0.39873903998683174,0.614767745398754,0.4068788454506722,153.34924754861404,0.0,0.0,0.0,0.0036395948406075713,0.00963773442560906,10495.072823286057
0,0,155,0.3863406435796582,0.8550605192864855,0.3934663225010171,154.2054852992957,0.3863406435796582,0.8550605192864855,0.3934663225010171,154.6743514084837,0.0,0.0,0.0,0.003040528086779586,0.012022413043681474,10495.072823286057
0,0,156,0.477751893497228,0.8105906159206753,0.37230549658614875,130.48674938834367,0.477751893497228,0.8105906159206753,0.37230549658614875,130.92498629282278,0.0,0.0,0.0,0.0033584782097289293,0.007902115837738689,10495.072823286057
0,0,157,0.3689438726529242,0.816549220754605,0.3517053225115283,135.78810623018828,0.3689438726529242,0.816549220754605,0.3517053225115283,136.22613197070717,0.0,0.0,0.0,0.00322580344243371,0.012536492306969323,10495.072823286057
0,0,158,0.3323978867142206,0.620138776428306,0.37162408748582054,104.50346664037957,0.3323978867142206,0.620138776428306,0.37162408748582054,104.80656946910878,0.0,0.0,0.0,0.0029004093210826705,0.01361165793263105,10495.072823286057
0,0,159,0.37142231961852773,0.6041401535879021,0.3079527394225318,115.17931239587972,0.37142231961852773,0.6041401535879021,0.3079527394225318,115.53328117081684,0.0,0.0,0.0,0.003073197500263753,0.010889265474586962,10495.072823286057
0,0,160,0.436119453003546,0.6854141716490159,0.31881476509230494,115.50497190224972,0.436119453003546,0.6854141716490159,0.31881476509230494,115.65505953765397,0.0,0.0,0.0,0.0012994041116365504,0.009013201113952965,10495.072823286057
0,0,161,0.44763840709832337,0.5401875261298622,0.47492647558910756,147.1280957204339,0.44763840709832337,0.5401875261298622,0.47492647558910756,147.4030687207808,0.0,0.0,0.0,0.0018689360383579976,0.006496839767825594,10495.072823286057
0,0,162,0.3258481895313281,0.8173594418173958,0.33695903229736973,137.22649468116214,0.3258481895313281,0.8173594418173958,0.33695903229736973,137.70697630575324,0.0,0.0,0.0,0.0035013765068289356,0.013982738950391739,10495.072823286057
0,0,163,0.3492050537766556,0.7780250133740595,0.4917267662128841,155.3115617343717,0.3492050537766556,0.7780250133740595,0.4917267662128841,155.82089166579917,0.0,0.0,0.0,0.0032794076998502036,0.012830113881046764,10495.072823286057
0,0,164,0.4564553013355652,0.590573797624394,0.378982129455134,111.12470079030633,0.4564553013355652,0.590573797624394,0.378982129455134,111.33210789438296,0.0,0.0,0.0,0.0018664356583330875,0.007086897551328313,10495.072823286057
0,0,165,0.5181463057040501,0.638767497542407,0.41221539894526593,119.21033094996486,0.5181463057040501,0.638767497542407,0.41221539894526593,119.54467674883065,0.0,0.0,0.0,0.0028046713418330292,0.005334132017804201,10495.072823286057
0,0,166,0.3457715132189599,0.6690832367122602,0.4538830107657429,119.59995984152316,0.3457715132189599,0.6690832367122602,0.4538830107657429,119.90345882367443,0.0,0.0,0.0,0.0025376177596833794,0.01349469772397763,10495.072823286057
0,0,167,0.45983537791147727,0.7390581261561695,0.3153044358233046,139.367803627917,0.45983537791147727,0.7390581261561695,0.3153044358233046,139.92979090085728,0.0,0.0,0.0,0.0040324038860558836,0.008498754481133594,10495.072823286057
0,0,168,0.4587089472624333,0.8171861244767437,0.32978629099698226,154.6561950421251,0.4587089472624333,0.8171861244767437,0.32978629099698226,155.67206174158744,0.0,0.0,0.0,0.0065685483803972385,0.008827618442349028,10495.072823286057
0,0,169,0.4995748985409386,0.8530897973579021,0.4923890160487622,132.57306301559112,0.4995748985409386,0.8530897973579021,0.4923890160487622,132.8634875461061,0.0,0.0,0.0,0.002190675269234849,0.0061880273420328,10495.072823286057
0,0,170,0.49481078128035716,0.589645447365033,0.4115489094731384,116.75499635401695,0.49481078128035716,0.589645447365033,0.4115489094731384,117.00276052765389,0.0,0.0,0.0,0.0021220862607513884,0.005630292238617204,10495.072823286057
0,0,171,0.36185275431153313,0.6694675333441654,0.38563289981872173,131.9589442811863,0.36185275431153313,0.6694675333441654,0.38563289981872173,132.48365874223424,0.0,0.0,0.0,0.003976346309120626,0.012325249484393836,10495.072823286057
0,0,172,0.47187741867830346,0.5379278280918326,0.3508081827585279,131.50911591024564,0.47187741867830346,0.5379278280918326,0.3508081827585279,132.09348186090256,0.0,0.0,0.0,0.004443539496195411,0.006732757937810559,10495.072823286057
0,0,173,0.3341684425789872,0.8867061067276567,0.46646922490014076,96.0485848542078,0.3341684425789872,0.8867061067276567,0.46646922490014076,96.26028647211403,0.0,0.0,0.0,0.0022041097037251616,0.01260274095476684,10495.072823286057
0,0,174,0.4362509005743218,0.7488157486510117,0.30138531590285367,104.94274211957716,0.4362509005743218,0.7488157486510117,0.30138531590285367,105.13419662737,0.0,0.0,0.0,0.0018243711182493,0.009478578105731647,10495.072823286057
0,0,175,0.35129858705406947,0.6964950578845217,0.4134007232454585,121.99432648982197,0.35129858705406947,0.6964950578845217,0.4134007232454585,122.26447796549799,0.0,0.0,0.0,0.0022144593396198225,0.013480382326880029,10495.072823286057
0,0,176,0.5105726685028434,0.8217980934385509,0.38023321089998835,106.44759727886442,0.5105726685028434,0.8217980934385509,0.38023321089998835,106.68374698445527,0.0,0.0,0.0,0.0022184597081341137,0.006985152233454199,10495.072823286057
0,0,177,0.392106688626741,0.8385224378642653,0.3697631109165849,155.69160137758738,0.392106688626741,0.8385224378642653,0.3697631109165849,156.28390716400617,0.0,0.0,0.0,0.0038043528435571516,0.011807102052831909,10495.072823286057
0,0,178,0.43587722513609556,0.6165802778960571,0.4317394610102362,135.01415693097707,0.43587722513609556,0.6165802778960571,0.4317394610102362,135.42278119575866,0.0,0.0,0.0,0.0030265290253265334,0.007833146612523392,10495.072823286057
0,0,179,0.4250821979481093,0.6315780049389986,0.4259836393669003,123.69942647956904,0.4250821979481093,0.6315780049389986,0.4259836393669003,124.10382754631254,0.0,0.0,0.0,0.003269223457639042,0.008571129358180777,10495.072823286057
0,0,180,0.4007535173049078,0.7871822111473167,0.3561646656072007,98.92030737488227,0.4007535173049078,0.7871822111473167,0.3561646656072007,99.06702301700464,0.0,0.0,0.0,0.0014831700994049608,0.010939967056635854,10495.072823286057
0,0,181,0.5211217483707934,0.732693994605623,0.42886419243024926,129.8044664689131,0.5211217483707934,0.732693994605623,0.42886419243024926,129.97812393400102,0.0,0.0,0.0,0.0013378389034827006,0.005954571481557856,10495.072823286057
0,0,182,0.41680116461301653,0.5759527063959892,0.36271922424464365,139.763036417812,0.41680116461301653,0.5759527063959892,0.36271922424464365,140.67915201647807,0.0,0.0,0.0,0.006554777444355192,0.008847830151473488,10495.072823286057
0,0,183,0.5079590859731979,0.8479536905376176,0.4896641763739884,95.33774508572773,0.5079590859731979,0.8479536905376176,0.4896641763739884,95.50434025054228,0.0,0.0,0.0,0.0017474208632137236,0.005973124043033587,10495.072823286057
0,0,184,0.4722261414770145,0.7712730271818132,0.4250375280978044,133.6015117445666,0.4722261414770145,0.7712730271818132,0.4250375280978044,133.95837970234635,0.0,0.0,0.0,0.0026711371235232633,0.007562628597971207,10495.072823286057
0,0,185,0.343143158113224,0.7547889694108372,0.45741836213721937,94.21256495778499,0.343143158113224,0.7547889694108372,0.45741836213721937,94.35932832278334,0.0,0.0,0.0,0.001557789718007485,0.013561830550409701,10495.072823286057
0,0,186,0.5108402475422331,0.5788740679816368,0.37514121454457094,128.1686591803067,0.5108402475422331,0.5788740679816368,0.37514121454457094,128.6147069085275,0.0,0.0,0.0,0.003480162241482983,0.005361338063490114,10495.072823286057
0,0,187,0.4448418986464043,0.7275471561393084,0.3775439753224574,148.7697635730587,0.4448418986464043,0.7275471561393084,0.3775439753224574,149.41239046221645,0.0,0.0,0.0,0.004319606845662349,0.008685913844956136,10495.072823286057
0,0,188,0.40018736873311217,0.842598058674631,0.3659766744789452,132.85747021053461,0.40018736873311217,0.842598058674631,0.3659766744789452,133.26343662005098,0.0,0.0,0.0,0.003055653617918857,0.011509241089025336,10495.072823286057
0,0,189,0.49581156042916846,0.575038808297186,0.3341795994969794,139.2664689212783,0.49581156042916846,0.575038808297186,0.3341795994969794,139.69929980407113,0.0,0.0,0.0,0.003107933202769033,0.006208119513077794,10495.072823286057
0,0,190,0.40519992589887405,0.8611836174099298,0.35477399757965644,97.50303775765792,0.40519992589887405,0.8611836174099298,0.35477399757965644,97.74078584102526,0.0,0.0,0.0,0.0024383659097704695,0.01187981673856789,10495.072823286057
0,0,191,0.3820246697040666,0.7874557665445874,0.45619311635363663,127.41873975497455,0.3820246697040666,0.7874557665445874,0.45619311635363663,127.75133324902774,0.0,0.0,0.0,0.0026102400219368076,0.012479897542737525,10495.072823286057
0,0,192,0.38226140316082613,0.857804153933148,0.4856151023039315,121.03256098163506,0.38226140316082613,0.857804153933148,0.4856151023039315,121.2874907814185,0.0,0.0,0.0,0.0021062910485891645,0.01136768103792328,10495.072823286057
0,0,193,0.4029451391096638,0.7502020551689071,0.44272261308145117,132.50736541039913,0.4029451391096638,0.7502020551689071,0.44272261308145117,132.8500297590088,0.0,0.0,0.0,0.002586002276540482,0.01055963373712248,10495.072823286057
0,0,194,0.4078549967101047,0.689373821043052,0.4291990226881763,151.1164868042078,0.4078549967101047,0.689373821043052,0.4291990226881763,151.6282977659819,0.0,0.0,0.0,0.0033868638200755963,0.01002513211233464,10495.072823286057
0,0,195,0.32661888944851547,0.5643235058916863,0.4523086216554312,122.48108459124721,0.32661888944851547,0.5643235058916863,0.4523086216554312,122.78157765518742,0.0,0.0,0.0,0.0024533834342097506,0.01324547147758057,10495.072823286057
0,0,196,0.4804793332369278,0.7239845264732708,0.392372402947115,153.38592320084285,0.4804793332369278,0.7239845264732708,0.392372402947115,154.09795231542626,0.0,0.0,0.0,0.004642076011441245,0.007429159515184783,10495.072823286057
0,0,197,0.3942276654082302,0.7621901658350638,0.40869516985914917,100.68817277022946,0.3942276654082302,0.7621901658350638,0.40869516985914917,100.95716373227707,0.0,0.0,0.0,0.0026715249134716926,0.011185195014265813,10495.072823286057
0,0,198,0.351863886347984,0.822602268239995,0.40454023865916744,136.18093414900184,0.351863886347984,0.822602268239995,0.40454023865916744,136.6590896288961,0.0,0.0,0.0,0.003511177852335022,0.01454442383654014,10495.072823286057
0,0,199,0.4122805753258381,0.8341780072372753,0.4704032180392158,120.65749724948208,0.4122805753258381,0.8341780072372753,0.4704032180392158,120.99380279407235,0.0,0.0,0.0,0.002787274328216004,0.010075637919276398,10495.072823286057
0,0,200,0.37559602811496356,0.6962070819800444,0.3243439385152884,126.41302198243329,0.37559602811496356,0.6962070819800444,0.3243439385152884,126.74999423493331,0.0,0.0,0.0,0.00266564509902188,0.011317376523382449,10495.072823286057
0,0,201,0.40283453425135723,0.557932039257656,0.31979333516370634,155.3930227479217,0.40283453425135723,0.557932039257656,0.31979333516370634,156.79203047278472,0.0,0.0,0.0,0.009003027936025762,0.009597485191203762,10495.072823286057
0,0,202,0.46294832317745077,0.6917844033934071,0.4280353617179524,110.65555352840609,0.46294832317745077,0.6917844033934071,0.4280353617179524,110.93888693887854,0.0,0.0,0.0,0.0025604987859892425,0.007503510919535031,10495.072823286057
0,0,203,0.380195407033194,0.5585364339808313,0.3105171142244987,144.2171955221543,0.380195407033194,0.5585364339808313,0.3105171142244987,145.2481359353891,0.0,0.0,0.0,0.007148526287050266,0.010619688149006122,10495.072823286057
0,0,204,0.4881074258516231,0.5342649224230933,0.3660110688194995,99.31792853818516,0.4881074258516231,0.5342649224230933,0.3660110688194995,99.56685293661786,0.0,0.0,0.0,0.0025063390074330956,0.006099247315899344,10495.072823286057
0,0,205,0.41523679754357257,0.7517797582574175,0.41020961259055116,102.12886702988993,0.41523679754357257,0.7517797582574175,0.41020961259055116,102.38416626467377,0.0,0.0,0.0,0.002499775452410688,0.01000633795574609,10495.072823286057
0,0,206,0.4647154385194551,0.750104139124408,0.39348507152912565,112.3204462714954,0.4647154385194551,0.750104139124408,0.39348507152912565,112.53247468023382,0.0,0.0,0.0,0.0018877098139898295,0.008025114869118076,10495.072823286057
0,0,207,0.5102811095276987,0.5621210927931878,0.32895265474268326,117.41067204855487,0.5102811095276987,0.5621210927931878,0.32895265474268326,117.63774800350517,0.0,0.0,0.0,0.0019340316428508937,0.006051901853053526,10495.072823286057
0,0,208,0.3711962311778744,0.751254418978222,0.4389108776968237,137.7433940812374,0.3711962311778744,0.751254418978222,0.4389108776968237,138.17358361402566,0.0,0.0,0.0,0.0031231227868143536,0.012417000053233403,10495.072823286057
0,0,209,0.479789959354231,0.5947088849825881,0.4492627870296749,109.12805560501135,0.479789959354231,0.5947088849825881,0.4492627870296749,109.46115801732803,0.0,0.0,0.0,0.0030523994079243943,0.005945037859931322,10495.072823286057
0,0,210,0.48131581124048634,0.7475756954976936,0.44196023808168505,99.31861705763806,0.48131581124048634,0.7475756954976936,0.44196023808168505,99.57617572619377,0.0,0.0,0.0,0.002593256694323809,0.006989481924812139,10495.072823286057
0,0,211,0.44958074174939383,0.8806877992896807,0.38468103447195123,100.7751927092089,0.44958074174939383,0.8806877992896807,0.38468103447195123,100.90495793959094,0.0,0.0,0.0,0.0012876703769398045,0.009244832122784798,10495.072823286057
0,0,212,0.5186942199721928,0.7724736756472058,0.33943854718898914,135.7537035329242,0.5186942199721928,0.7724736756472058,0.33943854718898914,136.14707480665385,0.0,0.0,0.0,0.00289768355111028,0.00671887510223655,10495.072823286057
0,0,213,0.5259684834524211,0.6068673432723058,0.4707719597025067,137.43192407670938,0.5259684834524211,0.6068673432723058,0.4707719597025067,138.22324689420122,0.0,0.0,0.0,0.005757925771672664,0.004957142601497902,10495.072823286057
0,0,214,0.36327343081870167,0.5980939649506177,0.4908314064361027,115.02734547525031,0.36327343081870167,0.5980939649506177,0.4908314064361027,115.09781837651569,0.0,0.0,0.0,0.0006126621541530657,0.011512443812619694,10495.072823286057
0,0,215,0.4096342392931047,0.7654110098692632,0.3880603807403089,93.76653149877824,0.4096342392931047,0.7654110098692632,0.3880603807403089,94.10718502620816,0.0,0.0,0.0,0.0036329969978079043,0.010550117009989425,10495.072823286057
0,0,216,0.37141398864982417,0.700143600622882,0.4522536888089502,131.6491462915684,0.37141398864982417,0.700143600622882,0.4522536888089502,132.03908370182413,0.0,0.0,0.0,0.002961944085775663,0.01211356479979498,10495.072823286057
0,0,217,0.40727115117698975,0.6003151045190644,0.45693110959215133,105.44521759016101,0.40727115117698975,0.6003151045190644,0.45693110959215133,105.6965319093483,0.0,0.0,0.0,0.0023833638445707656,0.009001315728990817,10495.072823286057
0,0,218,0.46921738254412276,0.7090799111280974,0.41044154798987587,117.74934763501223,0.46921738254412276,0.7090799111280974,0.41044154798987587,118.01370226914327,0.0,0.0,0.0,0.002245062409606367,0.007513365507193923,10495.072823286057
0,0,219,0.3593310940022716,0.5927620416930478,0.428297614188786,111.00850192146963,0.3593310940022716,0.5927620416930478,0.428297614188786,111.24069833135238,0.0,0.0,0.0,0.002091699337110309,0.011702991263902134,10495.072823286057
0,0,220,0.393799199156168,0.6032498596781544,0.3177116746522558,134.5744804750575,0.393799199156168,0.6032498596781544,0.3177116746522558,135.0475529063417,0.0,0.0,0.0,0.003515320509610954,0.00983557255890674,10495.072823286057
0,0,221,0.41342011644097276,0.8831248447024715,0.47031361397022614,146.0600827023153,0.41342011644097276,0.8831248447024715,0.47031361397022614,146.5943692559815,0.0,0.0,0.0,0.003657991586620692,0.01003776578137151,10495.072823286057
0,0,222,0.3273535799372797,0.7296475301533468,0.4214929052705335,96.88383094206768,0.3273535799372797,0.7296475301533468,0.4214929052705335,97.0930384673083,0.0,0.0,0.0,0.0021593647072618953,0.014429633359988005,10495.072823286057
0,0,223,0.4172161980212253,0.6494951523032994,0.34329713635737696,143.56354579604024,0.4172161980212253,0.6494951523032994,0.34329713635737696,144.3136392045939,0.0,0.0,0.0,0.00522481807198678,0.00934628120663894,10495.072823286057
0,0,224,0.4053096657350554,0.5691300035285437,0.3738141237100454,150.92777666859445,0.4053096657350554,0.5691300035285437,0.3738141237100454,151.7271157945553,0.0,0.0,0.0,0.005296169754862431,0.008991404339048926,10495.072823286057
0,0,225,0.39870499965023576,0.5990042299141679,0.313347231009368,125.7607223996661,0.39870499965023576,0.5990042299141679,0.313347231009368,126.33279904670995,0.0,0.0,0.0,0.004548929396459769,0.009786125954347052,10495.072823286057
0,0,226,0.45735431281611716,0.6790474024155938,0.46966388076479826,126.53056644667396,0.45735431281611716,0.6790474024155938,0.46966388076479826,126.71654833591559,0.0,0.0,0.0,0.0014698573986074192,0.0076293192973812245,10495.072823286057
0,0,227,0.4847586389932185,0.7331291032446187,0.41815978045935265,119.53103603420521,0.4847586389932185,0.7331291032446187,0.41815978045935265,119.8815527986213,0.0,0.0,0.0,0.0029324330821978353,0.007002102093516865,10495.072823286057
0,0,228,0.3396509535494687,0.7826295520922749,0.4716786854920571,139.06425999313416,0.3396509535494687,0.7826295520922749,0.4716786854920571,139.47206742162945,0.0,0.0,0.0,0.0029325106861779093,0.013598932281822913,10495.072823286057
0,0,229,0.4050284208564967,0.5634231569250232,0.33715782487380586,128.20403811943592,0.4050284208564967,0.5634231569250232,0.33715782487380586,128.6629967015671,0.0,0.0,0.0,0.003579907379388509,0.009127022884102052,10495.072823286057
0,0,230,0.4629198800187038,0.7602176684117717,0.32572884486352727,100.85675313320807,0.4629198800187038,0.7602176684117717,0.32572884486352727,101.04912620976353,0.0,0.0,0.0,0.001907389149255832,0.008452041946921719,10495.072823286057
0,0,231,0.4543559050015979,0.835477272617632,0.3403558268880813,107.3761648178585,0.4543559050015979,0.835477272617632,0.3403558268880813,107.62333912288275,0.0,0.0,0.0,0.0023019476011602725,0.008992853965998767,10495.072823286057
0,0,232,0.46769935817987596,0.6995983830875926,0.3830443861281423,115.57173779485122,0.46769935817987596,0.6995983830875926,0.3830443861281423,115.78223466071707,0.0,0.0,0.0,0.001821352433408049,0.007820831862930271,10495.072823286057
0,0,233,0.329973141913319,0.6939064888986032,0.36029065591993553,118.0672970806626,0.329973141913319,0.6939064888986032,0.36029065591993553,118.37432480632634,0.0,0.0,0.0,0.0026004468066545567,0.014262623974238137,10495.072823286057
0,0,234,0.4305028398793406,0.7751743406856373,0.42495047543564585,140.16902836803575,0.4305028398793406,0.7751743406856373,0.42495047543564585,140.76889831863653,0.0,0.0,0.0,0.004279618383497131,0.009332605393244622,10495.072823286057
0,0,235,0.3203438620693156,0.764761288154904,0.40841250975109306,146.95881331788678,0.3203438620693156,0.764761288154904,0.40841250975109306,147.47916660736115,0.0,0.0,0.0,0.00354081036534226,0.014557837788587404,10495.072823286057
0,0,236,0.51463517088406,0.5370522070571484,0.4656656595979678,109.58274316767003,0.51463517088406,0.5370522070571484,0.4656656595979678,103.20463530627949,0.0,0.0,0.0,0.058203579113104975,0.04066903157483879,10495.072823286057
0,0,237,0.44831338581993435,0.8038685178656478,0.4693992448040891,152.53768230587727,0.44831338581993435,0.8038685178656478,0.4693992448040891,153.06228666805367,0.0,0.0,0.0,0.0034391787933714495,0.008237004604646039,10495.072823286057
0,0,238,0.45042284939475263,0.8375190309850586,0.3995397471750513,108.33505309950695,0.45042284939475263,0.8375190309850586,0.3995397471750513,108.56476546389912,0.0,0.0,0.0,0.002120388164495359,0.009155836202599823,10495.072823286057
0,0,239,0.3502722062690421,0.7092464929639385,0.44907068036444,121.83395518462875,0.3502722062690421,0.7092464929639385,0.44907068036444,122.11599709719238,0.0,0.0,0.0,0.002314969682599714,0.013585263610429917,10495.072823286057
0,0,240,0.3861867245372255,0.676337947051896,0.41494756386543846,125.39998545438425,0.3861867245372255,0.676337947051896,0.41494756386543846,125.58492869312781,0.0,0.0,0.0,0.0014748266363302915,0.011246396282667121,10495.072823286057
0,0,241,0.43554883906778286,0.7347389952304827,0.4748233062481482,99.15190381193581,0.43554883906778286,0.7347389952304827,0.4748233062481482,99.38585649651417,0.0,0.0,0.0,0.0023595379975971,0.008634852147775807,10495.072823286057
0,0,242,0.4731622821148647,0.8237303788743358,0.4424320140054331,119.37035044915612,0.4731622821148647,0.8237303788743358,0.4424320140054331,119.72226682048215,0.0,0.0,0.0,0.002948105371240575,0.007674507083735357,10495.072823286057
0,0,243,0.5154632464522646,0.5434869433879628,0.4605879937587271,131.3780390788744,0.5154632464522646,0.5434869433879628,0.4605879937587271,132.48731363928425,0.0,0.0,0.0,0.008443378879661095,0.03914774459145376,10495.072823286057
0,0,244,0.3251776348669531,0.6505017912498109,0.37565452894778223,104.75283298805502,0.3251776348669531,0.6505017912498109,0.37565452894778223,104.97868658963702,0.0,0.0,0.0,0.0021560619903020365,0.014191097250097862,10495.072823286057
0,0,245,0.4520887787197591,0.6884305168958222,0.44316096691638196,116.96481770024755,0.4520887787197591,0.6884305168958222,0.44316096691638196,117.25592492165435,0.0,0.0,0.0,0.002488844313448523,0.007862031061870415,10495.072823286057
0,0,246,0.327932120498417,0.7865734660005176,0.4466090597602781,98.8840501482808,0.327932120498417,0.7865734660005176,0.4466090597602781,99.11086432556768,0.0,0.0,0.0,0.002293738747014826,0.01477129799238948,10495.072823286057
0,0,247,0.4147125715035996,0.69409814494514,0.48297519612416595,131.10878982885228,0.4147125715035996,0.69409814494514,0.48297519612416595,131.4625278552533,0.0,0.0,0.0,0.0026980496644259887,0.009346368368011173,10495.072823286057
0,0,248,0.38137032793314796,0.8451246156902894,0.3647309402643175,139.14821486697693,0.38137032793314796,0.8451246156902894,0.3647309402643175,139.63295934921436,0.0,0.0,0.0,0.003483655774533924,0.012588311246366321,10495.072823286057
0,0,249,0.35629984196190617,0.6088670337585349,0.32914681206644014,145.05177298958372,0.35629984196190617,0.6088670337585349,0.32914681206644014,146.00251512189382,0.0,0.0,0.0,0.0065545019734324144,0.01184304835260125,10495.072823286057
0,0,250,0.35041218021195364,0.5326107724857062,0.3433196928925634,116.75183106188533,0.35041218021195364,0.5326107724857062,0.3433196928925634,117.07714389480701,0.0,0.0,0.0,0.0027863617209502025,0.01211440062199537,10495.072823286057
0,0,251,0.31692752989101775,0.6010444225304983,0.4981724357818414,142.9333926141503,0.31692752989101775,0.6010444225304983,0.4981724357818414,143.2578097731295,0.0,0.0,0.0,0.002269708659717944,0.01287659790685817,10495.072823286057
0,0,252,0.3420903178753152,0.6126488168995977,0.4533653103789346,151.0523895853536,0.3420903178753152,0.6126488168995977,0.4533653103789346,151.6373359795542,0.0,0.0,0.0,0.003872473621941981,0.013035340790895314,10495.072823286057
0,0,253,0.3911563817056912,0.8114260697141225,0.32934385358472035,127.6080348134695,0.3911563817056912,0.8114260697141225,0.32934385358472035,128.0481553954454,0.0,0.0,0.0,0.0034490036824032953,0.011302823127653837,10495.072823286057
0,0,254,0.4424377049565529,0.8129148008312689,0.3557264550319948,119.60209445919214,0.4424377049565529,0.8129148008312689,0.3557264550319948,119.92125120987747,0.0,0.0,0.0,0.0026684879736300813,0.009339411290031224,10495.072823286057
0,0,255,0.3958509507041184,0.5814574871824865,0.43518996919910546,128.5849672988433,0.3958509507041184,0.5814574871824865,0.43518996919910546,128.95283701623524,0.0,0.0,0.0,0.00286090765600121,0.009406056387985359,10495.072823286057
0,0,256,0.42330426015581973,0.7548762920263619,0.42105174640516063,98.3222604578214,0.42330426015581973,0.7548762920263619,0.42105174640516063,98.5611594205263,0.0,0.0,0.0,0.0024297545804225886,0.009600322889442042,10495.072823286057
0,0,257,0.37974874819714005,0.6756850205201878,0.33766403723784066,138.7983489733331,0.37974874819714005,0.6756850205201878,0.33766403723784066,139.36535189100852,0.0,0.0,0.0,0.004085084022032182,0.011047159092599672,10495.072823286057
0,0,258,0.45875499738223363,0.8047719614057239,0.30323276159873,99.83889220187494,0.45875499738223363,0.8047719614057239,0.30323276159873,99.98363936049613,0.0,0.0,0.0,0.001449807338892607,0.008884089601247067,10495.072823286057
0,0,259,0.3679870581084259,0.7247289835095454,0.3154988836666645,151.70640498495948,0.3679870581084259,0.7247289835095454,0.3154988836666645,152.47017713999782,0.0,0.0,0.0,0.005034541258255121,0.011891136745065744,10495.072823286057
0,0,260,0.42022737161463486,0.6157118310015103,0.31352155163846523,138.3036377426321,0.42022737161463486,0.6157118310015103,0.31352155163846523,139.051533143708,0.0,0.0,0.0,0.005407633618919406,0.009089102249242191,10495.072823286057
0,0,261,0.48806730748895183,0.7271595230276305,0.4268617608557317,104.3249947350283,0.48806730748895183,0.7271595230276305,0.4268617608557317,104.58151537523972,0.0,0.0,0.0,0.00245886080189075,0.006791067106289218,10495.072823286057
0,0,262,0.43346399932575447,0.5949132482482364,0.40131370331623173,115.12536070636656,0.43346399932575447,0.5949132482482364,0.40131370331623173,115.41344265272002,0.0,0.0,0.0,0.002502332627545258,0.00782179362528177,10495.072823286057
0,0,263,0.5195702039450001,0.7170236197034207,0.340472235869969,109.83151249402268,0.5195702039450001,0.7170236197034207,0.340472235869969,110.0907381012268,0.0,0.0,0.0,0.002360211576055981,0.006583614824761012,10495.072823286057
0,0,264,0.4326331889869483,0.8336207790193341,0.3674301352954605,150.2756077603637,0.4326331889869483,0.8336207790193341,0.3674301352954605,150.95220972602584,0.0,0.0,0.0,0.00450240711547202,0.009808735804189919,10495.072823286057
0,0,265,0.3672123010740665,0.8581327923945604,0.44579421719558293,151.99917007579376,0.3672123010740665,0.8581327923945604,0.44579421719558293,152.51820901989942,0.0,0.0,0.0,0.0034147485400534945,0.012686121633102372,10495.072823286057
0,0,266,0.51709995590951,0.5893390063965035,0.4404137818486799,108.73483800958103,0.51709995590951,0.5893390063965035,0.4404137818486799,108.99464769591575,0.0,0.0,0.0,0.0023893877168587557,0.004866178864836838,10495.072823286057
0,0,267,0.4460188703724461,0.6231862634387253,0.3921998931904178,118.29641992516015,0.4460188703724461,0.6231862634387253,0.3921998931904178,118.51613498904436,0.0,0.0,0.0,0.001857326401113499,0.007719689986733504,10495.072823286057
0,0,268,0.33018734546298284,0.7548267011028168,0.43518331604847094,148.71104200627045,0.33018734546298284,0.7548267011028168,0.43518331604847094,149.1925093343519,0.0,0.0,0.0,0.003237603083039142,0.014036021250736174,10495.072823286057
0,0,269,0.46694238047390235,0.6003643798241409,0.42404169154954535,123.13126122084117,0.46694238047390235,0.6003643798241409,0.42404169154954535,123.51331471881211,0.0,0.0,0.0,0.003102814786293095,0.006484642180742571,10495.072823286057
0,0,270,0.4637223416766017,0.6439040666389632,0.3242394197723255,113.97447010088298,0.4637223416766017,0.6439040666389632,0.3242394197723255,114.25903530796616,0.0,0.0,0.0,0.002496745164345112,0.007889507510484037,10495.072823286057
0,0,271,0.5129857035942587,0.8128318962093557,0.3020038247920634,106.1833260741547,0.5129857035942587,0.8128318962093557,0.3020038247920634,106.40226523867302,0.0,0.0,0.0,0.0020618977820059847,0.00790099839378382,10495.072823286057
0,0,272,0.37834698931504585,0.8674125776286683,0.38068741105025516,105.11350603550433,0.37834698931504585,0.8674125776286683,0.38068741105025516,105.36539293868694,0.0,0.0,0.0,0.002396332428465742,0.01259065369372462,10495.072823286057
0,0,273,0.49804184950469194,0.8545099021407536,0.36034959508713515,115.94988151493638,0.49804184950469194,0.8545099021407536,0.36034959508713515,116.3705369228875,0.0,0.0,0.0,0.0036279071824401013,0.00787639065491649,10495.072823286057
0,0,274,0.47549955137100336,0.6277614502127626,0.45788448073623916,121.92749339661376,0.47549955137100336,0.6277614502127626,0.45788448073623916,122.22542987922533,0.0,0.0,0.0,0.002443554561090075,0.006338342247735267,10495.072823286057
0,0,275,0.45303120285159604,0.8502819832680458,0.3058635226899593,115.30707766007114,0.45303120285159604,0.8502819832680458,0.3058635226899593,115.63667349165671,0.0,0.0,0.0,0.002858418045744105,0.00916856372312832,10495.072823286057
0,0,276,0.4790495972295576,0.7459284507194883,0.3222617148497485,149.3852083476478,0.4790495972295576,0.7459284507194883,0.3222617148497485,150.1326999861341,0.0,0.0,0.0,0.0050037861629965005,0.007946479029431134,10495.072823286057
0,0,277,0.5211845903129578,0.5374052148645928,0.38713601650613433,115.55256389206549,0.5211845903129578,0.5374052148645928,0.38713601650613433,117.7888874733014,0.0,0.0,0.0,0.01935330126750625,0.02893286651455749,10495.072823286057
0,0,278,0.5063883657410383,0.5472306843599299,0.4710063700525634,107.71673557961353,0.5063883657410383,0.5472306843599299,0.4710063700525634,111.4871133086318,0.0,0.0,0.0,0.03500271066264898,0.019777278643588386,10495.072823286057
0,0,279,0.3353602722822655,0.6974231965809906,0.358824935091255,128.71870760942244,0.3353602722822655,0.6974231965809906,0.358824935091255,129.06375772928718,0.0,0.0,0.0,0.002680652457385915,0.013979588474577039,10495.072823286057
0,0,280,0.49623696049223526,0.8466369986972865,0.45314170531151315,95.76241255519722,0.49623696049223526,0.8466369986972865,0.45314170531151315,96.13197165415903,0.0,0.0,0.0,0.0038591247766319842,0.0069761791783155775,10495.072823286057
0,0,281,0.3270921424662645,0.6494423372347103,0.47520075549144525,153.17996939523243,0.3270921424662645,0.6494423372347103,0.47520075549144525,153.57579850893129,0.0,0.0,0.0,0.0025840788143620813,0.013393242424727524,10495.072823286057
0,0,282,0.42888105810559696,0.8112212936309939,0.36586727679087655,144.8802062647363,0.42888105810559696,0.8112212936309939,0.36586727679087655,145.43925008031727,0.0,0.0,0.0,0.0038586624770497327,0.009710193806083827,10495.072823286057
0,0,283,0.4888325912515506,0.558315960986898,0.4925155315185643,115.2317465267845,0.4888325912515506,0.558315960986898,0.4925155315185643,115.02731756768267,0.0,0.0,0.0,0.001774068043430333,0.007358616769762909,10495.072823286057
0,0,284,0.3539516713449036,0.7170117700439468,0.4244257020272726,94.79934972416359,0.3539516713449036,0.7170117700439468,0.4244257020272726,95.03470354514778,0.0,0.0,0.0,0.0024826522720777424,0.013601140865012216,10495.072823286057
0,0,285,0.3478699878780012,0.6546423601992597,0.34436746400399265,131.4430152719843,0.3478699878780012,0.6546423601992597,0.34436746400399265,131.8085398809368,0.0,0.0,0.0,0.002780859889710636,0.012572285411065712,10495.072823286057
0,0,286,0.3345581552868218,0.7933625616568424,0.39570449540757696,112.11284356082297,0.3345581552868218,0.7933625616568424,0.39570449540757696,112.3785962335932,0.0,0.0,0.0,0.00237040346431012,0.01420651359633764,10495.072823286057
0,0,287,0.5211257969098527,0.8822338038437789,0.480078193326275,153.80069060075772,0.5211257969098527,0.8822338038437789,0.480078193326275,154.18253533943815,0.0,0.0,0.0,0.002482724474050878,0.005666254451466608,10495.072823286057
0,0,288,0.3345973398570201,0.6526652902467663,0.32884211514857437,123.43441750914016,0.3345973398570201,0.6526652902467663,0.32884211514857437,123.72974284076267,0.0,0.0,0.0,0.002392568763089426,0.013228470122444484,10495.072823286057
0,0,289,0.5135659082676385,0.7191603400060927,0.488845015564598,135.73042667766543,0.5135659082676385,0.7191603400060927,0.488845015564598,136.17786576849323,0.0,0.0,0.0,0.0032965275493488607,0.005392159960819436,10495.072823286057
0,0,290,0.3270599107447085,0.7122444159928645,0.40384680592594235,110.3252008710757,0.3270599107447085,0.7122444159928645,0.40384680592594235,110.50886854572165,0.0,0.0,0.0,0.0016647844118642613,0.014573615766802595,10495.072823286057
0,0,291,0.34376576706373696,0.5398595165647874,0.3787655921847317,117.51428761728621,0.34376576706373696,0.5398595165647874,0.3787655921847317,117.82307926798686,0.0,0.0,0.0,0.002627694529420083,0.012185489007381665,10495.072823286057
0,0,292,0.3214483621547403,0.6170651672190641,0.45762127875969577,132.34971136435425,0.3214483621547403,0.6170651672190641,0.45762127875969577,132.64694439392005,0.0,0.0,0.0,0.002245815472521358,0.01352556299983139,10495.072823286057
0,0,293,0.5238693918803434,0.8381947170963984,0.42628583926645613,105.40575605944852,0.5238693918803434,0.8381947170963984,0.42628583926645613,105.5955182762914,0.0,0.0,0.0,0.0018003022219759454,0.00614205559923161,10495.072823286057
0,0,294,0.4941396891398534,0.6820448740506405,0.30568130298012414,153.2650255456472,0.4941396891398534,0.6820448740506405,0.30568130298012414,153.9555776580162,0.0,0.0,0.0,0.004505607916160472,0.007335507316384476,10495.072823286057
0,0,295,0.515648904858947,0.6467280841445219,0.39868667427167614,110.7983505117164,0.515648904858947,0.6467280841445219,0.39868667427167614,110.97895123114216,0.0,0.0,0.0,0.0016299946577875378,0.005742934288802751,10495.072823286057
0,0,296,0.4770224611993524,0.8774287198362093,0.4217406829944983,132.1058888135201,0.4770224611993524,0.8774287198362093,0.4217406829944983,132.37938618278537,0.0,0.0,0.0,0.0020702890062027353,0.007790088186578723,10495.072823286057
0,0,297,0.3653338088795916,0.6276733542061759,0.3762788709250004,129.30365793626504,0.3653338088795916,0.6276733542061759,0.3762788709250004,129.67776490159378,0.0,0.0,0.0,0.0028932434804987204,0.011508888755757932,10495.072823286057
0,0,298,0.47106102108174175,0.549225426720238,0.4122926839855594,154.13241696800122,0.47106102108174175,0.549225426720238,0.4122926839855594,154.62749546328692,0.0,0.0,0.0,0.003212033555462103,0.005907837044088555,10495.072823286057
0,0,299,0.36267157046870063,0.6807374044081026,0.30864752768790327,143.3061500965042,0.36267157046870063,0.6807374044081026,0.30864752768790327,143.9593414251275,0.0,0.0,0.0,0.0045580132337894215,0.011702317642184563,10495.072823286057
